OBJECT_NAME,OBJECT_ID,EPOCH,MEAN_MOTION,ECCENTRICITY,INCLINATION,RA_OF_ASC_NODE,ARG_OF_PERICENTER,MEAN_ANOMALY,EPHEMERIS_TYPE,CLASSIFICATION_TYPE,NORAD_CAT_ID,ELEMENT_SET_NO,REV_AT_EPOCH,BSTAR,MEAN_MOTION_DOT,MEAN_MOTION_DDOT
FENGYUN 1C,1999-025A,2026-09-23T04:15:06.324192,14.27272707,.00124013,98.8577,340.9837,341.8149,18.2586,0,U,25730,999,41193,.57577979E-3,.1364E-4,0
FENGYUN 1C DEB,1999-025X,2026-09-23T00:02:05.280864,12.96923595,.0563905,99.2059,283.7228,265.3634,117.2751,0,U,29733,999,92804,.40285452E-3,.203E-5,0
FENGYUN 1C DEB,1999-025Y,2026-09-23T03:39:27.106848,12.92134904,.0611395,99.1656,154.6825,78.5776,69.9942,0,U,29734,999,92220,.35261263E-2,.2176E-4,0
FENGYUN 1C DEB,1999-025Z,2026-09-23T01:18:09.887904,12.75900825,.06987417,99.3798,138.7780,265.1638,86.9393,0,U,29735,999,91040,-.34565042E-3,-.244E-5,0
FENGYUN 1C DEB,1999-025AA,2026-09-23T08:03:08.717184,12.57803020,.07239402,99.4375,36.7105,307.8003,71.3414,0,U,29736,999,90122,.25981085E-2,.1151E-4,0
FENGYUN 1C DEB,1999-025AB,2026-09-23T12:22:08.241024,12.66273496,.06924186,99.5744,179.8897,242.3807,301.8269,0,U,29737,999,90472,-.13152347E-2,-.679E-5,0
FENGYUN 1C DEB,1999-025AC,2026-09-23T07:14:24.647424,12.62470567,.08480086,99.4185,26.9145,35.7777,329.7198,0,U,29738,999,89806,-.13733974E-3,-.132E-5,0
FENGYUN 1C DEB,1999-025AE,2026-09-23T08:39:26.840448,12.08724884,.0970932,99.0653,42.0247,350.5978,7.8002,0,U,29740,999,86373,.27909536E-2,.1042E-4,0
FENGYUN 1C DEB,1999-025AF,2026-09-23T09:58:57.622944,12.01750227,.10252813,99.1869,65.2123,224.6252,158.2182,0,U,29741,999,55602,.30331829E-2,.1181E-4,0
FENGYUN 1C DEB,1999-025AN,2026-09-23T02:36:14.141664,11.92675406,.05735416,100.1161,131.0110,213.5989,142.7418,0,U,29748,999,82121,-.34570678E-1,-.409E-4,0
FENGYUN 1C DEB,1999-025AQ,2026-09-22T00:35:36.246048,14.09862308,.00353331,98.7289,290.9841,217.5390,206.9116,0,U,29750,999,1053,.17691517E-3,.27E-5,0
FENGYUN 1C DEB,1999-025AR,2026-09-23T00:13:12.629280,14.23826360,.00894841,98.5167,290.3253,31.9103,357.9511,0,U,29751,999,2117,.96409926E-4,.188E-5,0
FENGYUN 1C DEB,1999-025AU,2026-09-22T12:49:48.071424,14.20060376,.00366478,98.8949,14.3046,147.4269,273.6813,0,U,29754,999,1367,.52258323E-3,.1075E-4,0
FENGYUN 1C DEB,1999-025AY,2026-09-23T07:27:59.851296,14.44854134,.0021082,98.8664,38.3229,183.2960,206.8321,0,U,29758,999,1777,.11783336E-2,.4064E-4,0
FENGYUN 1C DEB,1999-025BA,2026-09-22T22:30:31.980096,14.08463509,.0131631,98.7711,265.1916,91.8021,269.8230,0,U,29760,999,1092,.17692844E-3,.287E-5,0
FENGYUN 1C DEB,1999-025BC,2026-09-23T11:17:33.272736,14.22948425,.02024059,98.6095,247.6103,227.6701,260.7442,0,U,29762,999,1992,.1022009E-3,.236E-5,0
FENGYUN 1C DEB,1999-025BD,2026-09-22T17:31:06.930048,14.08075457,.01282811,98.7933,242.3999,100.0706,72.4625,0,U,29763,999,1047,.3981679E-4,.31E-6,0
FENGYUN 1C DEB,1999-025BF,2026-09-22T20:22:40.154304,14.02209876,.00584292,98.8164,279.9241,21.0846,102.2277,0,U,29765,999,723,.25174397E-3,.349E-5,0
FENGYUN 1C DEB,1999-025BG,2026-09-23T08:06:41.070240,13.97912239,.01425814,98.7001,205.9241,217.2975,295.9698,0,U,29766,999,99779,.45937317E-3,.668E-5,0
FENGYUN 1C DEB,1999-025BH,2026-09-23T08:05:47.715648,14.05592743,.03250448,98.2191,213.5375,329.1493,183.9042,0,U,29767,999,99595,.10132456E-2,.2612E-4,0
FENGYUN 1C DEB,1999-025BK,2026-09-23T03:36:13.321152,14.14736586,.00912206,99.0869,333.5062,49.3070,311.5983,0,U,29769,999,697,.74017847E-3,.1438E-4,0
FENGYUN 1C DEB,1999-025BL,2026-09-23T04:18:05.197248,14.21661711,.00627107,98.8329,346.8415,174.8488,215.3541,0,U,29770,999,1123,.73960556E-3,.1612E-4,0
FENGYUN 1C DEB,1999-025BM,2026-09-23T05:24:42.333408,15.17562957,.00068246,99.6097,179.9853,305.5256,54.5334,0,U,29771,999,37371,.45184975E-2,.91804E-3,0
FENGYUN 1C DEB,1999-025BN,2026-09-23T11:58:08.563872,14.04035665,.01353568,98.3714,98.6600,203.4613,213.3179,0,U,29772,999,169,.56211907E-3,.925E-5,0
FENGYUN 1C DEB,1999-025BP,2026-09-23T10:28:52.658976,14.28030830,.00470384,99.0216,73.7405,186.4361,229.1278,0,U,29773,999,2259,.23090409E-3,.533E-5,0
FENGYUN 1C DEB,1999-025BQ,2026-09-23T11:15:30.185568,14.22947214,.00509463,99.1071,220.9197,30.2192,90.8867,0,U,29774,999,2125,.11472165E-3,.214E-5,0
FENGYUN 1C DEB,1999-025BS,2026-09-23T14:43:30.114336,14.07911321,.00236954,98.7474,289.8345,184.9997,303.2605,0,U,29776,999,1088,.80523801E-4,.94E-6,0
FENGYUN 1C DEB,1999-025BT,2026-09-23T10:06:59.257152,13.92194669,.00933738,99.2453,328.0490,159.6658,266.4521,0,U,29777,999,1,.74291786E-4,.54E-6,0
FENGYUN 1C DEB,1999-025BV,2026-09-21T07:15:49.578624,14.13673926,.00642491,98.6738,272.0887,78.9276,281.9114,0,U,29779,999,1405,.14200833E-3,.231E-5,0
FENGYUN 1C DEB,1999-025BW,2026-09-22T06:20:12.751872,14.22820727,.00430476,99.2813,205.8855,44.6249,315.8380,0,U,29780,999,1105,.99832407E-3,.2214E-4,0
FENGYUN 1C DEB,1999-025BX,2026-09-23T10:21:48.957696,14.05754743,.00728612,98.8279,257.9271,95.0020,61.5786,0,U,29781,999,640,.51872796E-3,.825E-5,0
FENGYUN 1C DEB,1999-025BY,2026-09-22T09:38:01.253760,14.12725009,.00553167,99.0806,327.9351,126.4730,293.6814,0,U,29782,999,674,.69130172E-3,.1256E-4,0
FENGYUN 1C DEB,1999-025CA,2026-09-23T14:09:50.069376,14.31205556,.0058728,98.9522,198.7849,186.0186,349.0299,0,U,29784,999,2430,.23715579E-3,.591E-5,0
FENGYUN 1C DEB,1999-025CC,2026-09-23T14:06:56.346624,14.09237773,.00770435,98.7242,279.9969,216.2413,265.6048,0,U,29786,999,1171,.72996967E-4,.88E-6,0
FENGYUN 1C DEB,1999-025CE,2026-09-23T11:06:52.955424,14.27735368,.00415029,98.7680,343.9089,83.6232,288.7889,0,U,29788,999,1417,.69155798E-3,.1678E-4,0
FENGYUN 1C DEB,1999-025CF,2026-09-19T23:13:03.880992,13.54936578,.0295694,99.4653,79.1821,288.4049,227.7526,0,U,29789,999,96795,.94676E-3,.817E-5,0
FENGYUN 1C DEB,1999-025CG,2026-09-23T00:04:46.981056,14.32698908,.00771224,99.1518,280.7511,72.5718,288.3878,0,U,29790,999,2596,.16570531E-3,.418E-5,0
FENGYUN 1C DEB,1999-025CH,2026-09-23T14:38:41.103744,14.61597024,.00369475,99.0291,297.6056,273.5295,206.0964,0,U,29791,999,3003,.61440934E-3,.3026E-4,0
FENGYUN 1C DEB,1999-025CJ,2026-09-22T01:30:55.218240,14.16205821,.00472745,98.7337,315.3419,305.1368,54.5381,0,U,29792,999,949,.60236262E-3,.1162E-4,0
FENGYUN 1C DEB,1999-025CK,2026-09-20T05:53:47.069088,14.01980339,.0138903,98.3794,63.8275,263.7166,222.9898,0,U,29793,999,1,.67563E-3,.108E-4,0
FENGYUN 1C DEB,1999-025CL,2026-09-23T08:54:09.388800,14.09641846,.01544421,98.2343,45.3047,302.9263,81.6855,0,U,29794,999,846,.33667076E-3,.619E-5,0
FENGYUN 1C DEB,1999-025CM,2026-09-23T07:44:20.384160,13.93023500,.01113427,98.9075,29.4531,215.9013,170.6756,0,U,29795,999,15,.36189054E-4,.7E-7,0
FENGYUN 1C DEB,1999-025CN,2026-09-23T02:42:09.789984,14.12961536,.00524479,98.8357,319.5673,181.2743,208.2729,0,U,29796,999,1074,.37289509E-3,.66E-5,0
FENGYUN 1C DEB,1999-025CQ,2026-09-23T10:42:43.180704,14.00590286,.01077465,99.2931,339.8353,213.2222,210.7130,0,U,29798,999,99909,.88173622E-3,.1332E-4,0
FENGYUN 1C DEB,1999-025CS,2026-09-19T17:11:50.118720,13.99940523,.01315692,98.2808,262.7194,154.7936,262.6928,0,U,29800,999,99506,.11503095E-2,.1784E-4,0
FENGYUN 1C DEB,1999-025CT,2026-09-23T05:40:31.104768,14.36141446,.01039908,98.7764,177.8014,147.1926,12.2455,0,U,29801,999,3023,.70478078E-4,.171E-5,0
FENGYUN 1C DEB,1999-025CU,2026-09-23T08:12:56.338272,14.69972121,.00333799,98.6333,34.9852,172.3356,214.4906,0,U,29802,999,2643,.15497029E-2,.9321E-4,0
FENGYUN 1C DEB,1999-025CW,2026-09-23T12:37:58.144224,14.04390704,.00972027,98.8065,271.1261,223.6581,268.9206,0,U,29804,999,886,.70508329E-4,.74E-6,0
FENGYUN 1C DEB,1999-025CX,2026-09-22T22:57:23.102496,13.72736851,.01880178,99.4161,318.0242,209.3878,149.6593,0,U,29805,999,98602,.10834433E-3,.69E-6,0
FENGYUN 1C DEB,1999-025CY,2026-09-23T07:45:44.732160,14.12474721,.00288966,98.7028,279.0048,160.7455,213.0012,0,U,29806,999,1152,.31212911E-3,.536E-5,0
FENGYUN 1C DEB,1999-025CZ,2026-09-23T05:34:41.871648,14.08870066,.00786581,98.7605,267.7661,247.5174,111.7654,0,U,29807,999,1096,.17106892E-3,.261E-5,0
FENGYUN 1C DEB,1999-025DB,2026-09-23T12:11:20.310144,14.47108419,.0114434,98.8946,248.8111,215.9554,272.4936,0,U,29809,999,3585,.10373244E-3,.355E-5,0
FENGYUN 1C DEB,1999-025DC,2026-09-23T03:08:22.269120,14.29463038,.00654364,99.1702,323.2668,277.9515,109.6177,0,U,29810,999,2437,.13692432E-3,.308E-5,0
FENGYUN 1C DEB,1999-025DE,2026-09-23T11:01:28.462944,14.02903320,.01416089,98.3576,76.9546,242.2002,176.0507,0,U,29812,999,43,.58807947E-3,.956E-5,0
FENGYUN 1C DEB,1999-025DF,2026-09-21T22:08:24.082944,14.09523237,.0013223,98.7125,280.8227,140.0884,337.6096,0,U,29813,999,1249,.99430098E-4,.132E-5,0
FENGYUN 1C DEB,1999-025DH,2026-09-23T00:23:34.158048,14.65813755,.01764562,98.0536,273.7925,318.2766,40.5090,0,U,29815,999,4013,.37765884E-3,.2537E-4,0
FENGYUN 1C DEB,1999-025DJ,2026-09-23T14:17:41.828064,14.46644558,.02325673,98.9576,148.3252,47.4819,16.6107,0,U,29816,999,2302,.61025659E-3,.303E-4,0
FENGYUN 1C DEB,1999-025DK,2026-09-23T12:48:31.866624,14.14583970,.00108512,98.5830,249.2874,279.5811,200.3245,0,U,29817,999,1419,.21687863E-3,.375E-5,0
FENGYUN 1C DEB,1999-025DL,2026-09-23T13:44:12.658272,14.04676788,.01137025,98.6807,137.2487,305.6750,111.3178,0,U,29818,999,803,.17804079E-3,.259E-5,0
FENGYUN 1C DEB,1999-025DM,2026-09-23T12:26:48.969312,14.02469629,.01904872,98.7642,244.1283,350.7847,130.5145,0,U,29819,999,612,.18501928E-3,.291E-5,0
FENGYUN 1C DEB,1999-025DN,2026-09-23T13:42:48.373344,14.02985616,.00722993,98.8346,270.1579,162.1594,325.3983,0,U,29820,999,549,.73747797E-4,.75E-6,0
FENGYUN 1C DEB,1999-025DP,2026-09-22T02:28:03.395712,14.12207459,.0371607,98.8382,322.1534,36.8866,353.8098,0,U,29821,999,509,.24824295E-3,.827E-5,0
FENGYUN 1C DEB,1999-025DV,2026-09-22T11:51:21.765888,14.22039450,.00245958,98.6240,255.0169,216.0653,270.1541,0,U,29827,999,1885,.16722479E-3,.328E-5,0
FENGYUN 1C DEB,1999-025DW,2026-09-23T09:14:18.282912,14.08784391,.00619115,98.7461,308.6152,74.2096,353.4425,0,U,29828,999,737,.22090006E-3,.346E-5,0
FENGYUN 1C DEB,1999-025EA,2026-09-23T14:44:27.568608,14.57060327,.01926981,98.8518,40.1763,134.1178,227.6055,0,U,29832,999,4403,.12259911E-3,.648E-5,0
FENGYUN 1C DEB,1999-025EB,2026-09-22T01:19:01.627680,14.97128597,.00814755,99.0760,296.5791,67.5631,293.4191,0,U,29833,999,4803,.4671056E-3,.5691E-4,0
FENGYUN 1C DEB,1999-025ED,2026-09-23T09:01:24.602016,14.43572549,.01658055,99.0674,57.4896,273.0026,115.2374,0,U,29835,999,3599,.63467632E-4,.194E-5,0
FENGYUN 1C DEB,1999-025EE,2026-09-22T05:30:25.716384,14.55209798,.01529424,98.1873,0.3647,45.8183,344.4497,0,U,29836,999,67677,.1575895E-3,.746E-5,0
FENGYUN 1C DEB,1999-025EK,2026-09-23T10:12:49.476096,14.47269742,.01980786,98.8540,231.1170,198.7039,282.6284,0,U,29841,999,3437,.11086972E-3,.458E-5,0
FENGYUN 1C DEB,1999-025EL,2026-09-23T12:20:19.252608,14.63036559,.01029717,98.5670,9.2987,4.4189,53.7555,0,U,29842,999,3508,.39377788E-3,.2123E-4,0
FENGYUN 1C DEB,1999-025EM,2026-09-23T13:51:11.198880,14.28968323,.01913388,99.0124,120.0587,185.1842,232.9839,0,U,29843,999,2339,.1436459E-3,.39E-5,0
FENGYUN 1C DEB,1999-025EN,2026-09-23T04:32:00.906432,14.32725440,.01678295,98.9214,181.1268,56.2700,305.4350,0,U,29844,999,2414,.3131166E-3,.946E-5,0
FENGYUN 1C DEB,1999-025EP,2026-09-23T13:59:12.063264,14.27006638,.00774723,98.5320,264.6947,18.4001,104.1977,0,U,29845,999,2170,.22094017E-3,.512E-5,0
FENGYUN 1C DEB,1999-025EQ,2026-09-23T02:42:17.356896,14.19239210,.00842888,98.6191,305.7506,203.2208,179.6812,0,U,29846,999,1891,.69261408E-4,.108E-5,0
FENGYUN 1C DEB,1999-025ER,2026-09-23T11:40:58.445184,14.03177152,.00841012,98.9195,261.4994,326.1956,162.3178,0,U,29847,999,729,.60128304E-4,.53E-6,0
FENGYUN 1C DEB,1999-025ES,2026-09-23T14:30:51.247584,14.21836998,.01140025,98.2243,119.3001,180.5466,248.0914,0,U,29848,999,1148,.63529604E-3,.1456E-4,0
FENGYUN 1C DEB,1999-025ET,2026-09-23T05:12:28.544256,14.05756809,.00790297,99.0017,353.6488,331.1606,56.6405,0,U,29849,999,366,.51067499E-3,.812E-5,0
FENGYUN 1C DEB,1999-025EU,2026-09-23T04:56:50.360352,14.00720809,.01053121,98.1133,166.2872,199.4711,313.4786,0,U,29850,999,1,.35238532E-3,.514E-5,0
FENGYUN 1C DEB,1999-025EV,2026-09-23T03:11:21.653664,13.83785832,.01417842,99.5471,316.9413,196.1894,188.6651,0,U,29851,999,99300,.22233984E-3,.22E-5,0
FENGYUN 1C DEB,1999-025EW,2026-09-23T00:43:37.558848,14.08636238,.0133738,99.3603,291.4681,83.2754,308.9328,0,U,29852,999,99985,.84707424E-3,.1536E-4,0
FENGYUN 1C DEB,1999-025EX,2026-09-22T06:42:24.390144,13.94574074,.01599679,98.4726,8.4368,153.9686,206.9633,0,U,29853,999,99620,.64081174E-3,.914E-5,0
FENGYUN 1C DEB,1999-025EY,2026-09-23T08:32:38.552064,13.83553151,.01461518,98.9653,58.7065,4.6584,23.8972,0,U,29854,999,99279,.18103649E-3,.175E-5,0
FENGYUN 1C DEB,1999-025EZ,2026-09-23T05:56:46.485600,14.03301505,.01796442,98.1813,184.3973,317.9999,195.7735,0,U,29855,999,99700,.96257321E-3,.1694E-4,0
FENGYUN 1C DEB,1999-025FA,2026-09-23T13:52:22.268928,14.56607665,.0236463,98.6909,16.0466,150.5974,224.0862,0,U,29856,999,511,.23855231E-2,.15561E-3,0
FENGYUN 1C DEB,1999-025FB,2026-09-23T09:15:37.296576,13.82748678,.01893906,98.4355,248.9380,237.4544,120.8195,0,U,29857,999,98708,.72391523E-3,.865E-5,0
FENGYUN 1C DEB,1999-025FC,2026-09-23T06:05:56.637600,13.78503405,.01948375,99.2160,4.7514,31.0770,356.0933,0,U,29858,999,98473,.50442847E-3,.546E-5,0
FENGYUN 1C DEB,1999-025FD,2026-09-23T09:58:08.566752,13.75190807,.02931184,98.3511,70.7777,163.0423,198.0783,0,U,29859,999,97891,.15790315E-2,.2033E-4,0
FENGYUN 1C DEB,1999-025FE,2026-09-23T00:19:07.658112,13.78845397,.02167277,98.6003,278.8131,297.1713,89.5590,0,U,29860,999,98055,.12634202E-2,.1493E-4,0
FENGYUN 1C DEB,1999-025FK,2026-09-23T08:27:47.459232,14.86207927,.01079128,98.9305,215.9169,318.4526,193.8967,0,U,29865,999,4981,.51571543E-3,.496E-4,0
FENGYUN 1C DEB,1999-025FL,2026-09-23T14:24:16.693344,14.65410887,.01927785,98.0638,251.4904,35.9213,55.6354,0,U,29866,999,4497,.25523108E-3,.1759E-4,0
FENGYUN 1C DEB,1999-025FN,2026-09-23T09:45:36.242208,14.81830848,.01874192,97.9130,313.9571,159.0025,201.9017,0,U,29868,999,4507,.38603823E-3,.408E-4,0
FENGYUN 1C DEB,1999-025FP,2026-09-23T08:08:58.951680,14.37410732,.00852537,98.8943,210.8914,251.4362,260.9346,0,U,29869,999,2903,.1578904E-3,.443E-5,0
FENGYUN 1C DEB,1999-025FQ,2026-09-23T11:36:41.234112,14.29074352,.01211341,98.4980,234.7124,74.7738,47.9576,0,U,29870,999,2658,.44750557E-4,.8E-6,0
FENGYUN 1C DEB,1999-025FR,2026-09-23T09:46:37.448832,14.44177232,.00566858,99.0013,240.2466,344.5684,167.6387,0,U,29871,999,2808,.49911682E-3,.1695E-4,0
FENGYUN 1C DEB,1999-025FS,2026-09-23T13:48:47.759328,14.40035033,.0233043,98.3348,280.2273,175.9004,184.4167,0,U,29872,999,2689,.20434641E-3,.835E-5,0
FENGYUN 1C DEB,1999-025FT,2026-09-23T14:25:29.369568,13.98415054,.00924466,99.4082,139.4814,143.6030,284.4519,0,U,29873,999,296,.43075898E-3,.593E-5,0
FENGYUN 1C DEB,1999-025FU,2026-09-22T15:22:02.166240,14.31897730,.00961583,98.3644,157.1609,230.4913,190.1229,0,U,29874,999,902,.88528182E-3,.2452E-4,0
FENGYUN 1C DEB,1999-025FV,2026-09-23T09:23:07.478592,14.24933647,.00811891,98.3653,310.1183,308.9426,60.8548,0,U,29875,999,2369,.30012706E-4,.31E-6,0
FENGYUN 1C DEB,1999-025FW,2026-09-23T08:11:09.079584,14.20454428,.00599648,98.2959,304.9334,266.3632,154.6655,0,U,29876,999,1956,.7884017E-4,.131E-5,0
FENGYUN 1C DEB,1999-025FX,2026-09-22T23:33:20.424096,14.25333817,.00473044,98.5414,268.6787,108.8617,281.3924,0,U,29877,999,2017,.24342869E-3,.538E-5,0
FENGYUN 1C DEB,1999-025GA,2026-09-23T04:07:18.105312,13.94820650,.023154,98.1791,158.0237,24.2688,127.1083,0,U,29880,999,99526,.70934192E-3,.1153E-4,0
FENGYUN 1C DEB,1999-025GB,2026-09-23T13:05:32.442432,13.60565267,.02921589,98.7331,213.4444,49.0045,54.8465,0,U,29881,999,97106,.17796918E-2,.1742E-4,0
FENGYUN 1C DEB,1999-025GE,2026-09-23T04:59:39.146208,14.41317711,.00431255,99.5766,338.8448,33.4205,347.4968,0,U,29884,999,2646,.32211324E-3,.1E-4,0
FENGYUN 1C DEB,1999-025GF,2026-09-23T06:54:43.526592,14.13734355,.01191422,98.3662,188.0903,65.5369,84.8110,0,U,29885,999,1478,.93117264E-4,.149E-5,0
FENGYUN 1C DEB,1999-025GH,2026-09-23T04:48:08.088768,14.35228202,.0281592,98.7047,355.5237,238.1434,149.8683,0,U,29887,999,2052,.37534682E-3,.1625E-4,0
FENGYUN 1C DEB,1999-025GJ,2026-09-23T13:50:58.707168,14.20581257,.02716768,99.1729,115.6119,294.9939,62.3245,0,U,29888,999,1545,.20936802E-3,.595E-5,0
FENGYUN 1C DEB,1999-025GK,2026-09-23T07:56:43.531296,14.13882142,.01528304,99.5138,46.2145,326.6853,61.7587,0,U,29889,999,1336,.17293877E-3,.316E-5,0
FENGYUN 1C DEB,1999-025GL,2026-09-23T08:57:37.396800,14.24319747,.00128338,99.4938,54.8871,359.4049,0.7110,0,U,29890,999,1492,.2726673E-3,.579E-5,0
FENGYUN 1C DEB,1999-025GM,2026-09-23T13:53:56.850144,14.00264783,.00555457,98.7415,260.9519,191.8661,287.5867,0,U,29891,999,472,.45344182E-3,.637E-5,0
FENGYUN 1C DEB,1999-025GN,2026-09-23T10:15:09.564192,14.36961766,.01770719,99.2001,77.4038,189.1429,233.5793,0,U,29892,999,733,.14932448E-2,.5245E-4,0
FENGYUN 1C DEB,1999-025GP,2026-09-23T00:22:33.278880,13.79571603,.01739731,98.5389,339.6419,104.1191,19.2181,0,U,29893,999,99059,.96548628E-4,.75E-6,0
FENGYUN 1C DEB,1999-025GQ,2026-09-23T03:48:16.679232,13.81274729,.01677103,99.4556,326.3110,14.5906,9.8202,0,U,29894,999,99003,.22530717E-3,.221E-5,0
FENGYUN 1C DEB,1999-025GR,2026-09-23T09:03:37.723680,14.11501401,.02936302,99.9080,48.4940,285.8379,97.0359,0,U,29895,999,99536,.10226775E-2,.2723E-4,0
FENGYUN 1C DEB,1999-025GS,2026-09-23T04:17:29.896800,13.65627612,.02398859,99.3912,154.7138,89.1270,59.5082,0,U,29896,999,97924,.37477312E-3,.332E-5,0
FENGYUN 1C DEB,1999-025GT,2026-09-22T19:48:50.385024,13.58148546,.02962351,98.6098,100.7591,118.1686,315.1235,0,U,29897,999,96795,.11371228E-2,.1063E-4,0
FENGYUN 1C DEB,1999-025GU,2026-09-23T11:05:06.914112,13.72493370,.0419758,98.2380,224.3699,139.4876,348.8805,0,U,29898,999,97064,.10614407E-2,.1798E-4,0
FENGYUN 1C DEB,1999-025GV,2026-09-22T06:56:30.992640,13.37578942,.03536323,98.7036,24.8718,86.3072,277.8417,0,U,29899,999,95875,.29995438E-4,-.1E-6,0
FENGYUN 1C DEB,1999-025GX,2026-09-22T07:41:17.679264,13.33408459,.03775413,98.7844,40.7620,299.1365,85.7625,0,U,29901,999,95698,.30530174E-3,.186E-5,0
FENGYUN 1C DEB,1999-025HA,2026-09-22T16:20:33.781920,14.45283253,.02063885,99.0064,326.3023,193.4240,166.1410,0,U,29904,999,3158,.1951494E-3,.829E-5,0
FENGYUN 1C DEB,1999-025HC,2026-09-23T07:24:06.773472,14.53904829,.0032517,98.7151,25.0876,6.2241,353.9352,0,U,29906,999,2285,.98363388E-3,.4118E-4,0
FENGYUN 1C DEB,1999-025HD,2026-09-23T11:33:06.505056,14.12887635,.00838809,99.0945,342.5510,169.3989,205.9684,0,U,29907,999,619,.6799906E-3,.1263E-4,0
FENGYUN 1C DEB,1999-025HF,2026-09-23T07:39:28.576800,14.59974660,.00366644,98.6440,25.9336,219.2023,166.7481,0,U,29909,999,2553,.10759405E-2,.5159E-4,0
FENGYUN 1C DEB,1999-025HH,2026-09-23T14:04:25.205376,14.19576539,.00266036,98.6882,309.5839,54.6658,72.5220,0,U,29911,999,1470,.33454566E-3,.665E-5,0
FENGYUN 1C DEB,1999-025HJ,2026-09-21T21:29:03.471648,14.46024799,.004037,98.7426,15.2894,94.5144,32.1065,0,U,29912,999,2126,.85988095E-3,.3049E-4,0
FENGYUN 1C DEB,1999-025HK,2026-09-23T12:40:15.062304,14.07647068,.00623729,98.8007,262.8538,188.4619,297.6928,0,U,29913,999,961,.23291925E-3,.358E-5,0
FENGYUN 1C DEB,1999-025HL,2026-09-22T21:11:25.228896,14.03240591,.00359575,98.8182,291.0535,43.6780,79.8226,0,U,29914,999,770,.29631284E-3,.422E-5,0
FENGYUN 1C DEB,1999-025HN,2026-09-22T23:34:21.023328,13.57294969,.02698204,99.1863,271.8517,251.3439,134.6131,0,U,29916,999,97308,.39747963E-3,.317E-5,0
FENGYUN 1C DEB,1999-025HP,2026-09-23T10:42:55.607616,13.71038531,.02239092,98.8506,111.3480,91.7112,24.7346,0,U,29917,999,98031,.70433899E-3,.714E-5,0
FENGYUN 1C DEB,1999-025HQ,2026-09-23T12:58:25.881312,14.35549959,.00143055,98.8466,0.8256,196.3967,177.3913,0,U,29918,999,1878,.68562165E-3,.193E-4,0
FENGYUN 1C DEB,1999-025HR,2026-09-23T07:55:35.849856,13.85247015,.01364927,98.5232,39.3324,284.8291,102.8003,0,U,29919,999,99475,.12978678E-3,.119E-5,0
FENGYUN 1C DEB,1999-025HS,2026-09-23T00:16:51.644640,14.04437432,.01230165,98.3710,103.7200,194.5826,165.1782,0,U,29920,999,268,.35037133E-3,.558E-5,0
FENGYUN 1C DEB,1999-025HT,2026-09-22T12:27:10.189152,14.06947993,.00453515,98.7902,268.6066,352.7274,130.6527,0,U,29921,999,866,.21121574E-3,.313E-5,0
FENGYUN 1C DEB,1999-025HU,2026-09-23T02:47:29.624640,13.98722909,.00923152,99.0991,326.8982,305.7686,53.4921,0,U,29922,999,407,.86572398E-4,.84E-6,0
FENGYUN 1C DEB,1999-025HV,2026-09-23T12:38:23.741952,14.14356577,.00185755,98.6884,271.9552,79.6591,48.1783,0,U,29923,999,1298,.27466782E-3,.483E-5,0
FENGYUN 1C DEB,1999-025HW,2026-09-23T00:08:11.285952,14.08959688,.00270161,98.7287,275.0877,172.1426,213.9494,0,U,29924,999,1212,-.4176328E-5,-.5E-6,0
FENGYUN 1C DEB,1999-025HY,2026-09-22T09:45:34.160832,14.33943175,.02475438,98.3098,248.0499,173.0970,348.1932,0,U,29926,999,2644,.71040003E-4,.229E-5,0
FENGYUN 1C DEB,1999-025HZ,2026-09-23T10:04:28.179840,14.84476018,.00141147,99.0647,332.0430,45.6000,17.3240,0,U,29927,999,2857,.12528275E-2,.10515E-3,0
FENGYUN 1C DEB,1999-025JA,2026-09-23T02:12:34.221600,13.88467252,.01427986,99.5589,302.6860,66.2801,319.7559,0,U,29928,999,99437,.36754331E-3,.433E-5,0
FENGYUN 1C DEB,1999-025JB,2026-09-23T12:25:39.876960,14.02458633,.01316442,98.6188,175.5689,98.2294,75.5245,0,U,29929,999,99946,.72349085E-3,.1161E-4,0
FENGYUN 1C DEB,1999-025JC,2026-09-23T04:28:37.225344,14.21100086,.01627693,99.0082,159.7216,320.4686,192.3958,0,U,29930,999,1929,.12750612E-3,.268E-5,0
FENGYUN 1C DEB,1999-025JD,2026-09-23T13:29:59.364960,14.04028031,.003186,98.8277,299.2006,19.4084,110.2449,0,U,29931,999,808,.1372208E-3,.175E-5,0
FENGYUN 1C DEB,1999-025JE,2026-09-22T23:15:23.907744,14.17066604,.00368712,98.6315,273.3159,334.9173,54.2902,0,U,29932,999,1554,.1677509E-3,.297E-5,0
FENGYUN 1C DEB,1999-025JF,2026-09-23T08:12:18.489888,14.75431568,.00064244,98.7548,35.5877,172.4557,214.5319,0,U,29933,999,2689,.15309181E-2,.1036E-3,0
FENGYUN 1C DEB,1999-025JG,2026-09-23T11:20:48.140160,14.65936978,.00989429,98.8717,341.0965,95.4545,265.7952,0,U,29934,999,3938,.5326178E-3,.3074E-4,0
FENGYUN 1C DEB,1999-025JH,2026-09-23T09:50:25.081728,14.14347207,.01516384,98.4222,318.0960,117.2380,310.4998,0,U,29935,999,1566,.57881634E-4,.84E-6,0
FENGYUN 1C DEB,1999-025JJ,2026-09-23T14:07:48.174528,14.35549515,.01145668,98.6837,26.3266,65.0417,296.2619,0,U,29936,999,3018,.65884043E-4,.158E-5,0
FENGYUN 1C DEB,1999-025JK,2026-09-23T13:10:41.065824,14.04409867,.00310081,98.7861,283.5511,303.4199,188.0739,0,U,29937,999,934,-.60048473E-4,-.139E-5,0
FENGYUN 1C DEB,1999-025JL,2026-09-23T13:33:20.615616,14.07590568,.00325844,98.8260,254.6724,227.0469,252.9835,0,U,29938,999,1061,.18964596E-3,.278E-5,0
FENGYUN 1C DEB,1999-025JM,2026-09-23T13:31:37.485984,14.12140208,.00670855,98.7223,263.2657,49.9643,64.9027,0,U,29939,999,1478,.33633399E-4,.21E-6,0
FENGYUN 1C DEB,1999-025JN,2026-09-23T00:23:40.309728,14.19421013,.00736641,98.6197,273.0082,1.0213,22.8599,0,U,29940,999,1497,.33289347E-3,.676E-5,0
FENGYUN 1C DEB,1999-025JQ,2026-09-22T17:42:17.545248,14.31242288,.00499819,98.6093,334.2703,160.6162,199.6937,0,U,29942,999,1929,.32758639E-3,.834E-5,0
FENGYUN 1C DEB,1999-025JR,2026-09-23T13:26:19.951296,14.09719922,.00363276,98.7285,270.6643,140.4889,334.5782,0,U,29943,999,1315,.18928978E-4,-.9E-7,0
FENGYUN 1C DEB,1999-025JS,2026-09-23T11:58:35.388480,14.92930902,.01541976,99.0338,245.8650,41.9560,319.3348,0,U,29944,999,4696,.75118449E-3,.9763E-4,0
FENGYUN 1C DEB,1999-025JT,2026-09-23T13:26:45.415104,14.05671011,.00297665,98.7720,286.3655,281.3709,194.7006,0,U,29945,999,980,.37382722E-4,.18E-6,0
FENGYUN 1C DEB,1999-025JU,2026-09-23T13:42:40.235328,14.08462319,.00792604,98.8004,256.5715,259.7778,226.3338,0,U,29946,999,1044,.21785204E-3,.341E-5,0
FENGYUN 1C DEB,1999-025JV,2026-09-23T01:04:24.839616,14.03225615,.00408433,98.8095,292.9344,48.1218,340.2123,0,U,29947,999,736,-.1647022E-4,-.68E-6,0
FENGYUN 1C DEB,1999-025JW,2026-09-23T05:22:45.363360,14.06314837,.00848186,98.8519,250.7013,155.0802,218.3882,0,U,29948,999,975,-.7808104E-5,-.56E-6,0
FENGYUN 1C DEB,1999-025JX,2026-09-23T13:30:56.403648,14.06869476,.00233916,98.7528,278.2181,220.2627,263.2717,0,U,29949,999,1112,.14603934E-3,.201E-5,0
FENGYUN 1C DEB,1999-025JY,2026-09-23T14:08:41.993088,14.10442352,.00336837,98.7125,294.2782,153.9606,327.5986,0,U,29950,999,1306,.87330359E-4,.114E-5,0
FENGYUN 1C DEB,1999-025KB,2026-09-23T10:43:48.918144,13.91064569,.01046341,98.9641,248.1316,209.8650,302.6913,0,U,29953,999,99820,.17007552E-3,.181E-5,0
FENGYUN 1C DEB,1999-025KC,2026-09-23T12:03:36.439776,14.35375078,.00742524,100.1292,358.6521,186.4396,173.5836,0,U,29954,999,2268,.59045388E-3,.169E-4,0
FENGYUN 1C DEB,1999-025KD,2026-09-23T13:32:59.074368,14.40400166,.00083872,99.2719,15.2218,144.6510,282.7741,0,U,29955,999,2156,.7769072E-3,.2418E-4,0
FENGYUN 1C DEB,1999-025KE,2026-09-23T14:39:47.524608,14.06227982,.00524449,98.7651,291.7913,296.3268,178.6594,0,U,29956,999,1049,.59222629E-4,.56E-6,0
FENGYUN 1C DEB,1999-025KF,2026-09-23T09:11:35.249568,14.59805109,.00308646,98.9194,57.8783,33.2278,349.0329,0,U,29957,999,1605,.17074798E-2,.8167E-4,0
FENGYUN 1C DEB,1999-025KG,2026-09-22T23:10:57.950400,14.14704427,.00535748,98.6608,276.9469,238.9435,120.6473,0,U,29958,999,1463,.15504462E-3,.26E-5,0
FENGYUN 1C DEB,1999-025KH,2026-09-23T01:22:53.312736,14.06157032,.00411311,98.7806,293.4984,247.7885,139.9225,0,U,29959,999,936,.4498643E-5,-.36E-6,0
FENGYUN 1C DEB,1999-025KJ,2026-09-23T11:44:19.718304,14.16826936,.00909244,98.6423,248.5063,187.3959,298.1281,0,U,29960,999,1481,.1930077E-3,.36E-5,0
FENGYUN 1C DEB,1999-025KK,2026-09-23T12:46:25.954176,14.26420223,.00740011,98.9155,164.6314,200.1079,159.7182,0,U,29961,999,2369,.77147759E-4,.145E-5,0
FENGYUN 1C DEB,1999-025KL,2026-09-22T18:30:39.023136,14.07318877,.0110812,98.7693,270.5499,141.0967,31.7299,0,U,29962,999,992,.2196074E-3,.348E-5,0
FENGYUN 1C DEB,1999-025KM,2026-09-23T04:55:17.368032,14.30196329,.00500913,98.9695,164.2276,194.1989,317.9518,0,U,29963,999,2205,.24644364E-3,.6E-5,0
FENGYUN 1C DEB,1999-025KN,2026-09-23T11:33:47.596032,14.03460615,.01298996,98.3657,91.3012,182.8137,177.2315,0,U,29964,999,310,.41897411E-3,.668E-5,0
FENGYUN 1C DEB,1999-025KP,2026-09-23T12:48:51.900192,13.95910319,.01452501,98.9813,258.8577,5.8329,114.4906,0,U,29965,999,239,.54344345E-4,.38E-6,0
FENGYUN 1C DEB,1999-025KQ,2026-09-23T13:20:32.983584,14.26173551,.00382597,99.4578,141.6004,255.6950,103.9978,0,U,29966,999,2102,.19052212E-3,.408E-5,0
FENGYUN 1C DEB,1999-025KR,2026-09-23T04:34:13.806048,14.25233328,.00758611,98.8540,350.1954,190.8289,199.1379,0,U,29967,999,1240,.86247794E-3,.2045E-4,0
FENGYUN 1C DEB,1999-025KS,2026-09-23T11:55:34.162752,14.07419160,.00887639,98.8284,254.3695,273.2951,209.6753,0,U,29968,999,1051,.1856455E-3,.28E-5,0
FENGYUN 1C DEB,1999-025KT,2026-09-23T05:35:17.498688,14.35461673,.00407576,98.7653,359.6378,289.5972,90.9564,0,U,29969,999,1722,.71913334E-3,.2041E-4,0
FENGYUN 1C DEB,1999-025KU,2026-09-23T08:13:27.449184,14.44840208,.00911496,98.8275,210.2043,57.7817,92.5283,0,U,29970,999,3229,.30773757E-3,.1076E-4,0
FENGYUN 1C DEB,1999-025KV,2026-09-23T01:44:36.096864,14.18974313,.00235211,98.6517,304.3535,71.4103,317.8515,0,U,29971,999,1369,.44717436E-3,.892E-5,0
FENGYUN 1C DEB,1999-025KW,2026-09-23T13:39:01.473120,14.69371049,.0060925,98.9023,308.8549,208.5542,294.9991,0,U,29972,999,3663,.46725468E-3,.2781E-4,0
FENGYUN 1C DEB,1999-025KX,2026-09-23T13:19:10.703136,14.07089770,.00597173,98.8520,265.8662,70.1527,41.4829,0,U,29973,999,722,.31435656E-3,.491E-5,0
FENGYUN 1C DEB,1999-025KY,2026-09-23T05:59:40.921152,14.15967232,.00444516,98.8850,354.4959,353.2849,27.8536,0,U,29974,999,950,.8138878E-3,.1575E-4,0
FENGYUN 1C DEB,1999-025KZ,2026-09-23T03:07:59.253888,13.98134684,.0112623,99.3019,316.5773,318.0434,60.2495,0,U,29975,999,407,.87708717E-4,.85E-6,0
FENGYUN 1C DEB,1999-025LA,2026-09-23T13:59:30.319584,13.98373856,.02676899,98.9334,261.5739,171.6305,314.2750,0,U,29976,999,317,.4135033E-3,.76E-5,0
FENGYUN 1C DEB,1999-025LB,2026-09-23T01:09:33.532992,14.05948799,.01267923,98.3727,112.0947,168.5523,345.1969,0,U,29977,999,345,.58841557E-3,.997E-5,0
FENGYUN 1C DEB,1999-025LC,2026-09-23T09:27:52.257312,13.95988272,.00758294,99.0221,316.5830,352.2104,72.3160,0,U,29978,999,286,-.7346472E-5,-.54E-6,0
FENGYUN 1C DEB,1999-025LD,2026-09-23T14:26:29.273280,14.26502568,.0107479,98.3538,281.9955,46.1708,72.8393,0,U,29979,999,2134,.28706509E-3,.694E-5,0
FENGYUN 1C DEB,1999-025LE,2026-09-23T10:13:39.756576,14.06470227,.00879596,98.5855,65.4963,162.0327,254.0123,0,U,29980,999,991,-.12274128E-4,-.62E-6,0
FENGYUN 1C DEB,1999-025LG,2026-09-23T10:21:37.252224,14.68591948,.01192978,99.3813,134.5818,139.6478,346.9863,0,U,29982,999,4460,.22339633E-3,.1375E-4,0
FENGYUN 1C DEB,1999-025LK,2026-09-23T13:51:18.154080,14.10372475,.00295698,98.7020,277.5988,121.9627,3.0889,0,U,29985,999,1363,.36933006E-4,.24E-6,0
FENGYUN 1C DEB,1999-025LL,2026-09-22T06:04:13.545120,14.31056755,.00228956,99.3872,0.1603,256.9875,122.7796,0,U,29986,999,1534,.77278452E-3,.1991E-4,0
FENGYUN 1C DEB,1999-025LM,2026-09-22T15:28:10.974144,14.16532351,.00774686,98.8838,162.0247,142.4728,288.3863,0,U,29987,999,388,.98167076E-3,.197E-4,0
FENGYUN 1C DEB,1999-025LN,2026-09-22T06:33:33.062112,14.54503854,.01125734,98.7076,24.6938,235.1395,154.1013,0,U,29988,999,2181,.10033399E-2,.4599E-4,0
FENGYUN 1C DEB,1999-025LP,2026-09-23T13:00:37.371744,14.16007607,.01244019,98.7008,243.2701,100.1451,25.6517,0,U,29989,999,1637,.94898146E-4,.16E-5,0
FENGYUN 1C DEB,1999-025LS,2026-09-23T13:51:36.476928,14.11707007,.00897232,98.7479,259.3691,79.5613,46.7735,0,U,29992,999,1406,.85198039E-4,.119E-5,0
FENGYUN 1C DEB,1999-025LT,2026-09-23T13:14:14.597376,14.08225377,.00384038,98.7599,300.4529,229.5399,130.2421,0,U,29993,999,1179,.4562223E-5,-.35E-6,0
FENGYUN 1C DEB,1999-025LU,2026-09-23T07:41:40.050816,14.02792959,.01304492,98.7984,294.4837,139.2539,235.4851,0,U,29994,999,716,.27151449E-4,.4E-7,0
FENGYUN 1C DEB,1999-025LW,2026-09-23T02:23:08.224800,14.11019379,.01288919,99.2908,318.0748,15.4440,14.2664,0,U,29996,999,142,.81870411E-3,.1543E-4,0
FENGYUN 1C DEB,1999-025LX,2026-09-22T23:03:01.925280,14.01345680,.00780965,98.8823,273.8100,257.5194,131.3686,0,U,29997,999,366,.57318874E-3,.843E-5,0
FENGYUN 1C DEB,1999-025LY,2026-09-23T11:59:17.038464,14.29599385,.00051513,99.2858,350.5532,205.8381,154.2543,0,U,29998,999,1942,.45794433E-3,.1123E-4,0
FENGYUN 1C DEB,1999-025LZ,2026-09-23T11:51:12.732768,14.20619682,.01883842,98.6053,247.8757,22.7527,101.1292,0,U,29999,999,1765,.25699496E-3,.617E-5,0
FENGYUN 1C DEB,1999-025MA,2026-09-23T05:01:01.914816,14.42438935,.00336187,98.9529,359.5070,332.0130,57.8128,0,U,30001,999,1521,.11336713E-2,.3731E-4,0
FENGYUN 1C DEB,1999-025MC,2026-09-23T10:39:00.233280,13.85838818,.01437562,99.6061,252.9894,85.9802,64.9899,0,U,30003,999,99431,.21518348E-3,.222E-5,0
FENGYUN 1C DEB,1999-025MD,2026-09-23T12:20:59.755200,14.17771857,.00371569,99.2221,103.4308,259.1886,155.8500,0,U,30004,999,1340,.40622731E-3,.786E-5,0
FENGYUN 1C DEB,1999-025ME,2026-09-22T07:37:43.573152,13.52871778,.03459214,99.3262,215.7346,95.7482,268.3196,0,U,30005,999,96780,.930293E-3,.866E-5,0
FENGYUN 1C DEB,1999-025MG,2026-09-23T06:24:26.048160,14.27269910,.00615912,99.1681,186.1318,279.6324,232.6137,0,U,30007,999,1412,.83991928E-3,.2047E-4,0
FENGYUN 1C DEB,1999-025MH,2026-09-22T23:19:09.199200,14.72384908,.00369486,99.3844,269.3972,45.7826,337.0016,0,U,30008,999,3236,.99622762E-3,.6315E-4,0
FENGYUN 1C DEB,1999-025MJ,2026-09-23T09:50:58.801920,14.05597764,.00619565,98.9925,324.2623,258.6170,100.8033,0,U,30009,999,479,.40063516E-3,.618E-5,0
FENGYUN 1C DEB,1999-025MK,2026-09-23T13:49:05.715840,14.25125992,.00739514,99.0534,113.0731,110.8719,310.6898,0,U,30010,999,2316,.62477997E-4,.104E-5,0
FENGYUN 1C DEB,1999-025MM,2026-09-23T09:46:53.439744,13.85920309,.01370044,99.4253,326.9083,108.1506,316.8805,0,U,30012,999,99491,.14553052E-3,.136E-5,0
FENGYUN 1C DEB,1999-025MN,2026-09-23T00:36:07.013952,13.87982803,.01275697,99.5572,297.4763,8.0033,21.6869,0,U,30013,999,99625,.1409695E-3,.132E-5,0
FENGYUN 1C DEB,1999-025MQ,2026-09-23T01:11:52.020096,14.31584637,.00378169,99.2204,291.4325,26.0789,1.2644,0,U,30015,999,2234,.2856394E-3,.717E-5,0
FENGYUN 1C DEB,1999-025MR,2026-09-22T23:16:21.055296,14.85193213,.0040056,98.8847,314.4667,217.8648,264.3497,0,U,30016,999,3665,.78100676E-3,.6725E-4,0
FENGYUN 1C DEB,1999-025MS,2026-09-23T03:23:23.693280,14.61746832,.02159906,98.7167,331.7816,19.1292,341.7861,0,U,30017,999,4598,.71985384E-4,.432E-5,0
FENGYUN 1C DEB,1999-025MT,2026-09-23T06:35:52.802016,14.75532974,.01121594,98.7560,16.6509,22.1673,7.0492,0,U,30018,999,4630,.24478024E-3,.1779E-4,0
FENGYUN 1C DEB,1999-025MV,2026-09-23T14:08:23.688384,14.04891808,.01824451,98.8529,268.4711,353.4092,133.1600,0,U,30020,999,655,.31510914E-3,.544E-5,0
FENGYUN 1C DEB,1999-025MW,2026-09-23T10:42:40.192992,14.04984520,.00722147,98.8574,255.9103,209.2348,312.5586,0,U,30021,999,930,.15238895E-3,.208E-5,0
FENGYUN 1C DEB,1999-025MX,2026-09-23T14:17:28.404096,14.23208612,.00675055,99.0383,127.9247,171.8485,244.0087,0,U,30022,999,2242,.32302163E-4,.28E-6,0
FENGYUN 1C DEB,1999-025MY,2026-09-23T13:53:27.068064,14.12233853,.00464299,99.2751,115.2778,348.8061,71.1060,0,U,30023,999,1216,.24918293E-3,.415E-5,0
FENGYUN 1C DEB,1999-025ND,2026-09-22T22:47:36.537216,14.56648052,.01735854,98.1648,256.9832,66.2626,323.5006,0,U,30028,999,3858,.31808985E-3,.169E-4,0
FENGYUN 1C DEB,1999-025NL,2026-09-23T10:23:55.040352,14.37096798,.0113865,99.2825,208.3165,313.0863,171.6617,0,U,30035,999,3213,.4578366E-4,.92E-6,0
FENGYUN 1C DEB,1999-025NM,2026-09-23T00:29:37.025952,14.47132052,.01889008,98.2291,290.5844,60.6591,330.7566,0,U,30036,999,3284,.27498105E-3,.1204E-4,0
FENGYUN 1C DEB,1999-025NN,2026-09-23T09:41:56.913216,14.34437069,.01715674,98.4179,239.3285,287.6146,226.3760,0,U,30037,999,2868,.93202415E-4,.26E-5,0
FENGYUN 1C DEB,1999-025NP,2026-09-22T09:38:10.794048,14.39998674,.02541781,98.3938,252.2435,330.1375,191.0561,0,U,30038,999,2973,.21143637E-3,.918E-5,0
FENGYUN 1C DEB,1999-025NR,2026-09-23T12:40:52.762944,14.39386282,.00319153,98.2256,276.1195,171.2016,318.9849,0,U,30040,999,2008,.79801352E-3,.2456E-4,0
FENGYUN 1C DEB,1999-025NS,2026-09-23T14:09:29.024928,14.13596591,.00353727,99.4916,34.7782,144.8146,229.3105,0,U,30041,999,1308,.25735333E-3,.439E-5,0
FENGYUN 1C DEB,1999-025NU,2026-09-22T04:49:03.426240,14.24770591,.0279009,98.6297,3.4030,25.7166,335.7588,0,U,30043,999,1373,.21787961E-3,.711E-5,0
FENGYUN 1C DEB,1999-025NV,2026-09-22T17:11:12.869952,14.54964375,.00769014,98.2074,185.2563,13.4517,346.8706,0,U,30044,999,2162,.11539074E-2,.512E-4,0
FENGYUN 1C DEB,1999-025NW,2026-09-23T02:37:19.047936,14.23720288,.00902117,99.1660,318.3306,22.2581,7.0895,0,U,30045,999,733,.80709711E-3,.1875E-4,0
FENGYUN 1C DEB,1999-025NY,2026-09-23T11:40:12.158112,13.94823996,.01247531,99.9413,89.9632,286.4050,129.2393,0,U,30047,999,99885,.2625813E-3,.324E-5,0
FENGYUN 1C DEB,1999-025NZ,2026-09-23T13:03:13.163040,13.80040791,.0186289,98.6337,113.2677,195.3483,222.6718,0,U,30048,999,99054,.16506611E-3,.157E-5,0
FENGYUN 1C DEB,1999-025PB,2026-09-22T15:44:09.044736,13.85638337,.01686641,96.8185,154.0842,300.0671,114.0227,0,U,30050,999,99133,.43918915E-3,.534E-5,0
FENGYUN 1C DEB,1999-025PD,2026-09-23T14:35:34.974816,13.73259880,.02884596,99.2769,289.1192,205.3767,277.0475,0,U,30052,999,98464,.30488492E-3,.338E-5,0
FENGYUN 1C DEB,1999-025PE,2026-09-23T10:12:02.153952,13.96062758,.03233074,98.6057,65.7150,266.8034,147.6272,0,U,30053,999,98956,.9441703E-3,.1966E-4,0
FENGYUN 1C DEB,1999-025PF,2026-09-22T15:50:22.932960,13.70145064,.02757575,99.3422,295.3466,346.6739,134.3986,0,U,30054,999,98236,.26021269E-3,.255E-5,0
FENGYUN 1C DEB,1999-025PH,2026-09-23T08:49:51.742272,13.75190497,.02972548,98.3488,61.4446,160.8871,200.3722,0,U,30056,999,97886,.15886875E-2,.2065E-4,0
FENGYUN 1C DEB,1999-025PJ,2026-09-22T02:21:37.447776,13.57676456,.02918249,98.8622,311.6158,133.7968,285.4426,0,U,30057,999,97080,.62476061E-3,.556E-5,0
FENGYUN 1C DEB,1999-025PK,2026-09-20T22:08:54.811104,13.48575904,.03147116,99.6559,264.1437,171.4001,219.8537,0,U,30058,999,96651,.448138E-3,.336E-5,0
FENGYUN 1C DEB,1999-025PL,2026-09-23T09:06:13.025952,13.45636695,.03262654,98.8505,233.2336,300.7631,217.1480,0,U,30059,999,96625,.1758012E-3,.104E-5,0
FENGYUN 1C DEB,1999-025PM,2026-09-22T13:32:51.082368,13.44430488,.03447058,99.2929,116.6134,83.6524,333.9134,0,U,30060,999,96056,.83183281E-3,.655E-5,0
FENGYUN 1C DEB,1999-025PN,2026-09-23T10:18:13.001760,13.47892904,.03641352,101.9035,74.6087,323.5800,61.8147,0,U,30061,999,95933,.12379206E-2,.1082E-4,0
FENGYUN 1C DEB,1999-025PP,2026-09-23T13:56:45.114144,14.07439716,.00480776,98.7799,272.6737,326.8724,161.9422,0,U,30062,999,911,.14033455E-3,.195E-5,0
FENGYUN 1C DEB,1999-025PQ,2026-09-23T12:34:14.257632,14.15695716,.00329905,98.5563,238.4580,38.5850,86.3778,0,U,30063,999,1695,.48883689E-4,.55E-6,0
FENGYUN 1C DEB,1999-025PR,2026-09-23T13:06:53.191008,14.14441295,.00659117,98.6586,273.9574,18.4704,107.0809,0,U,30064,999,1531,.11103339E-3,.175E-5,0
FENGYUN 1C DEB,1999-025PS,2026-09-21T20:46:13.284192,13.87015501,.01307893,98.7203,223.2589,339.3626,20.2279,0,U,30065,999,99596,.10035937E-3,.85E-6,0
FENGYUN 1C DEB,1999-025PT,2026-09-23T14:18:10.968192,14.19279702,.01178221,98.6572,255.2186,160.0324,317.5305,0,U,30066,999,1876,.78109381E-4,.133E-5,0
FENGYUN 1C DEB,1999-025PU,2026-09-23T11:57:18.646272,14.44357600,.01486582,98.7337,165.8232,245.2249,291.6994,0,U,30067,999,3305,.14401537E-3,.512E-5,0
FENGYUN 1C DEB,1999-025PV,2026-09-23T11:24:23.124096,14.12221167,.01885685,98.7626,252.6683,259.1344,98.8557,0,U,30068,999,1360,.90461013E-4,.152E-5,0
FENGYUN 1C DEB,1999-025PW,2026-09-23T12:12:11.038176,14.05435574,.00486641,98.8321,245.5424,335.8794,153.3109,0,U,30069,999,845,.52496251E-4,.43E-6,0
FENGYUN 1C DEB,1999-025PX,2026-09-23T02:02:26.678400,14.11841651,.03233178,98.2568,308.8787,219.5273,168.2454,0,U,30070,999,99889,.4940758E-3,.1432E-4,0
FENGYUN 1C DEB,1999-025PY,2026-09-22T03:04:21.252864,14.56954247,.00348221,98.6648,19.4909,322.5617,161.4516,0,U,30071,999,2345,.92862301E-3,.4155E-4,0
FENGYUN 1C DEB,1999-025PZ,2026-09-23T10:07:52.234176,14.42327285,.005517,99.0952,77.0809,154.5306,205.8619,0,U,30072,999,1270,.15266154E-2,.5088E-4,0
FENGYUN 1C DEB,1999-025QA,2026-09-23T12:05:34.107072,14.20166413,.00516324,99.4293,262.6487,196.5038,295.2835,0,U,30073,999,960,.7593011E-3,.1592E-4,0
FENGYUN 1C DEB,1999-025QB,2026-09-23T04:09:05.661216,14.14124005,.00948965,99.1123,342.9455,71.7164,289.4306,0,U,30074,999,651,.7081307E-3,.1362E-4,0
FENGYUN 1C DEB,1999-025QC,2026-09-23T09:57:09.724896,13.92621102,.00916097,99.3230,324.0772,128.5793,246.6216,0,U,30075,999,19,-.27271637E-4,-.81E-6,0
FENGYUN 1C DEB,1999-025QD,2026-09-22T11:35:25.368864,13.76463686,.01760155,99.2657,249.3744,66.0869,54.3729,0,U,30076,999,98797,.19808131E-3,.175E-5,0
FENGYUN 1C DEB,1999-025QE,2026-09-23T13:32:58.707168,14.07113561,.00214344,98.7487,278.1717,179.3331,298.1021,0,U,30077,999,1117,.12665641E-3,.17E-5,0
FENGYUN 1C DEB,1999-025QF,2026-09-23T04:30:00.964224,14.24951968,.00508577,98.8185,347.1847,176.2625,213.4249,0,U,30078,999,1162,.10557512E-2,.2458E-4,0
FENGYUN 1C DEB,1999-025QG,2026-09-23T02:20:25.913760,14.00993876,.00854847,98.9957,322.7257,232.1891,157.0438,0,U,30079,999,519,.41012661E-3,.59E-5,0
FENGYUN 1C DEB,1999-025QH,2026-09-23T13:28:26.413248,14.11015163,.01323278,98.7300,243.7032,332.3224,152.9761,0,U,30080,999,1254,.12522176E-3,.201E-5,0
FENGYUN 1C DEB,1999-025QJ,2026-09-23T13:33:37.097280,13.98517261,.00748055,98.9385,260.3741,271.7975,210.1555,0,U,30081,999,331,.20019536E-3,.25E-5,0
FENGYUN 1C DEB,1999-025QK,2026-09-23T12:19:33.950496,15.35174203,.00418736,98.8368,250.0753,281.0661,78.5870,0,U,30082,999,5634,.87747424E-3,.30815E-3,0
FENGYUN 1C DEB,1999-025QP,2026-09-23T00:45:50.195808,14.04092468,.00619109,98.8806,298.6758,61.7806,328.5106,0,U,30086,999,681,.37202825E-3,.556E-5,0
FENGYUN 1C DEB,1999-025QQ,2026-09-22T14:07:55.178976,14.36232985,.0227664,98.3515,294.7460,353.1711,136.7622,0,U,30087,999,2767,.14361804E-3,.511E-5,0
FENGYUN 1C DEB,1999-025QR,2026-09-23T10:59:40.645248,14.36547715,.0201335,98.3828,247.8372,116.0642,5.3903,0,U,30088,999,2757,.15814212E-3,.538E-5,0
FENGYUN 1C DEB,1999-025QS,2026-09-22T16:49:58.452672,14.30618215,.0074704,98.8912,182.6002,102.5936,318.6617,0,U,30089,999,2538,.12356719E-3,.287E-5,0
FENGYUN 1C DEB,1999-025QT,2026-09-23T12:11:58.447968,14.29550819,.00574568,99.4096,107.2719,17.3771,51.2144,0,U,30090,999,2337,.16306743E-3,.374E-5,0
FENGYUN 1C DEB,1999-025QV,2026-09-23T12:09:16.148160,14.39894904,.00829622,98.9235,102.5688,128.2742,294.3203,0,U,30092,999,2838,.25102227E-3,.773E-5,0
FENGYUN 1C DEB,1999-025QW,2026-09-23T03:37:31.721376,14.44978143,.00671381,98.8365,157.4430,207.2416,311.4777,0,U,30093,999,2910,.3448192E-3,.1186E-4,0
FENGYUN 1C DEB,1999-025QY,2026-09-23T11:05:56.839488,14.90611922,.01436999,99.2392,238.4638,151.8122,209.0966,0,U,30095,999,3565,.58565224E-3,.6902E-4,0
FENGYUN 1C DEB,1999-025QZ,2026-09-23T13:17:03.064416,14.32092353,.00801175,99.1390,5.8488,126.7613,234.0958,0,U,30096,999,2618,.16673001E-3,.416E-5,0
FENGYUN 1C DEB,1999-025RC,2026-09-22T17:24:50.224320,14.26265707,.00626371,98.5114,335.4204,133.9387,348.7784,0,U,30099,999,2232,.14041214E-3,.302E-5,0
FENGYUN 1C DEB,1999-025RF,2026-09-23T12:38:16.166400,14.22434137,.01400108,98.3840,265.4210,248.0568,240.5071,0,U,30102,999,2005,.15794472E-3,.346E-5,0
FENGYUN 1C DEB,1999-025RG,2026-09-23T13:49:13.213632,14.25393029,.00635308,99.2655,268.6283,27.2992,93.2004,0,U,30103,999,1976,.2576799E-3,.572E-5,0
FENGYUN 1C DEB,1999-025RH,2026-09-23T07:10:20.188992,14.26404185,.00727387,98.3539,95.3679,352.9532,182.3882,0,U,30104,999,1946,.29903767E-3,.698E-5,0
FENGYUN 1C DEB,1999-025RJ,2026-09-23T10:04:42.766752,14.21875401,.01971764,98.6210,250.7072,328.7628,30.1952,0,U,30105,999,1806,.22950109E-3,.569E-5,0
FENGYUN 1C DEB,1999-025RK,2026-09-23T10:22:44.423040,15.23519341,.00212158,98.9112,221.2289,3.9116,115.9832,0,U,30106,999,2807,.44316631E-2,.107856E-2,0
FENGYUN 1C DEB,1999-025RL,2026-09-23T02:46:46.859232,14.14535877,.01271808,98.8081,324.7853,186.0040,173.9615,0,U,30107,999,1580,.4185484E-4,.43E-6,0
FENGYUN 1C DEB,1999-025RM,2026-09-22T21:56:06.216576,14.17527507,.01955573,98.6876,250.1832,285.5106,101.2993,0,U,30108,999,1623,.14641937E-3,.312E-5,0
FENGYUN 1C DEB,1999-025RN,2026-09-23T12:50:52.004832,14.17976417,.0168157,98.5290,253.6091,129.7242,357.3825,0,U,30109,999,1588,.17883991E-3,.38E-5,0
FENGYUN 1C DEB,1999-025RP,2026-09-23T05:02:51.498528,13.56351540,.0267131,98.9109,353.2342,340.2562,18.8390,0,U,30110,999,97371,.1467388E-3,.9E-6,0
FENGYUN 1C DEB,1999-025RR,2026-09-23T11:18:57.091968,14.23054031,.01996895,99.3067,261.2212,18.0964,342.7190,0,U,30112,999,1630,.41401811E-3,.1093E-4,0
FENGYUN 1C DEB,1999-025RS,2026-09-23T13:11:59.282016,14.48395408,.00357662,99.0221,142.6987,233.5394,196.6736,0,U,30113,999,2026,.87343687E-3,.3247E-4,0
FENGYUN 1C DEB,1999-025RT,2026-09-23T13:17:43.408032,14.09838191,.00818207,98.7555,266.0678,34.8143,83.0804,0,U,30114,999,1167,.10384529E-3,.146E-5,0
FENGYUN 1C DEB,1999-025RU,2026-09-23T00:32:20.447232,14.20768247,.00653753,98.6010,290.8348,318.8930,70.3070,0,U,30115,999,1364,.48165815E-3,.1019E-4,0
FENGYUN 1C DEB,1999-025RV,2026-09-23T05:17:00.508128,14.31113352,.0020326,99.3889,4.6121,240.1835,150.5805,0,U,30116,999,1570,.85655508E-3,.2213E-4,0
FENGYUN 1C DEB,1999-025RW,2026-09-23T12:08:11.162400,14.07352649,.01646688,98.8291,253.1516,127.9477,353.3745,0,U,30117,999,994,.14586105E-3,.236E-5,0
FENGYUN 1C DEB,1999-025RX,2026-09-23T13:20:09.615840,14.05220827,.00840729,98.8100,267.0851,341.6952,141.5602,0,U,30118,999,929,-.519488E-6,-.44E-6,0
FENGYUN 1C DEB,1999-025RY,2026-09-23T11:46:22.834848,14.23844450,.01281938,97.9400,237.4836,168.9965,314.0598,0,U,30119,999,1211,.59186152E-3,.1438E-4,0
FENGYUN 1C DEB,1999-025RZ,2026-09-23T04:57:36.241344,14.29576689,.00619908,98.8435,357.0704,105.2276,285.6314,0,U,30120,999,1430,.8497443E-3,.2175E-4,0
FENGYUN 1C DEB,1999-025SA,2026-09-23T09:46:50.052000,14.43954314,.002978,102.1607,52.2876,136.9596,244.4914,0,U,30121,999,1634,.15132014E-2,.5123E-4,0
FENGYUN 1C DEB,1999-025SC,2026-09-23T02:51:48.568032,14.27694355,.02238182,96.9185,152.9611,296.8779,60.9687,0,U,30123,999,1301,.54787648E-3,.1729E-4,0
FENGYUN 1C DEB,1999-025SD,2026-09-23T02:59:15.995616,14.15141646,.01407491,99.1064,331.1065,23.4285,6.4459,0,U,30124,999,934,.39239988E-3,.792E-5,0
FENGYUN 1C DEB,1999-025SE,2026-09-23T13:00:27.231840,14.24596267,.03355702,98.7295,8.7237,236.8825,188.6583,0,U,30125,999,973,.45759836E-3,.1856E-4,0
FENGYUN 1C DEB,1999-025SG,2026-09-23T13:23:25.266912,14.41696023,.0081235,98.1915,116.2578,302.0532,57.2787,0,U,30127,999,1334,.11550127E-2,.3874E-4,0
FENGYUN 1C DEB,1999-025SH,2026-09-20T21:06:47.787264,14.52516330,.00973125,96.9874,219.5683,314.5284,105.0841,0,U,30128,999,1386,.17465449E-2,.7558E-4,0
FENGYUN 1C DEB,1999-025SJ,2026-09-23T05:57:25.473600,14.01969513,.01846353,98.0349,179.6961,1.1889,149.7784,0,U,30129,999,463,.25882545E-3,.421E-5,0
FENGYUN 1C DEB,1999-025SL,2026-09-23T06:37:23.621376,14.23685883,.00787557,99.0760,11.5074,65.3611,321.7069,0,U,30131,999,734,.11581504E-2,.2683E-4,0
FENGYUN 1C DEB,1999-025SM,2026-09-23T09:32:41.665344,13.95131118,.01052224,99.6111,236.3014,4.7109,147.2867,0,U,30132,999,59,.24314103E-3,.295E-5,0
FENGYUN 1C DEB,1999-025SN,2026-09-23T09:33:36.540576,14.07793735,.00843311,98.3505,56.2123,168.2807,219.1599,0,U,30133,999,382,.67865968E-3,.1149E-4,0
FENGYUN 1C DEB,1999-025SP,2026-09-22T14:13:09.739776,14.13778279,.00200314,98.6799,281.4665,96.2045,23.1238,0,U,30134,999,1253,.26791845E-3,.465E-5,0
FENGYUN 1C DEB,1999-025SR,2026-09-23T02:57:48.863808,13.95604892,.01288605,98.5217,143.3320,359.4856,154.5534,0,U,30136,999,11,.32773159E-3,.438E-5,0
FENGYUN 1C DEB,1999-025ST,2026-09-22T16:09:30.197952,14.20872290,.00204175,98.7332,320.8076,44.8381,77.8759,0,U,30138,999,1432,.4621832E-3,.958E-5,0
FENGYUN 1C DEB,1999-025SU,2026-09-23T12:00:27.369792,14.04588002,.01285916,98.3574,92.6330,202.4827,217.8185,0,U,30139,999,194,.54779228E-3,.903E-5,0
FENGYUN 1C DEB,1999-025SV,2026-09-21T10:19:39.230688,14.22160156,.00409399,98.8072,331.9259,217.0225,206.2458,0,U,30140,999,1149,.60035618E-3,.1297E-4,0
FENGYUN 1C DEB,1999-025SW,2026-09-23T07:53:47.010912,14.56595954,.00140378,99.0183,215.1113,264.2725,95.6870,0,U,30141,999,2376,.10930727E-2,.4827E-4,0
FENGYUN 1C DEB,1999-025SX,2026-09-23T04:41:34.327680,14.11988771,.01011131,99.1177,351.5171,230.1451,129.0793,0,U,30142,999,312,.96551387E-3,.1808E-4,0
FENGYUN 1C DEB,1999-025SY,2026-09-23T11:15:41.979168,14.03437506,.01009189,98.7472,83.5949,213.1209,203.4570,0,U,30143,999,200,.41114851E-3,.631E-5,0
FENGYUN 1C DEB,1999-025SZ,2026-09-23T12:13:17.939424,13.92143999,.01248711,99.0300,256.6434,234.3301,249.8357,0,U,30144,999,99802,.32507886E-3,.4E-5,0
FENGYUN 1C DEB,1999-025TA,2026-09-23T08:13:24.371616,14.16676888,.00868001,99.2755,32.2215,69.0458,316.2833,0,U,30145,999,221,.14172336E-2,.2891E-4,0
FENGYUN 1C DEB,1999-025TB,2026-09-23T07:45:07.976736,13.86990853,.01779742,98.0553,31.2699,52.2856,336.8530,0,U,30146,999,99362,.26021134E-3,.311E-5,0
FENGYUN 1C DEB,1999-025TD,2026-09-23T10:06:20.290752,13.88937154,.01344158,99.5798,67.9953,158.1548,230.9241,0,U,30148,999,99468,.47540015E-3,.572E-5,0
FENGYUN 1C DEB,1999-025TF,2026-09-23T08:37:16.183776,13.86953043,.01456924,99.0287,37.0506,286.7283,89.2664,0,U,30150,999,99403,.3490045E-3,.4E-5,0
FENGYUN 1C DEB,1999-025TG,2026-09-23T11:42:48.384000,13.84920373,.01612881,99.0652,269.8098,232.7294,257.6998,0,U,30151,999,99186,.34842608E-3,.392E-5,0
FENGYUN 1C DEB,1999-025TH,2026-09-23T01:14:16.127520,13.98166071,.01655349,99.0785,125.6826,25.0617,335.8468,0,U,30152,999,99349,.13224219E-2,.2072E-4,0
FENGYUN 1C DEB,1999-025TJ,2026-09-22T14:01:22.088352,13.79314233,.01982185,100.4675,290.6138,4.6736,120.5019,0,U,30153,999,98687,.4067264E-3,.43E-5,0
FENGYUN 1C DEB,1999-025TK,2026-09-23T00:51:59.800320,13.86846862,.01809663,98.4305,285.1615,137.3870,252.6252,0,U,30154,999,98924,.84088504E-3,.108E-4,0
FENGYUN 1C DEB,1999-025TL,2026-09-23T04:01:28.611264,13.75240368,.02322349,99.7482,350.8606,329.5592,29.2242,0,U,30155,999,97772,.13729262E-2,.1553E-4,0
FENGYUN 1C DEB,1999-025TM,2026-09-23T10:37:37.664256,13.81711449,.01957253,98.9342,223.2011,218.0193,268.7033,0,U,30156,999,98621,.73070799E-3,.862E-5,0
FENGYUN 1C DEB,1999-025TN,2026-09-22T06:22:02.458272,14.48489731,.00344249,98.7202,15.5806,64.1302,326.0710,0,U,30157,999,2168,.94830463E-3,.3538E-4,0
FENGYUN 1C DEB,1999-025TR,2026-09-23T06:32:01.302720,13.43268140,.0341776,98.8967,187.0774,130.1730,19.9404,0,U,30160,999,96233,.59515649E-3,.448E-5,0
FENGYUN 1C DEB,1999-025TS,2026-09-23T13:50:37.840704,13.50490860,.0325348,100.5180,275.1685,289.4337,197.4376,0,U,30161,999,96403,.91757862E-3,.766E-5,0
FENGYUN 1C DEB,1999-025TT,2026-09-23T02:05:04.989120,13.54433798,.03124802,99.4689,315.7369,352.6455,36.6126,0,U,30162,999,96509,.12033472E-2,.1078E-4,0
FENGYUN 1C DEB,1999-025TU,2026-09-23T04:09:16.704864,13.39427623,.03697729,98.7033,346.5145,235.3513,151.6154,0,U,30163,999,95752,.12981582E-2,.1006E-4,0
FENGYUN 1C DEB,1999-025TY,2026-09-22T06:41:14.055360,14.49401481,.01419639,98.9683,13.0335,24.9929,357.0734,0,U,30167,999,3464,.15581156E-3,.62E-5,0
FENGYUN 1C DEB,1999-025TZ,2026-09-22T15:37:28.115040,14.56225943,.00929101,97.3654,309.7945,338.0641,21.6593,0,U,30168,999,2431,.67069651E-3,.3103E-4,0
FENGYUN 1C DEB,1999-025UA,2026-09-23T04:11:18.097728,14.64773204,.01940175,98.3133,342.7861,60.5166,26.9267,0,U,30169,999,1873,.86088205E-3,.6001E-4,0
FENGYUN 1C DEB,1999-025UB,2026-09-23T10:26:37.639968,14.00634310,.00778858,98.8790,249.7512,204.3514,318.8833,0,U,30170,999,396,.19388176E-3,.253E-5,0
FENGYUN 1C DEB,1999-025UC,2026-09-23T12:03:40.884192,13.97033976,.01846186,98.3729,104.4531,189.5270,170.2376,0,U,30171,999,238,.59940625E-4,.58E-6,0
FENGYUN 1C DEB,1999-025UD,2026-09-23T13:29:19.690080,14.13881583,.0069168,99.2549,260.0372,122.6257,4.8815,0,U,30172,999,540,.74680427E-3,.1402E-4,0
FENGYUN 1C DEB,1999-025UE,2026-09-23T03:26:05.782272,14.12698650,.0081056,98.9603,341.9608,206.3784,182.9321,0,U,30173,999,558,.7860035E-3,.1459E-4,0
FENGYUN 1C DEB,1999-025UF,2026-09-23T12:41:50.722656,15.07544362,.00111224,98.7751,93.8878,212.5761,214.9909,0,U,30174,999,2622,.25276849E-2,.38572E-3,0
FENGYUN 1C DEB,1999-025UG,2026-09-23T02:53:51.485856,13.84095102,.01459208,99.3457,326.1378,175.9031,214.5402,0,U,30175,999,99274,.27085678E-3,.283E-5,0
FENGYUN 1C DEB,1999-025UJ,2026-09-23T06:02:47.293728,13.63540618,.04470027,98.6353,183.8786,108.4175,40.2173,0,U,30177,999,97339,.55298183E-3,.827E-5,0
FENGYUN 1C DEB,1999-025UK,2026-09-23T14:26:54.940992,13.59519363,.02778286,102.2555,215.7513,197.7265,337.4447,0,U,30178,999,97041,.86793991E-3,.764E-5,0
FENGYUN 1C DEB,1999-025UN,2026-09-23T05:13:24.094272,14.31102181,.00401643,98.8361,358.8613,244.8341,144.5091,0,U,30181,999,1560,.86292931E-3,.2249E-4,0
FENGYUN 1C DEB,1999-025UP,2026-09-23T09:17:25.739808,13.96565640,.007409,99.0272,317.5155,321.6847,50.3154,0,U,30182,999,270,-.5848572E-5,-.52E-6,0
FENGYUN 1C DEB,1999-025UQ,2026-09-23T09:08:11.012064,14.13131684,.00270932,98.7589,307.8747,163.4930,209.4725,0,U,30183,999,1157,.26900161E-3,.461E-5,0
FENGYUN 1C DEB,1999-025UY,2026-09-23T06:08:14.379936,14.81744879,.0091433,98.7635,8.3714,82.2392,307.5683,0,U,30191,999,4484,.55911694E-3,.4674E-4,0
FENGYUN 1C DEB,1999-025VA,2026-09-23T13:45:58.380768,14.50762510,.01053535,98.7500,190.8868,353.9363,180.6351,0,U,30193,999,3295,.48230999E-3,.1985E-4,0
FENGYUN 1C DEB,1999-025VD,2026-09-23T12:20:07.156608,14.25925653,.00850254,98.6358,359.8434,313.1203,110.3757,0,U,30196,999,2420,.28017067E-4,.25E-6,0
FENGYUN 1C DEB,1999-025VE,2026-09-23T08:16:43.527072,14.38359506,.0058157,98.9527,208.2897,95.9309,55.8173,0,U,30197,999,2577,.41873625E-3,.1254E-4,0
FENGYUN 1C DEB,1999-025VF,2026-09-23T08:51:31.608576,14.53357260,.01022197,98.4789,44.6520,48.7883,338.4377,0,U,30198,999,2625,.5548911E-3,.2421E-4,0
FENGYUN 1C DEB,1999-025VG,2026-09-23T01:05:47.467392,14.39889041,.00774874,98.3660,288.2309,173.7805,214.1138,0,U,30199,999,2500,.39603423E-3,.1245E-4,0
FENGYUN 1C DEB,1999-025VH,2026-09-23T12:55:55.177248,14.22465295,.01466649,99.0928,115.7600,5.4738,354.8000,0,U,30200,999,2027,.80646332E-4,.153E-5,0
FENGYUN 1C DEB,1999-025VJ,2026-09-23T09:13:25.903776,14.23441408,.00287327,99.4374,65.3489,224.3931,135.4941,0,U,30201,999,1865,.2449169E-3,.508E-5,0
FENGYUN 1C DEB,1999-025VK,2026-09-23T07:01:01.164576,14.57068155,.00352735,98.6443,18.1236,265.5798,94.1369,0,U,30202,999,2424,.12134229E-2,.5461E-4,0
FENGYUN 1C DEB,1999-025VN,2026-09-23T13:59:04.551648,13.88222791,.01216313,99.0138,12.9790,128.5309,248.1828,0,U,30205,999,99590,.15127406E-3,.15E-5,0
FENGYUN 1C DEB,1999-025VP,2026-09-23T12:34:56.959104,14.50028813,.01419788,98.2432,264.4024,242.6663,116.0019,0,U,30206,999,3526,.16211012E-3,.663E-5,0
FENGYUN 1C DEB,1999-025VQ,2026-09-23T04:53:23.949888,13.79268914,.02608033,98.5801,355.4413,99.0214,293.5252,0,U,30207,999,98984,.10359863E-3,.101E-5,0
FENGYUN 1C DEB,1999-025VR,2026-09-23T13:09:03.018240,14.24058260,.00339708,98.5716,265.2040,158.8031,327.1655,0,U,30208,999,1881,.24956045E-3,.534E-5,0
FENGYUN 1C DEB,1999-025VS,2026-09-22T22:29:32.491968,14.13190925,.00397601,98.7287,260.4967,148.1249,242.1141,0,U,30209,999,1221,.15087951E-3,.242E-5,0
FENGYUN 1C DEB,1999-025VT,2026-09-23T09:58:36.765120,14.08762710,.00564383,99.1601,325.9922,63.7413,310.2512,0,U,30210,999,765,.18967724E-3,.286E-5,0
FENGYUN 1C DEB,1999-025VV,2026-09-23T14:19:37.541856,13.97313767,.00964827,99.4206,144.6802,183.9853,176.0550,0,U,30212,999,203,.44235162E-3,.598E-5,0
FENGYUN 1C DEB,1999-025VW,2026-09-23T05:30:36.131904,14.12914760,.00707584,99.1121,352.4851,165.2598,220.4910,0,U,30213,999,531,.80167699E-3,.1483E-4,0
FENGYUN 1C DEB,1999-025VX,2026-09-23T04:52:38.634816,14.32804251,.00198118,98.7090,345.5879,281.8440,105.0979,0,U,30214,999,1572,.71388385E-3,.1906E-4,0
FENGYUN 1C DEB,1999-025WA,2026-09-23T10:29:32.472096,14.25204023,.01388756,98.4617,244.6918,346.8831,12.8752,0,U,30217,999,2126,.19466466E-3,.462E-5,0
FENGYUN 1C DEB,1999-025WB,2026-09-23T05:28:05.848608,14.31680237,.0069117,98.9859,9.8806,148.5502,241.9395,0,U,30218,999,1174,.12077483E-2,.3261E-4,0
FENGYUN 1C DEB,1999-025WE,2026-09-23T13:15:29.135520,14.46348526,.01426746,98.9589,15.1263,270.7493,87.7352,0,U,30221,999,3518,.13371456E-3,.486E-5,0
FENGYUN 1C DEB,1999-025WF,2026-09-23T00:41:16.160064,14.04153218,.0036658,98.8105,296.2746,321.8338,67.9145,0,U,30222,999,829,.18496119E-3,.252E-5,0
FENGYUN 1C DEB,1999-025WH,2026-09-23T08:44:17.079648,13.90073739,.01104334,99.4503,315.0417,300.9278,118.9745,0,U,30224,999,99695,.20654539E-3,.221E-5,0
FENGYUN 1C DEB,1999-025WJ,2026-09-23T13:35:51.324864,14.15354537,.00990245,98.6363,289.7406,350.6442,134.2179,0,U,30225,999,1560,.10196634E-3,.165E-5,0
FENGYUN 1C DEB,1999-025WN,2026-09-23T01:30:33.252768,14.64647653,.00348778,99.0444,357.9892,248.8978,235.9742,0,U,30229,999,3073,.87078412E-3,.4614E-4,0
FENGYUN 1C DEB,1999-025WQ,2026-09-23T01:22:21.732672,14.12235941,.01264552,98.7712,310.1730,302.1476,85.8581,0,U,30231,999,1031,.32085907E-3,.592E-5,0
FENGYUN 1C DEB,1999-025WR,2026-09-23T13:15:41.553792,14.65588023,.01310164,98.6668,127.5042,185.6501,235.0197,0,U,30232,999,3918,.26067879E-3,.1545E-4,0
FENGYUN 1C DEB,1999-025WT,2026-09-23T13:44:52.969056,14.17200346,.00654025,98.6309,274.0524,337.3898,146.7872,0,U,30234,999,1488,.20146494E-3,.372E-5,0
FENGYUN 1C DEB,1999-025WU,2026-09-23T12:13:00.768288,14.09127983,.01543207,98.7363,281.2857,153.1253,334.2767,0,U,30235,999,902,.26129273E-3,.465E-5,0
FENGYUN 1C DEB,1999-025WW,2026-09-23T07:31:22.410912,14.44401900,.00150983,98.8341,24.1724,179.6830,206.6243,0,U,30237,999,1799,.10565864E-2,.36E-4,0
FENGYUN 1C DEB,1999-025WY,2026-09-15T14:02:59.914752,11.42650855,.13933325,99.5217,320.9139,263.4554,80.6478,0,U,30239,999,57693,.39343995E-1,.1716E-3,0
FENGYUN 1C DEB,1999-025XA,2026-09-23T08:49:15.290112,14.09820970,.01456211,99.1882,49.5271,6.1707,21.8787,0,U,30241,999,923,.98933826E-4,.145E-5,0
FENGYUN 1C DEB,1999-025XB,2026-09-23T13:57:57.009312,14.18196879,.00097164,98.6559,298.9955,316.1228,172.4025,0,U,30242,999,1460,.32386182E-3,.623E-5,0
FENGYUN 1C DEB,1999-025XC,2026-09-23T14:20:36.604896,14.13367117,.00127199,98.6892,274.8117,32.9141,92.0191,0,U,30243,999,1295,.21746492E-3,.366E-5,0
FENGYUN 1C DEB,1999-025XD,2026-09-22T17:18:22.676256,14.15357430,.00085108,99.1148,167.0232,227.4510,200.7000,0,U,30244,999,1360,.17809127E-3,.301E-5,0
FENGYUN 1C DEB,1999-025XE,2026-09-23T08:52:28.701696,13.79709366,.01904821,98.9119,242.1069,208.1646,150.9102,0,U,30245,999,98618,.60417447E-3,.674E-5,0
FENGYUN 1C DEB,1999-025XF,2026-09-23T12:55:32.331360,13.37162997,.03708069,98.7070,14.2049,104.4548,320.7849,0,U,30246,999,95946,.87024698E-4,.35E-6,0
FENGYUN 1C DEB,1999-025XG,2026-09-22T17:24:12.230784,14.67407989,.01689822,98.2631,179.1695,180.9310,243.5029,0,U,30247,999,1437,.77053526E-3,.5348E-4,0
FENGYUN 1C DEB,1999-025XH,2026-09-22T02:03:00.168768,14.68605123,.00299631,99.0856,123.7987,11.7233,348.4660,0,U,30248,999,1534,.13845919E-2,.8047E-4,0
FENGYUN 1C DEB,1999-025XJ,2026-09-23T12:32:22.049952,14.65975938,.00217076,98.9628,100.0820,255.3430,172.9004,0,U,30249,999,1715,.14341214E-2,.7831E-4,0
FENGYUN 1C DEB,1999-025XK,2026-09-23T12:04:33.302208,14.01888040,.00664387,98.7706,252.2919,149.1098,336.3900,0,U,30250,999,481,.2535719E-3,.352E-5,0
FENGYUN 1C DEB,1999-025XL,2026-09-23T14:21:58.418784,14.29874467,.00503009,99.0245,120.6512,223.6494,198.4622,0,U,30251,999,2212,.23038398E-3,.553E-5,0
FENGYUN 1C DEB,1999-025XM,2026-09-22T20:42:25.254720,14.10101563,.00668838,98.7346,277.7390,156.5732,325.1935,0,U,30252,999,967,.23449657E-3,.381E-5,0
FENGYUN 1C DEB,1999-025XN,2026-09-23T04:07:27.405408,13.73986159,.02196401,98.7352,335.1501,2.1185,23.9443,0,U,30253,999,97919,.10117669E-2,.1091E-4,0
FENGYUN 1C DEB,1999-025XS,2026-09-23T05:35:36.072096,14.09856963,.00589598,98.7634,262.1305,15.6322,47.0211,0,U,30257,999,1223,.11025513E-3,.154E-5,0
FENGYUN 1C DEB,1999-025XU,2026-09-23T13:38:19.168224,14.52413027,.02410583,98.7260,135.3908,123.5572,311.6912,0,U,30259,999,3607,.15300386E-3,.852E-5,0
FENGYUN 1C DEB,1999-025XY,2026-09-23T06:30:06.446880,14.02441803,.01431058,98.9493,21.0421,289.4435,98.6637,0,U,30263,999,1,.7968401E-3,.1295E-4,0
FENGYUN 1C DEB,1999-025XZ,2026-09-23T03:07:23.215584,14.08563951,.01060575,98.9491,324.2247,210.3417,178.5635,0,U,30264,999,560,.50115539E-3,.862E-5,0
FENGYUN 1C DEB,1999-025YA,2026-09-22T07:40:37.579296,14.64411680,.00264302,98.6768,33.1851,215.3972,174.4304,0,U,30265,999,2546,.11984703E-2,.6321E-4,0
FENGYUN 1C DEB,1999-025YB,2026-09-23T11:45:14.894208,14.16396108,.00808466,99.0250,339.5637,338.7235,33.8212,0,U,30266,999,820,.66409716E-3,.1316E-4,0
FENGYUN 1C DEB,1999-025YC,2026-09-23T04:13:31.704096,14.25158458,.00592935,98.8352,344.1591,142.5538,217.9795,0,U,30267,999,1343,.73454712E-3,.1712E-4,0
FENGYUN 1C DEB,1999-025YF,2026-09-23T14:04:18.740064,14.11382512,.00082124,98.6954,276.4798,79.4239,41.2080,0,U,30270,999,1378,.56150411E-4,.59E-6,0
FENGYUN 1C DEB,1999-025YH,2026-09-23T03:12:20.276064,14.15836221,.00485384,98.8836,337.9468,17.1125,343.1672,0,U,30272,999,878,.65083635E-3,.125E-4,0
FENGYUN 1C DEB,1999-025YJ,2026-09-23T13:05:14.205984,14.03096187,.00610373,98.8328,277.7275,174.1968,316.3880,0,U,30273,999,523,.3578358E-3,.523E-5,0
FENGYUN 1C DEB,1999-025YK,2026-09-23T10:20:25.368288,14.56532816,.00025002,99.3181,71.9859,77.3712,338.0960,0,U,30274,999,2348,.11115222E-2,.4895E-4,0
FENGYUN 1C DEB,1999-025YL,2026-09-23T01:52:02.078976,14.48790963,.00363342,98.6212,0.6672,50.1116,73.9108,0,U,30275,999,2184,.90712356E-3,.3407E-4,0
FENGYUN 1C DEB,1999-025YM,2026-09-23T11:55:52.674816,14.28553898,.00232756,98.8441,346.7632,341.2399,18.7922,0,U,30276,999,1572,.60936911E-3,.1487E-4,0
FENGYUN 1C DEB,1999-025YN,2026-09-23T04:53:42.305568,14.14674562,.01222567,98.9531,342.7527,92.5860,294.3136,0,U,30277,999,807,.58182705E-3,.1159E-4,0
FENGYUN 1C DEB,1999-025YQ,2026-09-23T14:54:38.415744,14.24067595,.02167658,99.1747,218.3785,337.9576,198.5662,0,U,30279,999,1664,.47403124E-3,.1336E-4,0
FENGYUN 1C DEB,1999-025YR,2026-09-23T10:27:42.988608,13.98554478,.00793689,98.8007,248.9606,259.6999,254.9785,0,U,30280,999,353,.10742936E-3,.115E-5,0
FENGYUN 1C DEB,1999-025YS,2026-09-23T13:29:11.978016,14.10670477,.00291381,98.7804,254.4441,149.1773,338.2020,0,U,30281,999,1237,.16147239E-3,.246E-5,0
FENGYUN 1C DEB,1999-025YT,2026-09-22T12:40:18.718752,14.13282199,.02083094,98.5127,260.0128,267.9256,215.2860,0,U,30282,999,1358,.12726088E-3,.249E-5,0
FENGYUN 1C DEB,1999-025YU,2026-09-23T12:02:30.189984,14.02103234,.01826114,98.8862,257.8646,330.2190,154.4511,0,U,30283,999,682,.22469899E-3,.353E-5,0
FENGYUN 1C DEB,1999-025YV,2026-09-23T04:13:55.395840,14.30496980,.00348102,98.7037,339.6581,357.6204,30.6485,0,U,30284,999,1534,.77121316E-3,.1978E-4,0
FENGYUN 1C DEB,1999-025YX,2026-09-23T11:32:40.012224,14.12817025,.0064655,98.6963,267.5304,43.0387,87.2907,0,U,30286,999,1477,.64189168E-4,.79E-6,0
FENGYUN 1C DEB,1999-025YY,2026-09-23T07:11:50.091648,13.69344929,.04108497,98.6177,276.5169,335.2108,34.9882,0,U,30287,999,97752,.6798526E-3,.103E-4,0
FENGYUN 1C DEB,1999-025YZ,2026-09-23T06:25:37.145856,14.34990541,.00217503,99.3951,17.1751,223.6548,165.9688,0,U,30288,999,1643,.9227576E-3,.2584E-4,0
FENGYUN 1C DEB,1999-025ZA,2026-09-23T12:58:31.156032,14.28304417,.00368795,98.9291,13.8955,223.4494,199.7605,0,U,30289,999,1136,.11658392E-2,.2885E-4,0
FENGYUN 1C DEB,1999-025ZB,2026-09-23T12:09:28.396224,14.98997868,.00117793,102.6067,179.4653,1.2639,174.7714,0,U,30290,999,2110,.30955848E-2,.3766E-3,0
FENGYUN 1C DEB,1999-025ZC,2026-09-23T02:45:04.313664,14.60880960,.00985181,97.2123,122.9672,190.9604,324.5295,0,U,30291,999,1839,.10502045E-2,.5464E-4,0
FENGYUN 1C DEB,1999-025ZE,2026-09-23T03:05:02.217696,14.50320277,.00747719,99.2332,129.5041,349.9865,163.1626,0,U,30293,999,3096,.34136709E-3,.1323E-4,0
FENGYUN 1C DEB,1999-025ZF,2026-09-22T22:16:07.781376,14.35480136,.01965357,98.3805,250.8093,180.7158,209.8234,0,U,30294,999,2612,.94212067E-4,.288E-5,0
FENGYUN 1C DEB,1999-025ZG,2026-09-21T21:04:55.254720,14.25249660,.0092604,98.4900,283.4909,335.1871,145.7723,0,U,30295,999,2202,.87224488E-4,.172E-5,0
FENGYUN 1C DEB,1999-025ZJ,2026-09-23T11:04:32.051712,14.27186015,.0361007,98.8338,225.2805,9.5427,106.9809,0,U,30297,999,99207,.20647223E-2,.1009E-3,0
FENGYUN 1C DEB,1999-025ZK,2026-09-23T05:44:02.848704,14.21898737,.0045256,99.0006,7.4300,34.4221,355.4481,0,U,30298,999,868,.93018441E-3,.2027E-4,0
FENGYUN 1C DEB,1999-025ZL,2026-09-23T04:08:35.054016,14.09033091,.01017674,99.0798,345.4690,292.0897,96.5648,0,U,30299,999,276,.78968948E-3,.1389E-4,0
FENGYUN 1C DEB,1999-025ZM,2026-09-22T04:42:14.685984,14.29473824,.00730918,99.0321,349.4259,195.5283,194.1174,0,U,30300,999,1001,.12227377E-2,.3167E-4,0
FENGYUN 1C DEB,1999-025ZN,2026-09-20T10:26:32.450784,14.62528396,.0058305,98.6446,70.5499,143.8435,271.4309,0,U,30301,999,1323,.22628E-2,.11725E-3,0
FENGYUN 1C DEB,1999-025ZP,2026-09-21T03:53:28.223808,14.15098797,.01073451,98.5428,164.8346,28.6071,332.0936,0,U,30302,999,29,.12101929E-2,.244E-4,0
FENGYUN 1C DEB,1999-025ZQ,2026-09-23T00:50:53.321568,14.28587918,.00758035,99.0121,357.1212,181.7519,178.3407,0,U,30303,999,1012,.13161249E-2,.336E-4,0
FENGYUN 1C DEB,1999-025ZR,2026-09-20T10:56:40.490880,14.16712821,.0071269,99.0181,344.5981,328.6671,31.0265,0,U,30304,999,800,.58275E-3,.1148E-4,0
FENGYUN 1C DEB,1999-025ZS,2026-09-23T05:05:09.043008,13.60351933,.02657651,98.5930,177.1062,76.3979,76.5297,0,U,30305,999,97641,.19803258E-3,.153E-5,0
FENGYUN 1C DEB,1999-025ZT,2026-09-22T09:26:09.469824,14.29465420,.01105225,98.5650,306.8172,244.0634,114.9126,0,U,30306,999,1720,.49993874E-3,.1319E-4,0
FENGYUN 1C DEB,1999-025ZW,2026-09-23T10:00:09.264960,13.93703980,.00939284,99.1905,327.3354,138.6908,222.1407,0,U,30309,999,99998,.30832136E-4,-.2E-7,0
FENGYUN 1C DEB,1999-025ZX,2026-09-23T00:04:07.618080,14.09056626,.02380104,98.6519,279.6965,271.2061,86.1854,0,U,30310,999,733,.22463271E-3,.46E-5,0
FENGYUN 1C DEB,1999-025ZY,2026-09-23T04:55:16.381344,13.78091910,.01654483,99.1354,356.3093,162.4189,198.2784,0,U,30311,999,98878,.23071429E-3,.215E-5,0
FENGYUN 1C DEB,1999-025ZZ,2026-09-23T05:33:40.086144,14.49945445,.0010602,98.8591,4.1767,85.9417,304.3490,0,U,30312,999,2037,.11740288E-2,.4498E-4,0
FENGYUN 1C DEB,1999-025AAA,2026-09-23T12:19:30.181728,14.27591676,.00565947,98.8700,1.4790,229.2660,195.3912,0,U,30313,999,1146,.10211002E-2,.2511E-4,0
FENGYUN 1C DEB,1999-025AAB,2026-09-23T10:02:57.865920,14.02133747,.01421433,98.3994,79.7617,273.4565,85.0353,0,U,30314,999,73,.70123958E-3,.1131E-4,0
FENGYUN 1C DEB,1999-025AAC,2026-09-23T13:37:55.511040,14.19401015,.00339621,98.6007,272.7761,256.0322,229.1902,0,U,30315,999,1747,.19047077E-3,.36E-5,0
FENGYUN 1C DEB,1999-025AAD,2026-09-22T07:03:32.889024,14.61224593,.00333528,98.6567,24.4295,244.6068,115.1677,0,U,30316,999,2471,.1124442E-2,.5536E-4,0
FENGYUN 1C DEB,1999-025AAE,2026-09-23T12:45:23.034240,14.07070290,.00247879,98.7978,264.1513,192.8272,167.2269,0,U,30317,999,1015,-.13963166E-4,-.66E-6,0
FENGYUN 1C DEB,1999-025AAH,2026-09-23T03:35:56.081760,13.98696908,.00854994,99.1522,330.4056,234.3379,154.1956,0,U,30320,999,372,-.60967221E-4,-.136E-5,0
FENGYUN 1C DEB,1999-025AAJ,2026-09-23T12:55:30.802944,14.16951841,.00612911,98.6687,263.1399,138.9018,342.8970,0,U,30321,999,1577,.17487046E-3,.315E-5,0
FENGYUN 1C DEB,1999-025AAK,2026-09-23T12:20:24.917856,14.07020311,.01247924,98.3746,108.6618,162.0070,198.5577,0,U,30322,999,200,.58801465E-3,.1015E-4,0
FENGYUN 1C DEB,1999-025AAL,2026-09-22T06:51:18.648000,14.09187854,.0016428,98.7187,280.6961,168.5242,191.6306,0,U,30325,999,998,.20576819E-4,-.7E-7,0
FENGYUN 1C DEB,1999-025AAM,2026-09-23T14:13:05.640096,13.85577207,.01413786,98.6135,136.7243,333.9640,25.4454,0,U,30326,999,99400,.1113476E-3,.97E-6,0
FENGYUN 1C DEB,1999-025AAN,2026-09-20T03:45:04.991328,14.19940517,.01180326,98.4268,149.1201,47.0421,105.3043,0,U,30327,999,434,.10263067E-2,.2298E-4,0
FENGYUN 1C DEB,1999-025AAP,2026-09-23T13:12:47.944224,14.12600386,.00064858,98.6846,272.9808,75.0841,44.5336,0,U,30328,999,1279,.97375859E-4,.138E-5,0
FENGYUN 1C DEB,1999-025AAQ,2026-09-23T06:08:44.403936,13.86979975,.0141768,99.2621,188.0125,352.9643,160.6598,0,U,30329,999,99354,.24486024E-3,.265E-5,0
FENGYUN 1C DEB,1999-025AAR,2026-09-23T11:35:35.479392,13.82910941,.01865323,98.9055,248.2195,137.1524,349.3787,0,U,30330,999,98592,.6906654E-3,.821E-5,0
FENGYUN 1C DEB,1999-025AAS,2026-09-23T01:34:24.906720,13.98102895,.00953893,98.9271,298.2984,303.1620,83.3449,0,U,30331,999,87,.12346055E-3,.139E-5,0
FENGYUN 1C DEB,1999-025AAT,2026-09-23T12:19:44.727168,13.76964978,.01778786,99.7482,249.6695,83.4310,37.0401,0,U,30332,999,98634,.2522438E-3,.234E-5,0
FENGYUN 1C DEB,1999-025AAV,2026-09-23T05:31:01.460928,13.93436000,.01412526,99.0227,3.6698,284.6252,103.2272,0,U,30334,999,99182,.96956856E-3,.1334E-4,0
FENGYUN 1C DEB,1999-025AAW,2026-09-23T13:33:47.704608,14.01517994,.01364718,98.9289,256.3335,60.6527,60.4113,0,U,30335,999,577,.30223242E-3,.453E-5,0
FENGYUN 1C DEB,1999-025AAX,2026-09-23T13:38:01.751712,14.19664909,.00421203,98.5841,284.0288,264.3252,219.4455,0,U,30336,999,1640,.1909225E-3,.364E-5,0
FENGYUN 1C DEB,1999-025AAZ,2026-09-23T11:11:31.580736,14.50293560,.02632182,98.4331,341.7372,46.5384,327.4833,0,U,30338,999,2269,.43262102E-3,.2581E-4,0
FENGYUN 1C DEB,1999-025ABA,2026-09-23T08:12:29.130048,14.41881584,.00186893,98.9774,31.4665,314.7013,69.8392,0,U,30339,999,1521,.11000999E-2,.3561E-4,0
FENGYUN 1C DEB,1999-025ABB,2026-09-22T23:47:03.054912,14.04706898,.0146022,98.9627,324.7673,63.0470,57.1189,0,U,30340,999,771,.10042481E-3,.134E-5,0
FENGYUN 1C DEB,1999-025ABC,2026-09-23T06:14:49.814592,14.37762495,.00480918,99.2099,178.9468,315.7853,195.7998,0,U,30341,999,1165,.12968124E-2,.3908E-4,0
FENGYUN 1C DEB,1999-025ABD,2026-09-23T13:47:51.946656,13.80387303,.01682849,100.1879,113.1718,110.2951,313.0646,0,U,30342,999,98818,.37591091E-3,.388E-5,0
FENGYUN 1C DEB,1999-025ABF,2026-09-23T06:02:53.554272,14.56669348,.00047795,98.8155,8.5354,333.6470,55.4278,0,U,30344,999,2213,.10951295E-2,.4841E-4,0
FENGYUN 1C DEB,1999-025ABG,2026-09-23T05:03:15.188544,14.44742297,.00176765,98.9061,343.6891,123.3950,236.8934,0,U,30345,999,1878,.951296E-3,.3261E-4,0
FENGYUN 1C DEB,1999-025ABH,2026-09-23T05:43:05.773728,14.36671622,.00533383,98.8116,13.8640,262.8469,128.7834,0,U,30346,999,1494,.11339828E-2,.3349E-4,0
FENGYUN 1C DEB,1999-025ABJ,2026-09-20T17:36:52.854912,13.92897882,.0149215,98.4002,66.3117,329.6522,41.6788,0,U,30347,999,99886,.1331E-3,.15E-5,0
FENGYUN 1C DEB,1999-025ABK,2026-09-23T05:55:28.248672,14.37671368,.00186886,98.8656,14.2072,250.1462,139.7615,0,U,30348,999,1615,.93911814E-3,.2781E-4,0
FENGYUN 1C DEB,1999-025ABL,2026-09-23T10:57:36.978336,14.12832055,.00851386,98.6023,222.1871,280.8804,208.0519,0,U,30349,999,243,.93986159E-3,.1766E-4,0
FENGYUN 1C DEB,1999-025ABM,2026-09-23T08:03:47.012256,13.83322499,.02178073,98.1248,50.7202,243.5172,144.4107,0,U,30350,999,98916,.55755981E-3,.698E-5,0
FENGYUN 1C DEB,1999-025ABP,2026-09-23T00:10:31.273824,14.07757206,.0027536,98.7477,283.3982,235.0869,154.3189,0,U,30352,999,902,.87331935E-4,.106E-5,0
FENGYUN 1C DEB,1999-025ABS,2026-09-23T05:56:19.255776,14.19503814,.00525573,98.5945,266.9843,206.3846,217.5097,0,U,30355,999,1374,.36185211E-3,.73E-5,0
FENGYUN 1C DEB,1999-025ABT,2026-09-23T13:04:39.417888,14.13684675,.00521023,98.6984,258.6568,195.4666,285.7744,0,U,30356,999,1027,.34906893E-3,.625E-5,0
FENGYUN 1C DEB,1999-025ABU,2026-09-23T13:51:34.143264,14.05379060,.00482756,98.7820,290.2358,249.6603,234.4057,0,U,30357,999,802,.10536174E-3,.13E-5,0
FENGYUN 1C DEB,1999-025ABV,2026-09-23T11:24:39.939264,14.22242502,.00824231,98.5568,91.9653,92.4929,330.6555,0,U,30358,999,960,.78313771E-3,.1758E-4,0
FENGYUN 1C DEB,1999-025ABW,2026-09-23T13:35:12.856128,13.95608005,.01456449,101.6150,170.4997,354.2504,5.6972,0,U,30359,999,99040,.15843172E-2,.2291E-4,0
FENGYUN 1C DEB,1999-025ABX,2026-09-23T04:52:39.448704,14.28108236,.00285788,98.7476,341.1922,41.0126,343.8393,0,U,30360,999,1457,.67770938E-3,.1648E-4,0
FENGYUN 1C DEB,1999-025ABY,2026-09-23T01:18:06.263424,14.26398972,.00632356,98.5461,300.3064,279.6296,79.7745,0,U,30361,999,1669,.47003385E-3,.1111E-4,0
FENGYUN 1C DEB,1999-025ABZ,2026-09-23T06:18:50.865408,14.13757731,.00898555,99.0505,197.1857,263.4427,95.6510,0,U,30362,999,184,.12937771E-2,.2497E-4,0
FENGYUN 1C DEB,1999-025ACA,2026-09-23T04:06:11.437344,14.18328085,.00759307,99.0162,346.7225,309.3808,50.0658,0,U,30363,999,837,.678716E-3,.1392E-4,0
FENGYUN 1C DEB,1999-025ACB,2026-09-23T04:24:26.714592,14.20492859,.03184369,98.1226,164.8137,206.6587,311.3254,0,U,30364,999,99675,.55420785E-3,.1939E-4,0
FENGYUN 1C DEB,1999-025ACC,2026-09-23T10:28:22.203840,14.19529439,.01668934,98.6376,258.6112,10.1712,144.5077,0,U,30365,999,1632,.17197485E-3,.373E-5,0
FENGYUN 1C DEB,1999-025ACD,2026-09-23T14:34:11.253216,14.34189462,.00632596,98.9290,198.1591,104.7830,21.0429,0,U,30366,999,2406,.25576546E-3,.686E-5,0
FENGYUN 1C DEB,1999-025ACF,2026-09-23T06:10:35.046912,13.75538696,.01847805,99.1984,7.1282,277.4830,107.6631,0,U,30368,999,98573,.18360515E-3,.156E-5,0
FENGYUN 1C DEB,1999-025ACG,2026-09-22T23:30:06.290208,14.12261749,.0100356,98.7362,260.9276,107.6806,278.3010,0,U,30369,999,1259,.12291038E-3,.195E-5,0
FENGYUN 1C DEB,1999-025ACH,2026-09-23T03:43:37.638336,14.20293527,.00998224,99.0344,333.2500,225.3540,162.2556,0,U,30370,999,1130,.57363575E-3,.1243E-4,0
FENGYUN 1C DEB,1999-025ACJ,2026-09-22T17:14:31.397280,14.31402495,.00075748,98.5513,309.4892,202.8511,279.0690,0,U,30371,999,1962,.50126349E-3,.1286E-4,0
FENGYUN 1C DEB,1999-025ACM,2026-09-23T05:35:11.714208,14.65023371,.00399139,99.2489,169.5982,24.7329,126.0826,0,U,30374,999,3082,.79916613E-3,.4275E-4,0
FENGYUN 1C DEB,1999-025ACQ,2026-09-23T01:06:13.366656,13.99440409,.01177643,98.8789,282.1630,198.4804,184.4537,0,U,30377,999,184,.4226167E-3,.61E-5,0
FENGYUN 1C DEB,1999-025ACS,2026-09-23T07:07:04.700352,14.08287873,.00360266,98.7500,277.5187,194.3136,179.1821,0,U,30379,999,815,.11783374E-3,.16E-5,0
FENGYUN 1C DEB,1999-025ACT,2026-09-23T03:57:20.368512,14.51295312,.01769475,98.8767,335.1029,80.2368,281.8758,0,U,30380,999,3689,.14763491E-3,.661E-5,0
FENGYUN 1C DEB,1999-025ACU,2026-09-23T01:47:17.565504,14.13908540,.00534301,98.7910,301.4857,347.8111,12.1766,0,U,30381,999,96183,.54822423E-3,.101E-4,0
FENGYUN 1C DEB,1999-025ACV,2026-09-23T08:07:58.413792,14.26381088,.01521012,98.4737,300.8319,242.7499,127.2072,0,U,30382,999,1588,.39967419E-3,.104E-4,0
FENGYUN 1C DEB,1999-025ACY,2026-09-22T01:59:54.154752,14.39218679,.0125071,99.0546,306.9696,175.6620,240.1045,0,U,30385,999,2842,.12401647E-3,.368E-5,0
FENGYUN 1C DEB,1999-025ACZ,2026-09-23T14:34:31.831968,13.56365962,.03028827,98.6700,133.5403,136.6854,299.5259,0,U,30386,999,96690,.9771591E-3,.89E-5,0
FENGYUN 1C DEB,1999-025ADA,2026-09-23T13:51:45.193824,14.15327320,.00013705,98.6478,278.1074,79.4921,45.6426,0,U,30387,999,1353,.17600621E-3,.3E-5,0
FENGYUN 1C DEB,1999-025ADB,2026-09-23T00:16:23.359008,14.20405520,.02187792,98.5829,283.7096,320.1058,67.0745,0,U,30388,999,1463,.27795617E-3,.71E-5,0
FENGYUN 1C DEB,1999-025ADC,2026-09-23T12:57:42.643296,14.47823256,.00128896,98.8322,4.6129,97.6621,275.8665,0,U,30389,999,1901,.10617997E-2,.3886E-4,0
FENGYUN 1C DEB,1999-025ADD,2026-09-23T04:51:49.885344,14.31769920,.00655039,98.8154,358.4599,54.2508,336.4174,0,U,30390,999,1452,.72036304E-3,.1925E-4,0
FENGYUN 1C DEB,1999-025ADE,2026-09-23T01:51:44.392896,14.17259114,.00720092,98.7575,313.0154,168.2555,222.7042,0,U,30391,999,893,.54352908E-3,.1082E-4,0
FENGYUN 1C DEB,1999-025ADF,2026-09-22T23:40:12.952128,14.08012817,.01785768,98.7716,281.8158,275.2603,112.5119,0,U,30392,999,662,.31692054E-3,.579E-5,0
FENGYUN 1C DEB,1999-025ADG,2026-09-23T04:00:25.978176,13.99072494,.00709014,99.1253,328.3218,197.8369,186.5390,0,U,30393,999,302,.13144652E-3,.15E-5,0
FENGYUN 1C DEB,1999-025ADH,2026-09-22T23:18:05.181984,13.95967333,.00895582,99.4043,305.5665,52.0776,65.6451,0,U,30394,999,69,.56446636E-4,.34E-6,0
FENGYUN 1C DEB,1999-025ADJ,2026-09-22T14:21:25.125408,13.97040389,.01588671,98.9209,277.9393,323.7393,165.5648,0,U,30395,999,99986,.19087428E-3,.252E-5,0
FENGYUN 1C DEB,1999-025ADK,2026-09-21T21:49:07.707072,13.87248736,.01352374,98.2439,241.1875,66.8560,348.1958,0,U,30396,999,99505,.93510319E-4,.83E-6,0
FENGYUN 1C DEB,1999-025ADL,2026-09-23T07:21:49.997088,13.99516413,.01484046,98.4349,36.7048,14.0712,16.4408,0,U,30397,999,99744,.58689455E-3,.902E-5,0
FENGYUN 1C DEB,1999-025ADM,2026-09-22T23:34:00.072192,13.78942342,.01721201,99.6940,174.2846,274.7885,146.7926,0,U,30398,999,98674,.23584638E-3,.22E-5,0
FENGYUN 1C DEB,1999-025ADP,2026-09-23T14:24:00.507168,14.12770010,.02163054,99.1605,205.2624,256.8525,280.8336,0,U,30400,999,99533,.9276711E-3,.2101E-4,0
FENGYUN 1C DEB,1999-025ADQ,2026-09-23T03:38:20.947776,14.28193857,.01075682,98.9078,154.4852,23.3188,337.2820,0,U,30401,999,2364,.93451206E-4,.201E-5,0
FENGYUN 1C DEB,1999-025ADS,2026-09-23T04:46:51.626496,14.23660577,.00729988,99.0525,357.4836,286.5668,72.7500,0,U,30403,999,851,.98115744E-3,.2253E-4,0
FENGYUN 1C DEB,1999-025ADT,2026-09-22T04:26:26.382912,13.34740015,.03827027,99.8262,351.4018,172.5472,188.1570,0,U,30404,999,61817,.10318262E-2,.743E-5,0
FENGYUN 1C DEB,1999-025ADU,2026-09-23T06:28:35.648256,14.30822325,.00483632,98.7950,8.0843,43.6313,342.4896,0,U,30405,999,1456,.70110428E-3,.1817E-4,0
FENGYUN 1C DEB,1999-025ADV,2026-09-23T13:51:54.075744,13.59960480,.02799882,98.6043,128.4146,335.6640,77.4734,0,U,30406,999,97037,.98842268E-3,.916E-5,0
FENGYUN 1C DEB,1999-025ADX,2026-09-23T04:03:34.078752,14.38517364,.00433003,99.0194,243.1571,196.1018,225.1320,0,U,30408,999,65621,.16433406E-2,.5033E-4,0
FENGYUN 1C DEB,1999-025ADY,2026-09-23T11:17:33.794592,14.04324621,.0165293,98.5001,240.3261,281.0693,202.0787,0,U,30409,999,423,.35388733E-3,.594E-5,0
FENGYUN 1C DEB,1999-025AEA,2026-09-23T04:45:12.484224,14.09264086,.01243809,98.5686,168.0520,20.1798,340.4228,0,U,30411,999,99988,.94993762E-3,.1735E-4,0
FENGYUN 1C DEB,1999-025AEC,2026-09-23T04:54:14.156928,14.35465359,.00433571,102.0654,255.1896,192.6205,233.7555,0,U,30413,999,1211,.11249932E-2,.3195E-4,0
FENGYUN 1C DEB,1999-025AED,2026-09-23T09:56:47.236704,14.37079020,.00563149,99.1010,84.0564,75.4286,285.3135,0,U,30414,999,1164,.94363731E-3,.2806E-4,0
FENGYUN 1C DEB,1999-025AEE,2026-09-23T02:57:28.119168,13.69605664,.02319758,99.6334,331.6670,258.6448,128.9036,0,U,30415,999,97770,.1008501E-2,.1016E-4,0
FENGYUN 1C DEB,1999-025AEF,2026-09-23T07:45:51.732288,14.02822902,.00564411,98.8154,286.9366,115.7088,244.9921,0,U,30416,999,614,.34776043E-4,.12E-6,0
FENGYUN 1C DEB,1999-025AEG,2026-09-23T10:16:37.332768,14.14940040,.00643122,98.7162,254.4212,28.0562,126.4883,0,U,30417,999,1408,.17209539E-3,.296E-5,0
FENGYUN 1C DEB,1999-025AEH,2026-09-23T11:52:36.350688,14.87854591,.01025323,98.8506,103.3296,287.0484,132.2325,0,U,30418,999,4822,.35136419E-3,.3464E-4,0
FENGYUN 1C DEB,1999-025AEJ,2026-09-22T08:53:43.912896,14.18676581,.00510927,99.2650,229.2333,304.9076,209.0927,0,U,30419,999,1370,.30437861E-3,.591E-5,0
FENGYUN 1C DEB,1999-025AET,2026-09-23T11:38:55.612896,14.41612922,.00804554,98.8182,179.6861,211.4458,148.1907,0,U,30432,999,2836,.24486188E-3,.779E-5,0
FENGYUN 1C DEB,1999-025AEV,2026-09-23T10:43:32.237760,13.90878503,.01209469,99.0256,249.8292,176.2760,335.8442,0,U,30434,999,99664,.1291568E-3,.129E-5,0
FENGYUN 1C DEB,1999-025AEW,2026-09-23T09:49:17.999040,13.80969357,.02086535,99.0298,245.0071,71.1444,80.4993,0,U,30435,999,98087,.19244586E-2,.2355E-4,0
FENGYUN 1C DEB,1999-025AEX,2026-09-23T13:58:01.053696,14.24813373,.00989023,98.4087,153.5284,21.8458,67.8763,0,U,30436,999,491,.14105853E-2,.3421E-4,0
FENGYUN 1C DEB,1999-025AEY,2026-09-23T10:32:14.659584,15.01011886,.0022135,98.8925,329.5250,263.2761,108.9884,0,U,30437,999,3439,.11693431E-2,.14957E-3,0
FENGYUN 1C DEB,1999-025AEZ,2026-09-22T23:30:01.972800,13.92973508,.01346994,98.7433,272.2808,124.8563,236.5351,0,U,30438,999,99262,.65730234E-3,.88E-5,0
FENGYUN 1C DEB,1999-025AFA,2026-09-23T05:53:45.156192,14.09161555,.00371778,98.7461,274.6468,249.8585,177.7005,0,U,30439,999,786,.21677919E-3,.336E-5,0
FENGYUN 1C DEB,1999-025AFC,2026-09-23T04:47:34.384992,13.77960223,.01835887,99.1232,349.6919,222.9162,135.7542,0,U,30441,999,98787,.36556951E-3,.372E-5,0
FENGYUN 1C DEB,1999-025AFD,2026-09-23T05:36:29.817216,14.31134951,.0055172,98.8673,10.0427,178.9727,181.1578,0,U,30442,999,1227,.11412478E-2,.3016E-4,0
FENGYUN 1C DEB,1999-025AFE,2026-09-23T07:38:36.116448,14.39933225,.00229088,98.8610,227.3971,214.0390,145.9329,0,U,30443,999,1525,.98840042E-3,.3072E-4,0
FENGYUN 1C DEB,1999-025AFG,2026-09-23T11:32:21.970176,14.49904268,.01021756,98.8689,236.9397,240.4664,118.6311,0,U,30445,999,3307,.22532384E-3,.875E-5,0
FENGYUN 1C DEB,1999-025AFH,2026-09-23T12:13:42.718944,14.47498592,.00313203,98.6049,358.3687,317.6475,42.2300,0,U,30446,999,2294,.76269298E-3,.2774E-4,0
FENGYUN 1C DEB,1999-025AFJ,2026-09-23T04:43:11.229600,14.61693625,.00514662,98.9549,155.5524,245.7145,266.4656,0,U,30447,999,2236,.8882017E-3,.4452E-4,0
FENGYUN 1C DEB,1999-025AFK,2026-09-23T05:40:17.312736,14.37736847,.00171624,98.8313,9.9721,246.7359,146.5028,0,U,30448,999,1424,.9327967E-3,.2765E-4,0
FENGYUN 1C DEB,1999-025AFM,2026-09-23T14:13:54.371424,14.63782095,.01849438,98.0710,279.7241,32.8643,61.0121,0,U,30450,999,3701,.4266268E-3,.2799E-4,0
FENGYUN 1C DEB,1999-025AFP,2026-09-23T12:01:22.168128,14.74961014,.0040384,99.3360,90.9868,96.9883,325.7535,0,U,30452,999,2277,.14348469E-2,.9716E-4,0
FENGYUN 1C DEB,1999-025AFQ,2026-09-23T04:22:01.919424,14.26306908,.01143413,98.7955,344.0792,122.0617,268.4467,0,U,30453,999,1288,.67824841E-3,.1701E-4,0
FENGYUN 1C DEB,1999-025AFR,2026-09-23T08:50:46.866336,14.18330759,.01691602,98.1352,217.6764,84.3530,65.4990,0,U,30454,999,99991,.1555651E-2,.3657E-4,0
FENGYUN 1C DEB,1999-025AFZ,2026-09-23T12:30:52.484256,14.06449911,.01394791,98.8419,252.9067,170.1850,313.1291,0,U,30462,999,792,-.3396877E-4,-.104E-5,0
FENGYUN 1C DEB,1999-025AGB,2026-09-23T09:46:43.647168,14.10328565,.01093923,98.7974,316.1771,173.4579,199.0603,0,U,30464,999,1072,.31605819E-4,.16E-6,0
FENGYUN 1C DEB,1999-025AGC,2026-09-23T05:29:08.548224,14.36263705,.00163001,98.8266,5.8278,265.6162,124.2925,0,U,30465,999,1437,.95470539E-3,.2747E-4,0
FENGYUN 1C DEB,1999-025AGD,2026-09-23T01:23:46.662144,14.23655261,.01147546,98.6323,305.9698,278.9913,109.6432,0,U,30466,999,1395,.48685908E-3,.1144E-4,0
FENGYUN 1C DEB,1999-025AGE,2026-09-23T01:14:53.727936,14.18134077,.00639128,98.6559,291.7112,31.4973,355.6892,0,U,30467,999,1194,.46486148E-3,.931E-5,0
FENGYUN 1C DEB,1999-025AGF,2026-09-23T04:44:46.629888,14.22330655,.0070452,98.9129,355.5777,302.1878,87.0811,0,U,30468,999,831,.72621134E-3,.161E-4,0
FENGYUN 1C DEB,1999-025AGG,2026-09-23T12:22:03.311040,13.97237504,.01588888,98.4617,100.0187,94.0575,322.4480,0,U,30469,999,99682,.4246501E-3,.624E-5,0
FENGYUN 1C DEB,1999-025AGJ,2026-09-23T05:07:22.456704,14.15075583,.00819473,99.0503,2.5939,170.8881,219.6032,0,U,30471,999,454,.82370705E-3,.1604E-4,0
FENGYUN 1C DEB,1999-025AGK,2026-09-23T06:25:00.196896,14.58831877,.00341792,98.6609,23.1519,285.9011,103.6472,0,U,30472,999,2178,.11272069E-2,.5266E-4,0
FENGYUN 1C DEB,1999-025AGM,2026-09-23T06:05:42.249408,14.40907800,.00244022,98.9220,1.7825,239.5911,145.9044,0,U,30474,999,1484,.96743418E-3,.3068E-4,0
FENGYUN 1C DEB,1999-025AGN,2026-09-23T08:51:26.223264,14.16423748,.00433066,98.7701,308.7790,196.5932,176.7152,0,U,30475,999,978,.45839325E-3,.876E-5,0
FENGYUN 1C DEB,1999-025AGP,2026-09-22T02:08:20.743872,14.22315265,.00453799,99.1044,316.4923,209.7627,215.9286,0,U,30476,999,868,.65579018E-3,.1426E-4,0
FENGYUN 1C DEB,1999-025AGQ,2026-09-23T10:30:31.846176,13.24407566,.04273131,99.4192,328.1024,313.1896,55.6626,0,U,30477,999,94487,.14407039E-2,.967E-5,0
FENGYUN 1C DEB,1999-025AGS,2026-09-22T19:59:00.254112,14.34006477,.01652258,98.2190,271.7251,17.0750,103.9625,0,U,30480,999,2739,.16317913E-3,.486E-5,0
FENGYUN 1C DEB,1999-025AGT,2026-09-22T00:19:40.809792,14.39980094,.02225519,98.3247,279.6993,127.1973,300.9292,0,U,30481,999,2551,.18730414E-3,.74E-5,0
FENGYUN 1C DEB,1999-025AHB,2026-09-23T12:31:42.864096,14.16103561,.01398389,98.4636,272.4057,163.4480,325.6495,0,U,30489,999,1416,.1407066E-3,.265E-5,0
FENGYUN 1C DEB,1999-025AHE,2026-09-23T09:55:23.270592,14.60329285,.00873138,102.3224,63.0203,26.2336,334.3233,0,U,30492,999,1034,.13616231E-2,.6857E-4,0
FENGYUN 1C DEB,1999-025AHF,2026-09-23T07:26:41.153856,13.94294761,.01817292,98.5841,81.3575,148.2953,334.9449,0,U,30493,999,99059,.10703488E-2,.1593E-4,0
FENGYUN 1C DEB,1999-025AHG,2026-09-23T01:20:10.790016,13.80096103,.01866305,99.2597,300.6813,188.4479,171.3518,0,U,30494,999,98407,.69255086E-3,.778E-5,0
FENGYUN 1C DEB,1999-025AHH,2026-09-22T13:49:22.372032,12.95371447,.05909945,102.2725,33.8362,45.1223,319.6327,0,U,30495,999,92347,.16349451E-2,.973E-5,0
FENGYUN 1C DEB,1999-025AHJ,2026-09-21T19:36:11.172672,14.98551317,.01172761,98.7921,210.3075,257.5951,101.2123,0,U,30496,999,5378,.26184673E-3,.353E-4,0
FENGYUN 1C DEB,1999-025AHL,2026-09-23T03:26:42.280224,14.07462498,.00998577,99.2267,328.1091,87.4463,303.1180,0,U,30498,999,99768,.58196827E-3,.98E-5,0
FENGYUN 1C DEB,1999-025AHN,2026-09-23T06:36:34.045920,14.27895643,.00604124,99.0735,13.0585,15.5050,11.7738,0,U,30500,999,735,.10991067E-2,.2728E-4,0
FENGYUN 1C DEB,1999-025AHP,2026-09-22T22:47:15.887616,14.27026069,.00419691,99.0946,272.4772,103.8222,286.1896,0,U,30501,999,970,.74909347E-3,.1794E-4,0
FENGYUN 1C DEB,1999-025AHR,2026-09-23T02:38:12.998688,14.16382085,.00085057,99.1760,123.7836,176.8364,334.7125,0,U,30503,999,1372,.14294767E-3,.237E-5,0
FENGYUN 1C DEB,1999-025AHS,2026-09-22T23:21:17.528256,14.21058347,.01114636,98.9920,322.6315,124.5181,236.6580,0,U,30504,999,1429,.11729307E-3,.226E-5,0
FENGYUN 1C DEB,1999-025AHT,2026-09-23T05:00:50.523840,14.23597384,.00643262,98.9161,354.4666,145.6082,244.3390,0,U,30505,999,961,.86649262E-3,.1972E-4,0
FENGYUN 1C DEB,1999-025AHU,2026-09-21T22:32:51.712224,14.08912006,.00690275,98.7618,267.0161,267.4104,121.9248,0,U,30506,999,810,.21230566E-3,.332E-5,0
FENGYUN 1C DEB,1999-025AHV,2026-09-22T17:12:39.773664,14.14200901,.01277323,98.9931,337.1479,94.0764,34.3055,0,U,30507,999,499,.66713038E-3,.1332E-4,0
FENGYUN 1C DEB,1999-025AHX,2026-09-23T13:56:53.600352,14.09114914,.01011747,98.4526,125.9371,334.6791,79.9813,0,U,30509,999,99732,.86448892E-3,.1532E-4,0
FENGYUN 1C DEB,1999-025AHY,2026-09-23T01:01:53.662944,14.14065142,.00786182,99.2322,292.3600,89.5187,300.6996,0,U,30510,999,588,.67460534E-3,.1275E-4,0
FENGYUN 1C DEB,1999-025AJC,2026-09-23T12:49:11.936352,14.35238690,.01705728,98.3932,287.5449,325.8245,33.2054,0,U,30514,999,2307,.28014187E-3,.896E-5,0
FENGYUN 1C DEB,1999-025AJD,2026-09-23T13:34:35.616864,13.64605101,.04948716,98.4786,113.2471,39.0486,16.0863,0,U,30515,999,97214,.41564702E-3,.737E-5,0
FENGYUN 1C DEB,1999-025AJE,2026-09-23T07:20:50.108928,14.44966943,.00101453,98.8651,26.7033,166.8604,221.9260,0,U,30516,999,1820,.10321458E-2,.3555E-4,0
FENGYUN 1C DEB,1999-025AJJ,2026-09-23T13:30:27.476064,15.26306245,.00524843,98.7027,128.7235,216.5555,143.2093,0,U,30520,999,5370,.55361362E-3,.14871E-3,0
FENGYUN 1C DEB,1999-025AJK,2026-09-23T04:35:06.521280,14.59878882,.01336623,99.0243,70.4948,97.9523,263.6868,0,U,30521,999,3728,.29227498E-3,.1524E-4,0
FENGYUN 1C DEB,1999-025AJM,2026-09-23T03:59:46.153824,14.28346772,.02418544,98.4990,241.7787,352.0522,65.8430,0,U,30523,999,2160,.18745107E-3,.589E-5,0
FENGYUN 1C DEB,1999-025AJN,2026-09-23T10:59:59.306784,13.95239688,.01990726,99.3233,86.0638,198.2832,161.1101,0,U,30524,999,97852,.25635503E-2,.4045E-4,0
FENGYUN 1C DEB,1999-025AJP,2026-09-23T01:50:21.639840,13.59287334,.02917671,98.5785,121.5912,286.7894,70.1433,0,U,30525,999,96979,.79250854E-3,.734E-5,0
FENGYUN 1C DEB,1999-025AJQ,2026-09-23T04:03:57.818880,13.50277120,.03067016,99.5325,341.8624,272.5758,84.0308,0,U,30526,999,96496,.12799952E-2,.1051E-4,0
FENGYUN 1C DEB,1999-025AJR,2026-09-22T02:06:17.286912,13.31569143,.04089482,100.0431,307.6349,271.8334,111.2381,0,U,30527,999,95127,.10893157E-2,.783E-5,0
FENGYUN 1C DEB,1999-025AJS,2026-09-22T12:36:11.303712,14.13839915,.01443682,98.2018,117.4730,125.3532,299.5046,0,U,30528,999,1145,.20399905E-3,.389E-5,0
FENGYUN 1C DEB,1999-025AJT,2026-09-23T03:13:36.554304,13.72308875,.0228756,98.4745,160.6161,180.0487,180.0679,0,U,30529,999,97908,.57609464E-3,.598E-5,0
FENGYUN 1C DEB,1999-025AJU,2026-09-23T14:37:50.683296,14.37153185,.00988598,98.3639,302.5431,5.9363,124.5372,0,U,30530,999,2877,.12716333E-3,.355E-5,0
FENGYUN 1C DEB,1999-025AJV,2026-09-23T08:43:49.674432,14.72234673,.00223159,102.3070,238.8612,142.9484,217.3253,0,U,30531,999,1862,.20280957E-2,.12781E-3,0
FENGYUN 1C DEB,1999-025AJX,2026-09-22T21:58:40.495008,14.60076018,.00721372,98.8461,57.1596,1.8458,150.7992,0,U,30533,999,1949,.11070991E-2,.5466E-4,0
FENGYUN 1C DEB,1999-025AKD,2026-09-22T13:43:42.721536,14.56606409,.01153187,98.8986,269.6222,132.4415,228.6604,0,U,30539,999,3474,.20999095E-3,.967E-5,0
FENGYUN 1C DEB,1999-025AKE,2026-09-22T06:48:20.570688,14.34867149,.00497293,98.8882,26.1272,308.9856,80.5117,0,U,30540,999,1349,.85433819E-3,.2414E-4,0
FENGYUN 1C DEB,1999-025AKF,2026-09-23T02:04:27.731712,14.24139401,.00154297,98.6717,313.9402,340.6424,19.4167,0,U,30541,999,1367,.49394458E-3,.1095E-4,0
FENGYUN 1C DEB,1999-025AKG,2026-09-23T01:30:45.167328,14.07099861,.00269197,98.7612,291.3888,251.3758,133.2795,0,U,30542,999,902,.12299625E-3,.164E-5,0
FENGYUN 1C DEB,1999-025AKH,2026-09-22T23:35:48.333984,14.03921789,.00711489,98.8315,272.5245,319.2539,69.0450,0,U,30543,999,492,.19881677E-4,-.11E-6,0
FENGYUN 1C DEB,1999-025AKK,2026-09-17T22:43:37.254144,13.20945453,.04726042,98.9916,79.6563,54.2961,310.1191,0,U,30545,999,94616,.19433191E-3,.109E-5,0
FENGYUN 1C DEB,1999-025AKL,2026-09-23T04:33:20.196576,14.91182542,.00856557,98.8729,162.2742,332.7505,179.5195,0,U,30546,999,4691,.41419959E-3,.4336E-4,0
FENGYUN 1C DEB,1999-025AKM,2026-09-23T14:14:08.980800,14.38100350,.00963822,98.8736,124.4698,96.8823,328.4435,0,U,30547,999,2814,.11480406E-3,.319E-5,0
FENGYUN 1C DEB,1999-025AKN,2026-09-21T07:36:06.171840,14.28985822,.0063851,99.6759,197.1760,255.8088,256.2594,0,U,30548,999,18128,.77188288E-3,.1942E-4,0
FENGYUN 1C DEB,1999-025AKP,2026-09-23T06:21:20.513664,14.00319146,.02885166,98.4857,11.4848,177.8558,182.3922,0,U,30549,999,99274,.93879269E-3,.1952E-4,0
FENGYUN 1C DEB,1999-025AKQ,2026-09-23T05:22:26.560992,14.04145391,.01243551,99.0439,165.1697,227.8024,285.3658,0,U,30550,999,99385,.78673441E-3,.1291E-4,0
FENGYUN 1C DEB,1999-025AKS,2026-09-22T09:11:39.177312,14.61548865,.00129887,98.8456,60.0155,112.7786,247.4787,0,U,30552,999,1786,.14464948E-2,.7142E-4,0
FENGYUN 1C DEB,1999-025AKT,2026-09-23T08:40:51.580704,14.83293578,.0015986,99.1341,44.1003,334.1391,25.9018,0,U,30553,999,2666,.12614756E-2,.10292E-3,0
FENGYUN 1C DEB,1999-025AKV,2026-09-23T02:53:32.436384,14.22104480,.00433606,98.7344,322.0143,171.2844,218.1393,0,U,30555,999,977,.66666746E-3,.1446E-4,0
FENGYUN 1C DEB,1999-025AKW,2026-09-23T05:19:34.803840,14.01653894,.00665727,98.8024,254.1684,166.3368,206.6921,0,U,30556,999,236,-.16436771E-4,-.67E-6,0
FENGYUN 1C DEB,1999-025AKX,2026-09-23T02:47:58.548768,14.11908471,.00698888,98.9025,334.1887,149.7667,210.7566,0,U,30557,999,311,.84074236E-3,.1528E-4,0
FENGYUN 1C DEB,1999-025AKY,2026-09-23T07:22:06.070080,13.29461408,.04218355,99.4742,29.4871,305.2004,51.0300,0,U,30558,999,94538,.1973417E-2,.145E-4,0
FENGYUN 1C DEB,1999-025ALA,2026-09-23T12:20:03.549408,14.17334387,.01160879,98.6830,258.4041,114.1578,12.2989,0,U,30560,999,1403,.1347726E-3,.249E-5,0
FENGYUN 1C DEB,1999-025ALB,2026-09-22T05:36:30.155040,14.11562120,.0060387,98.7335,264.6147,30.4877,30.3375,0,U,30561,999,978,.20947522E-3,.344E-5,0
FENGYUN 1C DEB,1999-025ALC,2026-09-23T03:11:59.363808,14.24630176,.00602309,98.7457,337.6306,162.2412,227.7799,0,U,30562,999,1040,.77520674E-3,.1792E-4,0
FENGYUN 1C DEB,1999-025ALE,2026-09-22T20:30:03.179808,14.06410949,.02017504,98.7916,274.6655,40.5531,78.8021,0,U,30564,999,287,.41388188E-3,.78E-5,0
FENGYUN 1C DEB,1999-025ALF,2026-09-23T01:58:36.295392,14.11561884,.01375783,98.4419,124.6186,264.1108,250.7838,0,U,30565,999,99936,.89064913E-3,.1726E-4,0
FENGYUN 1C DEB,1999-025ALG,2026-09-23T03:12:06.191136,14.12784579,.00683064,99.1962,327.3020,106.1078,284.4803,0,U,30566,999,396,.5950173E-3,.1084E-4,0
FENGYUN 1C DEB,1999-025ALH,2026-09-21T22:55:04.153152,14.09164937,.01097622,98.7982,253.6764,109.8234,278.1745,0,U,30567,999,762,.1238123E-3,.185E-5,0
FENGYUN 1C DEB,1999-025ALJ,2026-09-23T12:05:25.955232,14.61352172,.00185984,98.9440,103.4417,40.1646,20.5561,0,U,30568,999,1803,.10544589E-2,.5173E-4,0
FENGYUN 1C DEB,1999-025ALK,2026-09-23T10:16:05.974752,14.87321963,.00050296,98.7460,76.0230,251.3154,108.7514,0,U,30569,999,2412,.17618397E-2,.15873E-3,0
FENGYUN 1C DEB,1999-025ALL,2026-09-23T07:42:43.154784,14.14685352,.00365028,98.6875,296.5296,119.8923,302.2459,0,U,30570,999,1015,.24622755E-3,.434E-5,0
FENGYUN 1C DEB,1999-025ALM,2026-09-23T14:11:01.070304,14.10927799,.00221581,98.7084,289.3919,145.1131,338.6683,0,U,30571,999,897,.18885068E-3,.297E-5,0
FENGYUN 1C DEB,1999-025ALN,2026-09-23T14:42:44.028576,14.09146276,.00219828,98.7451,293.2316,205.4557,274.3914,0,U,30572,999,769,.20328177E-3,.311E-5,0
FENGYUN 1C DEB,1999-025ALP,2026-09-23T09:13:23.080224,14.15440365,.00883906,99.2078,318.3046,192.7590,230.7640,0,U,30573,999,223,.86519938E-3,.1707E-4,0
FENGYUN 1C DEB,1999-025ALQ,2026-09-23T09:56:46.210272,13.78978676,.02156897,99.3292,70.0082,316.1630,42.2576,0,U,30574,999,97690,.11764601E-2,.1383E-4,0
FENGYUN 1C DEB,1999-025ALR,2026-09-23T06:32:56.323968,14.41492862,.00540299,99.1778,22.6063,121.0504,270.0431,0,U,30575,999,2306,.49808161E-3,.1595E-4,0
FENGYUN 1C DEB,1999-025ALT,2026-09-23T01:02:27.161952,14.11560972,.00292327,98.7428,297.9776,193.6928,196.1785,0,U,30577,999,784,.25718925E-3,.426E-5,0
FENGYUN 1C DEB,1999-025ALV,2026-09-22T21:04:35.054400,14.05508708,.00530928,98.7861,287.0930,27.6576,94.6433,0,U,30579,999,448,.30471317E-3,.459E-5,0
FENGYUN 1C DEB,1999-025ALZ,2026-09-22T10:19:04.613664,14.17533647,.01925831,99.1132,134.6893,231.9786,126.3867,0,U,30594,999,1532,.66626248E-4,.113E-5,0
FENGYUN 1C DEB,1999-025AMB,2026-09-23T12:33:18.542592,14.34936251,.02471067,98.4274,262.4231,160.2492,328.7324,0,U,30596,999,2643,.10266789E-3,.361E-5,0
FENGYUN 1C DEB,1999-025AME,2026-09-21T12:39:46.635840,14.20741208,.02981587,98.5982,273.8367,245.2976,111.6894,0,U,30599,999,1180,.19158465E-3,.594E-5,0
FENGYUN 1C DEB,1999-025AMF,2026-09-23T06:54:32.800896,14.11883791,.03131866,98.3920,197.5327,151.3785,210.4987,0,U,30600,999,98442,.8121644E-3,.2316E-4,0
FENGYUN 1C DEB,1999-025AMJ,2026-09-23T13:20:26.652192,13.84938480,.01823883,98.4031,264.8806,144.3754,345.7824,0,U,30603,999,98817,.69666019E-3,.859E-5,0
FENGYUN 1C DEB,1999-025AMK,2026-09-23T08:05:18.566880,14.24038481,.02074441,98.3737,293.3070,252.9273,118.3528,0,U,30604,999,1858,.12946515E-3,.324E-5,0
FENGYUN 1C DEB,1999-025AMM,2026-09-23T07:08:34.844928,14.59883717,.02058364,98.0926,274.4514,328.5547,40.9796,0,U,30606,999,3392,.44436362E-3,.2806E-4,0
FENGYUN 1C DEB,1999-025AMP,2026-09-23T10:48:51.480576,14.29629779,.00142305,98.6810,333.3586,64.6893,307.3083,0,U,30608,999,1505,.32275139E-3,.783E-5,0
FENGYUN 1C DEB,1999-025AMQ,2026-09-19T04:53:24.274752,14.13158629,.011701,98.5602,171.6018,333.4934,26.0284,0,U,30609,999,99687,.10014938E-2,.1957E-4,0
FENGYUN 1C DEB,1999-025AMX,2026-09-22T00:38:47.707584,13.36618800,.03806018,98.6240,285.4950,264.1192,91.6444,0,U,30616,999,95484,.72113712E-3,.527E-5,0
FENGYUN 1C DEB,1999-025ANA,2026-09-22T00:11:51.076320,14.41743418,.02118677,98.2767,284.6617,282.1420,75.6108,0,U,30619,999,3019,.10992643E-3,.414E-5,0
FENGYUN 1C DEB,1999-025ANC,2026-09-23T07:48:05.706720,14.05396933,.01314915,98.7022,203.1187,226.4357,296.6127,0,U,30621,999,99585,.74853685E-3,.1269E-4,0
FENGYUN 1C DEB,1999-025AND,2026-09-22T05:07:25.533408,14.35109272,.00664368,100.9921,357.5770,322.8586,66.5056,0,U,30622,999,72859,.12888326E-2,.3708E-4,0
FENGYUN 1C DEB,1999-025ANE,2026-09-23T08:14:48.263424,13.29578203,.04045196,98.8572,50.0362,125.2030,269.0207,0,U,30623,999,94998,.24006514E-3,.143E-5,0
FENGYUN 1C DEB,1999-025ANF,2026-09-20T01:18:47.482272,14.75212255,.00166855,98.8809,14.5315,126.7153,233.5589,0,U,30624,999,1618,.21708785E-2,.14676E-3,0
FENGYUN 1C DEB,1999-025ANG,2026-09-23T08:52:23.520288,14.47564220,.00424542,98.9222,241.6653,167.9722,192.2493,0,U,30625,999,796,.15765986E-2,.5822E-4,0
FENGYUN 1C DEB,1999-025ANK,2026-09-23T09:35:54.664800,14.77371808,.00223738,99.3464,229.9870,84.2806,276.0950,0,U,30628,999,2657,.14404962E-2,.1023E-3,0
FENGYUN 1C DEB,1999-025ANL,2026-09-23T14:39:36.154368,14.67397315,.00057379,99.2557,42.3177,52.6847,8.8745,0,U,30629,999,2057,.1398636E-2,.7857E-4,0
FENGYUN 1C DEB,1999-025ANM,2026-09-23T08:25:08.154912,14.23290350,.0025571,99.1824,96.3534,344.1635,138.2161,0,U,30630,999,1258,.43132643E-3,.932E-5,0
FENGYUN 1C DEB,1999-025ANP,2026-09-22T09:50:03.951744,14.73639844,.00135754,98.8365,64.4113,5.4231,17.1874,0,U,30632,999,1855,.13658784E-2,.8866E-4,0
FENGYUN 1C DEB,1999-025ANQ,2026-09-22T02:30:27.131616,14.05084312,.01286412,98.3968,114.5725,176.1964,342.1348,0,U,30633,999,99870,.5814673E-3,.971E-5,0
FENGYUN 1C DEB,1999-025ANR,2026-09-22T23:26:52.337760,14.11643098,.01194469,99.3103,263.8749,25.4089,1.1482,0,U,30634,999,99625,.12123509E-2,.2311E-4,0
FENGYUN 1C DEB,1999-025ANW,2026-09-23T08:14:19.149216,14.36331461,.00651665,99.0269,35.8684,170.4850,189.7585,0,U,30639,999,798,.16476267E-2,.4893E-4,0
FENGYUN 1C DEB,1999-025ANX,2026-09-23T04:08:06.353664,14.15932378,.00783196,99.0412,346.4959,15.9851,13.8922,0,U,30640,999,468,.60203649E-3,.1176E-4,0
FENGYUN 1C DEB,1999-025ANY,2026-09-23T09:21:32.639040,14.81799561,.01280431,98.9727,238.7651,309.7099,205.1600,0,U,30641,999,4744,.36615822E-3,.3256E-4,0
FENGYUN 1C DEB,1999-025APD,2026-09-23T12:53:20.205024,14.10243171,.00467044,98.6386,280.9523,303.7559,55.9167,0,U,30646,999,614,.43085663E-3,.729E-5,0
FENGYUN 1C DEB,1999-025APE,2026-09-22T16:10:36.067584,14.62323952,.00304337,98.9975,226.5339,32.7496,142.4102,0,U,30647,999,2131,.13838757E-2,.6984E-4,0
FENGYUN 1C DEB,1999-025APF,2026-09-23T05:54:34.956288,14.51863997,.00301057,98.6436,13.2102,343.9179,45.9971,0,U,30648,999,1991,.88748906E-3,.3548E-4,0
FENGYUN 1C DEB,1999-025APG,2026-09-23T06:13:09.218208,14.31588210,.00483472,98.8111,10.2403,62.1375,326.8939,0,U,30649,999,1131,.78750079E-3,.2078E-4,0
FENGYUN 1C DEB,1999-025APH,2026-09-23T02:14:08.711232,14.15171659,.00722051,99.1866,320.0869,111.3314,279.4431,0,U,30650,999,312,.74990958E-3,.1447E-4,0
FENGYUN 1C DEB,1999-025APJ,2026-09-23T07:43:29.155008,14.07887753,.00083847,98.7547,296.2576,176.5712,246.5668,0,U,30652,999,696,.12593388E-3,.171E-5,0
FENGYUN 1C DEB,1999-025APL,2026-09-23T07:20:24.313344,14.18143423,.00357969,99.2512,206.0858,16.6183,343.6155,0,U,30654,999,710,.65364243E-3,.1303E-4,0
FENGYUN 1C DEB,1999-025APN,2026-09-22T23:41:08.786400,14.49341822,.00303009,99.0184,103.9080,323.7043,36.2093,0,U,30656,999,1192,.97017461E-3,.3677E-4,0
FENGYUN 1C DEB,1999-025APP,2026-09-23T06:43:51.006144,14.41818910,.00167747,98.8421,18.5314,216.9768,172.9245,0,U,30657,999,1327,.10967374E-2,.3545E-4,0
FENGYUN 1C DEB,1999-025APQ,2026-09-22T23:40:32.839680,13.88305234,.018131,98.4210,276.0168,164.2330,196.4579,0,U,30658,999,98627,.96363091E-3,.1278E-4,0
FENGYUN 1C DEB,1999-025APS,2026-09-23T06:36:02.975616,14.91513371,.01294944,98.1471,16.1256,121.9265,268.7913,0,U,30660,999,5021,.47810433E-3,.556E-4,0
FENGYUN 1C DEB,1999-025APT,2026-09-23T00:45:06.947424,14.21321928,.01433423,99.4855,107.8769,324.3112,34.8544,0,U,30661,999,1941,.63621869E-4,.102E-5,0
FENGYUN 1C DEB,1999-025APU,2026-09-22T03:34:37.030080,14.23825693,.00340727,99.0325,334.0219,177.8324,212.1721,0,U,30662,999,662,.68884134E-3,.1539E-4,0
FENGYUN 1C DEB,1999-025APV,2026-09-23T11:10:24.339936,13.24835280,.06454021,99.2931,160.0434,166.9757,194.8958,0,U,30663,999,92816,.96483157E-3,.1258E-4,0
FENGYUN 1C DEB,1999-025APX,2026-09-22T12:51:38.318688,14.13712599,.00684691,99.2251,250.5114,124.9895,358.3149,0,U,30665,999,99978,.75888625E-3,.142E-4,0
FENGYUN 1C DEB,1999-025APY,2026-09-23T09:49:03.802656,14.02811425,.00616902,98.8523,246.6686,71.0909,82.9669,0,U,30666,999,88,.42373417E-3,.624E-5,0
FENGYUN 1C DEB,1999-025AQA,2026-09-23T11:41:44.733120,14.13773657,.00807506,99.1202,350.0190,165.7562,209.2277,0,U,30668,999,76,.84658157E-3,.1606E-4,0
FENGYUN 1C DEB,1999-025AQB,2026-09-23T06:32:12.069024,14.03912259,.01188616,98.6413,193.8262,96.5034,55.4782,0,U,30669,999,99444,.94996043E-3,.1556E-4,0
FENGYUN 1C DEB,1999-025AQC,2026-09-23T02:09:14.707584,14.15928724,.00385719,98.6728,308.5423,336.1189,51.9853,0,U,30670,999,1154,.71286385E-4,.98E-6,0
FENGYUN 1C DEB,1999-025AQD,2026-09-23T10:12:03.178656,13.96363594,.01243538,99.2319,337.0869,337.5326,81.2545,0,U,30671,999,99167,.81419784E-3,.1152E-4,0
FENGYUN 1C DEB,1999-025AQF,2026-09-23T01:35:45.125664,14.03583563,.00525331,98.8820,314.1326,71.2459,319.0046,0,U,30673,999,520,.26532891E-3,.379E-5,0
FENGYUN 1C DEB,1999-025AQH,2026-09-23T05:15:58.582656,14.29192514,.00512499,98.7433,350.9742,59.7536,328.1458,0,U,30675,999,951,.67669161E-3,.1698E-4,0
FENGYUN 1C DEB,1999-025AQJ,2026-09-23T09:06:00.399456,13.74994079,.04675871,98.2923,60.6141,355.5758,4.1329,0,U,30676,999,97834,.30677757E-3,.612E-5,0
FENGYUN 1C DEB,1999-025AQK,2026-09-23T01:28:13.442016,14.39818480,.00655826,98.2344,305.1691,69.3127,321.2740,0,U,30677,999,2058,.62158294E-3,.1959E-4,0
FENGYUN 1C DEB,1999-025AQL,2026-09-23T11:57:54.451296,14.27653080,.00699198,99.0782,242.5735,127.5899,358.8875,0,U,30678,999,99934,.13232812E-2,.3301E-4,0
FENGYUN 1C DEB,1999-025AQM,2026-09-20T09:22:51.180096,13.80055249,.0171252,99.3520,317.3284,54.7498,8.3443,0,U,30679,999,98404,.25295E-3,.25E-5,0
FENGYUN 1C DEB,1999-025AQN,2026-09-23T08:33:27.618624,13.57869228,.0317556,99.6470,308.6434,169.7824,190.9976,0,U,30680,999,96114,.28162695E-2,.2778E-4,0
FENGYUN 1C DEB,1999-025AQR,2026-09-23T01:20:17.285568,14.01341666,.01381417,99.4092,291.1926,166.8378,219.9598,0,U,30683,999,99532,.54038033E-3,.838E-5,0
FENGYUN 1C DEB,1999-025AQS,2026-09-23T02:05:06.770688,13.67341737,.02336217,99.5096,308.2037,258.9451,98.5341,0,U,30684,999,97514,.69872161E-3,.664E-5,0
FENGYUN 1C DEB,1999-025AQU,2026-09-23T14:43:26.215104,14.76568672,.01366974,99.0048,138.2925,311.9678,102.0871,0,U,30686,999,3803,.37364654E-3,.2966E-4,0
FENGYUN 1C DEB,1999-025AQW,2026-09-22T17:45:59.815296,14.34782440,.00170195,98.6875,345.4955,195.3822,293.9477,0,U,30688,999,1331,.78196851E-3,.2176E-4,0
FENGYUN 1C DEB,1999-025AQX,2026-09-22T12:51:40.564224,14.12166136,.01108115,98.7352,249.1052,17.2737,107.2006,0,U,30689,999,887,.26792318E-3,.478E-5,0
FENGYUN 1C DEB,1999-025AQY,2026-09-22T17:57:53.444736,14.03536546,.01046997,99.1689,203.1279,12.1770,52.1206,0,U,30690,999,99690,.51990513E-3,.81E-5,0
FENGYUN 1C DEB,1999-025AQZ,2026-09-23T12:33:34.087680,13.90142441,.01382349,98.7447,265.8563,172.6658,311.8117,0,U,30691,999,99072,.66790498E-3,.851E-5,0
FENGYUN 1C DEB,1999-025ARB,2026-09-23T11:06:42.879456,14.13584994,.0030434,98.7142,248.8272,77.5550,282.9026,0,U,30693,999,955,.19353585E-3,.324E-5,0
FENGYUN 1C DEB,1999-025ARC,2026-09-21T23:35:17.988576,14.91529074,.01216251,99.0643,277.0728,110.9747,250.4531,0,U,30694,999,4312,.32462667E-3,.3668E-4,0
FENGYUN 1C DEB,1999-025ARE,2026-09-23T09:50:39.646176,14.46162946,.00861549,98.3595,316.6550,343.2127,27.7997,0,U,30696,999,2404,.36960424E-3,.1336E-4,0
FENGYUN 1C DEB,1999-025ARF,2026-09-23T02:37:36.299424,14.14748994,.00869042,98.8877,326.7447,99.9846,290.7647,0,U,30697,999,276,.59586423E-3,.1147E-4,0
FENGYUN 1C DEB,1999-025ARH,2026-09-23T08:49:45.407424,14.51032019,.00039524,99.3290,60.4593,127.8306,232.3244,0,U,30699,999,1737,.10370928E-2,.4054E-4,0
FENGYUN 1C DEB,1999-025ARJ,2026-09-23T00:34:55.788384,14.24013105,.00867766,98.5165,290.8581,35.7532,324.9415,0,U,30700,999,1609,.10537685E-3,.209E-5,0
FENGYUN 1C DEB,1999-025ARK,2026-09-23T01:10:39.699840,14.13950872,.00348597,98.6809,304.7330,13.6259,16.3782,0,U,30701,999,1138,.9177476E-5,-.25E-6,0
FENGYUN 1C DEB,1999-025ARL,2026-09-23T00:13:44.337216,14.04256742,.00697615,98.7560,280.7072,223.8835,165.1485,0,U,30702,999,137,.20269984E-3,.286E-5,0
FENGYUN 1C DEB,1999-025ARM,2026-09-22T23:08:26.491200,14.20443319,.01149129,99.1596,265.6899,203.1106,186.0339,0,U,30703,999,569,.50607122E-3,.1112E-4,0
FENGYUN 1C DEB,1999-025ARN,2026-09-22T22:34:54.101280,14.02232740,.00816694,98.8838,262.3471,28.9871,1.6127,0,U,30704,999,92,.20092824E-3,.274E-5,0
FENGYUN 1C DEB,1999-025ARP,2026-09-23T11:50:40.560864,13.82598669,.01983658,102.1930,98.0779,326.5294,89.5348,0,U,30705,999,97943,.98229727E-3,.1171E-4,0
FENGYUN 1C DEB,1999-025ARQ,2026-09-23T11:08:38.015232,14.27365297,.00278712,99.0457,176.0351,30.4338,329.8453,0,U,30706,999,1688,.45069686E-3,.1062E-4,0
FENGYUN 1C DEB,1999-025ARR,2026-09-23T03:47:50.730720,14.28303739,.00247575,99.3953,346.9118,336.0939,53.1672,0,U,30707,999,857,.79064296E-3,.1929E-4,0
FENGYUN 1C DEB,1999-025ARS,2026-09-22T23:29:48.905664,14.12322960,.00094121,98.6838,275.8551,109.5407,280.4524,0,U,30708,999,805,.96752817E-4,.136E-5,0
FENGYUN 1C DEB,1999-025ART,2026-09-23T10:06:14.590080,14.19718673,.0079781,99.1594,258.4963,180.4474,179.6642,0,U,30709,999,32,.10283591E-2,.2199E-4,0
FENGYUN 1C DEB,1999-025ARU,2026-09-22T20:15:11.403936,13.96153415,.02218502,102.7501,267.6272,130.5405,351.2192,0,U,30710,999,98751,.67385659E-3,.1065E-4,0
FENGYUN 1C DEB,1999-025ARY,2026-09-18T08:32:12.328800,14.03743704,.0065967,98.8080,306.5116,222.3385,197.4996,0,U,30714,999,99915,.38177E-3,.569E-5,0
FENGYUN 1C DEB,1999-025ARZ,2026-09-22T03:35:50.626464,14.16153681,.00658495,98.9596,340.9272,84.8987,275.9698,0,U,30715,999,185,.8180548E-3,.1608E-4,0
FENGYUN 1C DEB,1999-025ASA,2026-09-23T13:38:31.632288,14.96151146,.00129247,98.8557,128.3271,262.6167,155.5312,0,U,30716,999,2060,.17914403E-2,.20183E-3,0
FENGYUN 1C DEB,1999-025ASB,2026-09-23T03:55:09.408576,14.22006230,.00483638,99.0034,347.6368,163.9443,196.3280,0,U,30717,999,569,.73202992E-3,.1591E-4,0
FENGYUN 1C DEB,1999-025ASC,2026-09-20T23:22:23.779776,14.25966565,.00546996,98.8815,352.9179,63.2058,297.4702,0,U,30718,999,760,.65497042E-3,.1541E-4,0
FENGYUN 1C DEB,1999-025ASD,2026-09-22T05:10:48.422208,14.67881890,.00092629,98.8987,74.4128,41.6772,318.5134,0,U,30719,999,1585,.14324894E-2,.8144E-4,0
FENGYUN 1C DEB,1999-025ASE,2026-09-23T00:10:19.456896,14.30014466,.0030434,99.0449,95.2831,225.0539,292.7960,0,U,30720,999,1512,.25528374E-3,.614E-5,0
FENGYUN 1C DEB,1999-025ASF,2026-09-23T10:20:40.900416,14.84168065,.00223545,98.7202,66.2612,160.4377,225.7304,0,U,30721,999,2031,.15209527E-2,.12726E-3,0
FENGYUN 1C DEB,1999-025ASH,2026-09-23T06:01:55.026048,14.44766107,.00163128,98.8409,7.9387,137.7356,252.1529,0,U,30723,999,1474,.11201642E-2,.385E-4,0
FENGYUN 1C DEB,1999-025ASJ,2026-09-23T08:31:47.184672,14.37596157,.00931261,99.3001,119.4661,150.9784,23.9100,0,U,30724,999,2534,.17412027E-3,.497E-5,0
FENGYUN 1C DEB,1999-025ASK,2026-09-23T04:25:19.211232,14.17419773,.00849276,98.9915,343.2478,301.7135,86.6820,0,U,30725,999,369,.77220159E-3,.1574E-4,0
FENGYUN 1C DEB,1999-025ASL,2026-09-21T14:58:46.662816,14.10248538,.00788473,99.2668,279.7564,157.8050,330.8069,0,U,30726,999,99969,.47227856E-3,.815E-5,0
FENGYUN 1C DEB,1999-025ASN,2026-09-22T23:32:15.948096,14.23567631,.00978229,98.5325,269.1087,334.4354,25.2005,0,U,30728,999,1730,.49552223E-4,.75E-6,0
FENGYUN 1C DEB,1999-025ASQ,2026-09-23T04:41:06.512064,14.26558290,.00753976,98.5951,305.3149,298.8695,133.9357,0,U,30730,999,1050,.44700826E-3,.1067E-4,0
FENGYUN 1C DEB,1999-025ASR,2026-09-20T05:47:21.955776,14.45179807,.0014774,98.8522,358.8615,133.4161,282.4848,0,U,30731,999,1412,.95334E-3,.3297E-4,0
FENGYUN 1C DEB,1999-025ASS,2026-09-23T07:32:49.487424,14.04187605,.01246925,98.7895,282.4184,132.2637,242.0178,0,U,30732,999,184,.10272711E-3,.133E-5,0
FENGYUN 1C DEB,1999-025ASV,2026-09-20T04:07:23.888064,14.25554272,.006025,98.7474,338.4582,149.4406,242.2874,0,U,30735,999,749,.66447693E-3,.1558E-4,0
FENGYUN 1C DEB,1999-025ASW,2026-09-23T00:30:04.361184,13.62438631,.02787023,98.7621,280.7306,31.4329,356.0961,0,U,30736,999,96723,.99834685E-3,.968E-5,0
FENGYUN 1C DEB,1999-025ASX,2026-09-22T16:34:00.659424,14.18577754,.00242997,98.6093,244.1801,36.7694,139.8627,0,U,30737,999,1054,.16480136E-3,.3E-5,0
FENGYUN 1C DEB,1999-025ASZ,2026-09-21T11:31:40.404864,14.15299764,.00997186,98.7182,249.8858,228.0115,262.0900,0,U,30739,999,850,.15651605E-3,.276E-5,0
FENGYUN 1C DEB,1999-025ATA,2026-09-22T07:00:38.790432,14.56794061,.00273173,98.6977,26.5046,350.2822,9.7843,0,U,30740,999,1762,.97982186E-3,.4358E-4,0
FENGYUN 1C DEB,1999-025ATB,2026-09-22T23:34:02.906112,14.13379570,.00068489,98.6789,271.7299,39.0133,350.0470,0,U,30741,999,820,.88470947E-4,.124E-5,0
FENGYUN 1C DEB,1999-025ATC,2026-09-23T02:13:55.077312,14.11480056,.00728396,98.8517,311.6245,143.6557,246.1438,0,U,30742,999,29,.6325847E-3,.1132E-4,0
FENGYUN 1C DEB,1999-025ATE,2026-09-23T00:49:10.574688,15.39715110,.00028931,98.7266,96.8830,336.9841,183.9979,0,U,30744,999,2373,.47107262E-2,.190637E-2,0
FENGYUN 1C DEB,1999-025ATG,2026-09-23T09:46:48.082080,14.28073353,.00449277,99.0574,102.5008,215.0358,263.7884,0,U,30746,999,1508,.29238365E-3,.687E-5,0
FENGYUN 1C DEB,1999-025ATK,2026-09-22T08:24:59.376672,13.99903241,.00578459,98.8605,288.5367,160.6344,199.7037,0,U,30749,999,99934,.33608033E-3,.458E-5,0
FENGYUN 1C DEB,1999-025ATL,2026-09-22T18:12:23.732064,14.30691566,.0037433,98.9081,351.8984,351.5957,134.4125,0,U,30750,999,838,.74837306E-3,.1926E-4,0
FENGYUN 1C DEB,1999-025ATM,2026-09-23T04:06:13.556736,14.16435950,.0050168,98.8358,328.2847,4.9328,17.8539,0,U,30751,999,299,.6423223E-3,.1249E-4,0
FENGYUN 1C DEB,1999-025ATP,2026-09-23T01:25:07.159296,14.13478848,.00543359,98.7857,304.7278,266.1574,93.3385,0,U,30753,999,368,.58317317E-3,.1069E-4,0
FENGYUN 1C DEB,1999-025ATR,2026-09-21T17:58:43.033152,14.45996948,.01507199,98.2760,257.1521,127.5201,46.0441,0,U,30755,999,2519,.20181569E-3,.779E-5,0
FENGYUN 1C DEB,1999-025ATS,2026-09-23T04:28:13.333152,14.19714370,.00718139,98.9747,342.3788,224.6439,163.0681,0,U,30756,999,434,.69811E-3,.1469E-4,0
FENGYUN 1C DEB,1999-025ATU,2026-09-23T07:36:26.676288,14.18189287,.00386547,99.0414,34.6168,273.4878,115.5964,0,U,30758,999,521,.58863299E-3,.1172E-4,0
FENGYUN 1C DEB,1999-025ATV,2026-09-23T09:17:43.292832,14.60228300,.00068282,99.2688,51.0310,39.6648,346.4964,0,U,30759,999,1803,.11602073E-2,.5544E-4,0
FENGYUN 1C DEB,1999-025ATW,2026-09-23T11:02:06.572256,14.05369509,.00516983,98.8384,260.7043,264.8671,94.6595,0,U,30760,999,219,.48642921E-4,.36E-6,0
FENGYUN 1C DEB,1999-025ATX,2026-09-23T07:38:46.140576,14.36991207,.00821113,98.9810,209.2556,196.8385,163.0071,0,U,30761,999,1828,.35064613E-3,.1031E-4,0
FENGYUN 1C DEB,1999-025ATY,2026-09-22T06:06:37.929024,13.98438619,.01960796,98.8975,252.3614,230.3900,142.1441,0,U,30762,999,99600,.42835602E-3,.678E-5,0
FENGYUN 1C DEB,1999-025ATZ,2026-09-22T05:48:57.971232,14.72437347,.00192676,98.8864,5.4316,121.0049,268.8786,0,U,30763,999,1299,.19429398E-2,.12315E-3,0
FENGYUN 1C DEB,1999-025AUA,2026-09-22T21:42:36.886176,15.58877416,.00370913,98.7748,299.6533,256.9094,102.8017,0,U,30764,999,5604,.76630424E-3,.61514E-3,0
FENGYUN 1C DEB,1999-025AUB,2026-09-23T02:11:43.326816,14.15431749,.00687077,98.7609,312.4063,118.3860,271.8256,0,U,30765,999,821,.39480441E-3,.745E-5,0
FENGYUN 1C DEB,1999-025AUC,2026-09-22T20:11:26.280960,14.10144504,.00824499,98.6845,261.1778,349.5913,129.2054,0,U,30766,999,66800,.38302208E-3,.656E-5,0
FENGYUN 1C DEB,1999-025AUE,2026-09-22T05:43:03.936000,14.51528516,.00223733,98.6158,6.2702,316.7572,73.2207,0,U,30768,999,1980,.81584785E-3,.3226E-4,0
FENGYUN 1C DEB,1999-025AUG,2026-09-23T12:37:56.061120,14.15983678,.00134546,98.6580,269.4713,183.6444,300.2135,0,U,30770,999,928,.17683068E-3,.306E-5,0
FENGYUN 1C DEB,1999-025AUH,2026-09-23T13:01:19.939296,14.47094194,.00213917,98.9164,260.8508,161.5067,198.6906,0,U,30771,999,1174,.10891969E-2,.3933E-4,0
FENGYUN 1C DEB,1999-025AUL,2026-09-23T06:21:03.117024,14.34697495,.00172294,98.8341,3.9703,279.0542,100.4411,0,U,30802,999,1278,.86130665E-3,.2396E-4,0
FENGYUN 1C DEB,1999-025AUM,2026-09-21T01:55:04.327680,14.12421946,.01059922,99.2261,310.5931,131.8880,259.3252,0,U,30803,999,99983,.60286269E-3,.1127E-4,0
FENGYUN 1C DEB,1999-025AUN,2026-09-23T04:58:31.548576,14.55613991,.01835044,98.8714,354.5213,47.2179,343.4279,0,U,30804,999,3609,.15591742E-3,.792E-5,0
FENGYUN 1C DEB,1999-025AUP,2026-09-23T02:00:11.068416,14.03429791,.00718078,98.7955,304.6383,209.8221,178.6060,0,U,30805,999,99948,.58911159E-4,.52E-6,0
FENGYUN 1C DEB,1999-025AUQ,2026-09-22T00:11:48.746112,13.70934677,.02690132,99.0190,279.6576,104.6169,287.1710,0,U,30806,999,97576,.43590345E-3,.464E-5,0
FENGYUN 1C DEB,1999-025AUT,2026-09-21T05:09:07.022304,14.31213145,.00499491,98.7856,1.0116,68.1774,292.4711,0,U,30809,999,1120,.69714431E-3,.1822E-4,0
FENGYUN 1C DEB,1999-025AUU,2026-09-23T09:42:08.247168,14.07917874,.01728061,98.6777,71.4699,331.2741,27.8994,0,U,30810,999,98384,.18580754E-2,.3575E-4,0
FENGYUN 1C DEB,1999-025AUV,2026-09-22T23:46:39.470304,13.62635759,.02773661,98.7614,282.2083,23.3397,338.0063,0,U,30811,999,96737,.99428915E-3,.965E-5,0
FENGYUN 1C DEB,1999-025AUY,2026-09-21T23:45:27.848160,14.66982838,.00300738,99.0919,275.5422,85.9679,304.3383,0,U,30814,999,1887,.11476098E-2,.6417E-4,0
FENGYUN 1C DEB,1999-025AUZ,2026-09-23T12:30:23.320800,14.87138270,.00027853,99.2952,112.8331,34.8711,25.3153,0,U,30815,999,1961,.14267258E-2,.12771E-3,0
FENGYUN 1C DEB,1999-025AVA,2026-09-23T03:33:14.828256,14.19549755,.00499,98.8975,342.8374,320.7166,68.4202,0,U,30816,999,426,.89542851E-3,.1867E-4,0
FENGYUN 1C DEB,1999-025AVB,2026-09-23T05:20:00.969216,14.00875945,.00575985,98.7884,250.5893,171.4038,188.8128,0,U,30817,999,99892,.60124279E-4,.49E-6,0
FENGYUN 1C DEB,1999-025AVE,2026-09-22T05:21:48.716928,14.23347288,.00512346,98.6754,2.0985,88.7198,301.7772,0,U,30820,999,452,.93796626E-3,.2113E-4,0
FENGYUN 1C DEB,1999-025AVF,2026-09-23T10:50:32.322336,14.50951561,.00860046,99.1354,77.5383,74.8036,313.8599,0,U,30821,999,2916,.29278508E-3,.1158E-4,0
FENGYUN 1C DEB,1999-025AVG,2026-09-23T00:28:51.754944,14.11647072,.00736706,98.7109,291.1290,196.9726,193.0634,0,U,30822,999,708,.18673602E-3,.306E-5,0
FENGYUN 1C DEB,1999-025AVH,2026-09-23T08:31:43.716576,14.02848591,.01332743,98.8032,42.3264,9.5537,17.5929,0,U,30823,999,15,.87796707E-4,.104E-5,0
FENGYUN 1C DEB,1999-025AVL,2026-09-23T09:45:18.838656,14.84742994,.01390451,98.8376,137.4760,170.9166,3.8338,0,U,30826,999,4507,.21217137E-3,.2061E-4,0
FENGYUN 1C DEB,1999-025AVM,2026-09-21T22:51:22.404096,14.41756719,.0044494,99.0167,270.1268,64.6537,295.9249,0,U,30827,999,613,.12239272E-2,.3996E-4,0
FENGYUN 1C DEB,1999-025AVN,2026-09-23T14:20:59.023104,14.82786578,.01907495,98.3957,31.3220,345.7217,13.8647,0,U,30828,999,2856,.33760422E-3,.3685E-4,0
FENGYUN 1C DEB,1999-025AVP,2026-09-22T06:10:57.179136,14.09003002,.00344396,98.7964,255.7772,252.9261,106.8135,0,U,30829,999,421,.28572565E-3,.454E-5,0
FENGYUN 1C DEB,1999-025AVQ,2026-09-22T22:23:00.547008,14.12479251,.00320057,98.7541,252.3896,101.8786,286.9947,0,U,30830,999,608,.13967961E-3,.216E-5,0
FENGYUN 1C DEB,1999-025AVR,2026-09-22T17:47:24.590112,14.31638247,.00540344,99.3553,84.8833,296.0081,63.5541,0,U,30831,999,69313,.19610331E-3,.48E-5,0
FENGYUN 1C DEB,1999-025AVT,2026-09-22T18:07:47.537184,14.27267459,.00326735,99.8702,92.6438,102.7419,257.7412,0,U,30833,999,68462,.17204918E-3,.369E-5,0
FENGYUN 1C DEB,1999-025AVW,2026-09-22T08:08:44.830464,14.12245780,.00269223,98.7169,295.5537,157.6632,202.5719,0,U,30836,999,66006,.18334773E-3,.296E-5,0
FENGYUN 1C DEB,1999-025AVX,2026-09-23T11:08:27.004416,14.14837577,.00333362,98.7056,250.2499,42.5501,88.3654,0,U,30837,999,836,.19521551E-3,.336E-5,0
FENGYUN 1C DEB,1999-025AVY,2026-09-23T07:01:39.241920,14.52102276,.00357602,99.0426,205.9685,28.1948,332.1171,0,U,30838,999,1434,.1310707E-2,.5301E-4,0
FENGYUN 1C DEB,1999-025AWA,2026-09-22T23:28:23.819808,14.63195212,.02108715,98.0189,274.3485,195.0029,164.4857,0,U,30840,999,77285,.18249082E-3,.1237E-4,0
FENGYUN 1C DEB,1999-025AWD,2026-09-22T04:52:03.545184,14.52886178,.01467979,98.8234,356.6834,341.7501,17.8457,0,U,30843,999,3406,.68662853E-4,.266E-5,0
FENGYUN 1C DEB,1999-025AWF,2026-09-21T09:49:22.109088,13.77046760,.01916459,98.4027,237.0089,224.8254,289.5146,0,U,30845,999,98133,.16300478E-3,.147E-5,0
FENGYUN 1C DEB,1999-025AWG,2026-09-23T09:42:54.079776,14.42825397,.00518921,99.3188,110.8818,221.1090,260.1948,0,U,30846,999,2024,.38322598E-3,.1247E-4,0
FENGYUN 1C DEB,1999-025AWH,2026-09-22T09:11:42.062208,14.18786454,.00628303,98.7582,66.2686,233.5705,155.5782,0,U,30847,999,75,.82443921E-3,.1703E-4,0
FENGYUN 1C DEB,1999-025AWJ,2026-09-23T09:37:14.800800,14.35969004,.00411855,99.0387,120.1430,222.5639,137.2351,0,U,30848,999,1391,.51242721E-3,.1454E-4,0
FENGYUN 1C DEB,1999-025AWK,2026-09-22T04:16:37.625664,14.20202366,.00472366,99.0295,335.9480,276.3904,110.0162,0,U,30849,999,388,.65629283E-3,.137E-4,0
FENGYUN 1C DEB,1999-025AWL,2026-09-23T02:28:19.879104,14.18126642,.01094582,98.3828,120.8482,93.0040,64.4459,0,U,30850,999,99826,.98801573E-3,.2112E-4,0
FENGYUN 1C DEB,1999-025AWN,2026-09-23T12:34:26.479776,14.10709305,.00570647,98.7214,280.9961,146.8196,213.6575,0,U,30852,999,389,.28121212E-3,.468E-5,0
FENGYUN 1C DEB,1999-025AWS,2026-09-22T23:55:06.023136,14.54407292,.00777818,98.2034,88.7027,83.8791,66.0094,0,U,30856,999,637,.1959535E-2,.8637E-4,0
FENGYUN 1C DEB,1999-025AWT,2026-09-19T00:31:49.647360,14.60306145,.00363768,98.9712,277.9215,162.3046,197.9428,0,U,30857,999,804,.16728691E-2,.8109E-4,0
FENGYUN 1C DEB,1999-025AWU,2026-09-22T23:16:00.177600,14.18155820,.0029617,98.7665,325.4697,17.5560,107.3237,0,U,30858,999,1008,.18489582E-3,.337E-5,0
FENGYUN 1C DEB,1999-025AWV,2026-09-23T03:44:01.029408,14.54371018,.00285214,98.9160,338.7512,246.1213,113.6992,0,U,30859,999,1159,.13724064E-2,.5814E-4,0
FENGYUN 1C DEB,1999-025AWW,2026-09-23T04:10:35.019552,14.27108075,.00387472,98.8914,349.1325,87.9734,272.5883,0,U,30860,999,571,.65172449E-3,.1556E-4,0
FENGYUN 1C DEB,1999-025AWY,2026-09-22T06:42:28.191744,14.48156203,.00458061,98.9570,16.8009,37.9700,350.9003,0,U,30862,999,790,.12338998E-2,.461E-4,0
FENGYUN 1C DEB,1999-025AWZ,2026-09-23T07:27:25.508160,12.41234709,.08658663,99.1500,35.6407,10.2272,16.4734,0,U,30863,999,63270,.10456079E-2,.508E-5,0
FENGYUN 1C DEB,1999-025AXD,2026-09-23T04:13:12.328896,14.30265885,.00479029,97.8619,150.6787,224.0514,288.2499,0,U,30867,999,601,.7382775E-3,.1901E-4,0
FENGYUN 1C DEB,1999-025AXE,2026-09-23T10:50:51.280224,14.11245422,.01367352,98.2232,126.4378,113.6643,8.2460,0,U,30868,999,725,.51079672E-4,.63E-6,0
FENGYUN 1C DEB,1999-025AXJ,2026-09-22T04:16:35.825088,14.40806131,.00408137,99.1644,342.7661,276.0355,113.0246,0,U,30872,999,1801,.43365816E-3,.1352E-4,0
FENGYUN 1C DEB,1999-025AXK,2026-09-23T11:34:49.728864,14.19351064,.0108255,98.6231,264.0767,186.1694,173.8156,0,U,30873,999,1232,.95139779E-4,.169E-5,0
FENGYUN 1C DEB,1999-025AXL,2026-09-23T07:13:37.496352,14.20108763,.00401274,98.4661,289.9466,294.8083,78.3608,0,U,30874,999,1055,.24412279E-3,.482E-5,0
FENGYUN 1C DEB,1999-025AXN,2026-09-22T18:43:08.279616,13.99381669,.00666529,98.8406,245.5681,208.9514,272.3035,0,U,30876,999,99682,.14705743E-4,-.21E-6,0
FENGYUN 1C DEB,1999-025AXQ,2026-09-18T22:42:10.500768,14.12379967,.0039473,98.7300,260.9500,215.9425,173.8546,0,U,30878,999,311,.30318E-3,.52E-5,0
FENGYUN 1C DEB,1999-025AXR,2026-09-21T04:56:35.074464,14.80756204,.01649766,99.3288,169.2547,126.2782,235.3795,0,U,30879,999,66103,.13288751E-2,.12881E-3,0
FENGYUN 1C DEB,1999-025AXS,2026-09-22T16:50:31.727904,14.27059149,.00200784,98.7774,343.4298,3.0337,357.0961,0,U,30880,999,760,.60997748E-3,.1444E-4,0
FENGYUN 1C DEB,1999-025AXU,2026-09-23T09:42:37.382112,14.92347907,.01385152,97.9078,327.4388,181.8474,178.2252,0,U,30882,999,3888,.55012569E-3,.6714E-4,0
FENGYUN 1C DEB,1999-025AXV,2026-09-22T22:12:17.057952,14.14728887,.01132774,98.3332,289.6315,113.9533,4.1911,0,U,30883,999,920,.11015178E-3,.187E-5,0
FENGYUN 1C DEB,1999-025AXW,2026-09-23T08:36:52.338240,14.79140723,.00607927,98.8866,293.8881,159.9521,200.4096,0,U,30884,999,2835,.65888095E-3,.4975E-4,0
FENGYUN 1C DEB,1999-025AXX,2026-09-23T02:42:42.911424,14.53422465,.00519178,99.0119,132.4571,81.1129,70.1844,0,U,30885,999,1076,.10217456E-2,.4279E-4,0
FENGYUN 1C DEB,1999-025AXY,2026-09-23T05:16:28.369056,14.24368219,.00342552,99.1944,177.2767,307.8980,51.9101,0,U,30886,999,440,.79957866E-3,.1812E-4,0
FENGYUN 1C DEB,1999-025AXZ,2026-09-23T02:51:10.751616,14.46393577,.02606602,98.3328,322.8630,143.2225,218.7169,0,U,30887,999,2230,.34950086E-3,.1864E-4,0
FENGYUN 1C DEB,1999-025AYA,2026-09-23T02:11:41.541792,15.01220820,.00698399,99.4691,310.6688,320.3121,39.2998,0,U,30888,999,4174,.46979813E-3,.6265E-4,0
FENGYUN 1C DEB,1999-025AYD,2026-09-23T01:31:31.605600,14.06360087,.00571551,98.7515,309.6487,109.9130,283.3744,0,U,30891,999,99978,.45380309E-3,.718E-5,0
FENGYUN 1C DEB,1999-025AYE,2026-09-23T03:29:52.533024,14.19347360,.00388528,99.6954,240.3480,115.2239,245.2969,0,U,30892,999,68337,.22351828E-3,.421E-5,0
FENGYUN 1C DEB,1999-025AYF,2026-09-20T06:42:38.196000,13.94788843,.0307319,98.2454,266.0087,23.8508,349.7502,0,U,30893,999,98809,.53753E-3,.1031E-4,0
FENGYUN 1C DEB,1999-025AYH,2026-09-23T03:50:16.568736,14.32087465,.02156734,98.6893,340.6413,8.1112,21.3044,0,U,30895,999,1857,.12410355E-3,.379E-5,0
FENGYUN 1C DEB,1999-025AYM,2026-09-23T14:17:15.254016,14.35523750,.0030122,99.1657,186.5238,179.6058,304.0417,0,U,30899,999,675,.11550771E-2,.3293E-4,0
FENGYUN 1C DEB,1999-025AYQ,2026-09-04T06:55:42.706272,14.30309423,.0090588,100.2557,271.1991,261.3367,97.7539,0,U,30902,999,75288,.54709E-3,.1426E-4,0
FENGYUN 1C DEB,1999-025AYR,2026-09-21T13:05:54.462336,13.97713591,.00966209,99.3354,160.3899,43.9044,316.9745,0,U,30903,999,72655,-.22982091E-4,-.8E-6,0
FENGYUN 1C DEB,1999-025AYT,2026-09-20T10:55:46.314624,14.19444397,.0052869,98.8784,344.2660,358.4735,1.6272,0,U,30905,999,64,.69799E-3,.1445E-4,0
FENGYUN 1C DEB,1999-025AYU,2026-09-14T05:12:21.265920,14.19091793,.00754818,99.1777,256.8107,189.3236,170.6542,0,U,30906,999,67984,.46825447E-3,.96E-5,0
FENGYUN 1C DEB,1999-025AYV,2026-09-04T23:31:34.058784,14.15866828,.0057759,99.9295,303.3625,126.3350,234.3172,0,U,30907,999,5316,.405958E-3,.759E-5,0
FENGYUN 1C DEB,1999-025AZA,2026-09-23T09:41:32.433504,14.96555836,.00495116,98.9655,153.0550,264.6379,94.9189,0,U,30912,999,3650,.49392502E-3,.5684E-4,0
FENGYUN 1C DEB,1999-025AZB,2026-09-23T06:55:38.984160,14.05431910,.00493025,98.7246,287.7622,102.7111,257.9575,0,U,30913,999,99914,.43812422E-3,.677E-5,0
FENGYUN 1C DEB,1999-025AZC,2026-09-23T08:44:58.212096,13.09640165,.05093079,99.9831,137.4709,59.3681,305.6633,0,U,30914,999,62800,.24468161E-2,.1566E-4,0
FENGYUN 1C DEB,1999-025AZD,2026-09-23T05:00:28.075392,14.26847424,.00514902,98.9320,352.9712,66.2178,294.4389,0,U,30915,999,553,.72852849E-3,.1747E-4,0
FENGYUN 1C DEB,1999-025AZE,2026-09-22T16:45:33.333408,14.09704033,.0064425,98.9725,330.3542,182.3602,309.5848,0,U,30916,999,99843,.60095358E-3,.103E-4,0
FENGYUN 1C DEB,1999-025AZG,2026-09-23T01:22:27.252768,13.97617635,.01562021,98.4224,359.6516,49.7424,75.2050,0,U,30918,999,99023,.39068259E-3,.573E-5,0
FENGYUN 1C DEB,1999-025AZJ,2026-09-22T16:36:48.215808,14.19788900,.01059081,98.9137,53.3956,7.1040,353.1608,0,U,30920,999,99119,.16055625E-2,.3554E-4,0
FENGYUN 1C DEB,1999-025AZK,2026-09-23T06:02:23.290080,14.35017924,.00163758,98.8398,4.9739,274.5158,112.9727,0,U,30921,999,890,.8625209E-3,.2415E-4,0
FENGYUN 1C DEB,1999-025AZL,2026-09-22T07:04:16.184064,14.18089285,.00129881,98.6302,278.2848,318.8395,113.8175,0,U,30922,999,582,.35697714E-3,.69E-5,0
FENGYUN 1C DEB,1999-025AZP,2026-09-22T09:03:52.502400,14.47124689,.00320781,98.8954,55.4390,112.0845,278.0115,0,U,30925,999,1165,.10632282E-2,.3854E-4,0
FENGYUN 1C DEB,1999-025AZQ,2026-09-22T21:28:51.652992,14.92052717,.01577066,98.8364,244.9057,186.0797,173.8510,0,U,30926,999,5001,.15454258E-3,.1909E-4,0
FENGYUN 1C DEB,1999-025AZR,2026-09-23T03:55:13.816704,14.10368307,.0095885,99.1680,337.0722,289.8619,69.2237,0,U,30927,999,99691,.95946209E-3,.1732E-4,0
FENGYUN 1C DEB,1999-025AZS,2026-09-23T02:05:22.789248,13.22742626,.04518338,98.8663,318.5928,58.7789,333.4833,0,U,30928,999,94107,.20814678E-3,.118E-5,0
FENGYUN 1C DEB,1999-025AZU,2026-09-23T07:45:18.927072,14.37984666,.01069792,98.1927,286.7217,330.7506,41.0243,0,U,30930,999,2412,.21404407E-3,.647E-5,0
FENGYUN 1C DEB,1999-025AZV,2026-09-23T03:32:36.628224,14.02053582,.00916356,99.1436,329.7522,336.3011,51.3193,0,U,30931,999,99910,.29797572E-3,.426E-5,0
FENGYUN 1C DEB,1999-025AZW,2026-09-21T07:01:39.365472,14.29613529,.00526923,98.9114,208.1087,190.1894,169.8224,0,U,30932,999,415,.98215556E-3,.2507E-4,0
FENGYUN 1C DEB,1999-025AZX,2026-09-22T23:34:10.010784,14.42799566,.00661792,99.0576,269.7220,202.5062,185.9838,0,U,30933,999,99963,.16296954E-2,.5533E-4,0
FENGYUN 1C DEB,1999-025AZY,2026-09-23T01:17:09.833856,13.47518969,.03405025,98.7424,113.1710,76.3666,287.5143,0,U,30934,999,95536,.94697525E-3,.792E-5,0
FENGYUN 1C DEB,1999-025BAA,2026-09-23T07:53:30.080832,14.23906241,.00467303,98.5554,294.7661,180.8033,244.1857,0,U,30936,999,1182,.25398065E-3,.546E-5,0
FENGYUN 1C DEB,1999-025BAB,2026-09-23T09:40:26.989824,13.95652652,.0074826,99.0495,319.1892,354.2406,18.9592,0,U,30937,999,99687,-.57299274E-4,-.124E-5,0
FENGYUN 1C DEB,1999-025BAC,2026-09-23T14:16:19.616736,14.20183629,.00448352,98.5841,276.6926,237.9676,245.2737,0,U,30938,999,1162,.18378193E-3,.353E-5,0
FENGYUN 1C DEB,1999-025BAE,2026-09-21T22:33:33.402816,14.08670657,.00396134,98.6373,258.0913,280.5956,109.3828,0,U,30940,999,29,.20855163E-3,.319E-5,0
FENGYUN 1C DEB,1999-025BAF,2026-09-20T01:43:04.563840,14.33267366,.00296289,98.5300,120.6669,202.5048,157.4839,0,U,30941,999,649,.79786857E-3,.2163E-4,0
FENGYUN 1C DEB,1999-025BAG,2026-09-23T05:55:23.282400,14.15100690,.01369782,98.6937,262.0764,13.1385,50.8746,0,U,30942,999,623,.16708657E-3,.312E-5,0
FENGYUN 1C DEB,1999-025BAH,2026-09-22T06:36:18.429984,14.04709627,.00482557,98.7914,275.3319,353.2401,6.8111,0,U,30943,999,99722,.59452657E-4,.53E-6,0
FENGYUN 1C DEB,1999-025BAJ,2026-09-22T04:11:57.039072,14.52810289,.01467486,98.8167,340.7689,322.7407,65.1969,0,U,30944,999,3167,.55923261E-4,.204E-5,0
FENGYUN 1C DEB,1999-025BAK,2026-09-21T02:01:41.581920,14.31667312,.00281192,99.3784,300.0456,306.9014,111.1018,0,U,30945,999,452,.66586514E-3,.1732E-4,0
FENGYUN 1C DEB,1999-025BAL,2026-09-22T08:32:46.933728,14.49309957,.00882592,99.0708,45.9338,66.3061,323.1506,0,U,30946,999,2442,.23962069E-3,.906E-5,0
FENGYUN 1C DEB,1999-025BAM,2026-09-23T03:55:55.792416,14.38459168,.00970072,98.7790,167.6724,125.0937,235.9393,0,U,30947,999,2577,.13067342E-3,.374E-5,0
FENGYUN 1C DEB,1999-025BAP,2026-09-22T05:22:32.299680,14.14271686,.0115818,98.7160,257.4383,219.8867,153.5304,0,U,30949,999,521,.10978798E-3,.18E-5,0
FENGYUN 1C DEB,1999-025BAU,2026-09-23T05:30:56.157696,14.15883476,.01274076,98.7160,4.9671,94.3156,296.9565,0,U,30954,999,411,.44956788E-3,.915E-5,0
FENGYUN 1C DEB,1999-025BAW,2026-09-23T07:46:51.254112,14.15047786,.00488553,98.7362,299.5836,249.0359,171.3519,0,U,30956,999,332,.41721507E-3,.774E-5,0
FENGYUN 1C DEB,1999-025BAZ,2026-09-06T04:38:57.751008,14.41073708,.00487455,99.7053,237.6795,153.6148,206.7535,0,U,30959,999,64234,.83948012E-3,.2687E-4,0
FENGYUN 1C DEB,1999-025BBA,2026-09-21T05:14:15.363168,14.71031666,.01840069,99.0311,54.4077,8.3245,352.0940,0,U,30960,999,2823,.32952481E-3,.2561E-4,0
FENGYUN 1C DEB,1999-025BBE,2026-09-23T09:12:29.062944,14.01576014,.01362207,98.6876,224.7142,160.9009,350.8614,0,U,30964,999,99381,.46684983E-3,.725E-5,0
FENGYUN 1C DEB,1999-025BBH,2026-09-22T08:38:08.385792,14.58993185,.0094305,98.7943,232.3577,91.7990,269.4011,0,U,30967,999,3139,.38444147E-3,.1864E-4,0
FENGYUN 1C DEB,1999-025BBM,2026-09-23T12:30:17.699616,14.73703988,.01590201,99.1798,352.6876,30.8740,342.3621,0,U,30971,999,3908,.22643296E-3,.1734E-4,0
FENGYUN 1C DEB,1999-025BBU,2026-09-08T08:34:10.949088,14.39227198,.00409138,98.2290,287.8006,127.2423,233.2509,0,U,30978,999,2316,.68625733E-3,.2108E-4,0
FENGYUN 1C DEB,1999-025BBV,2026-09-20T11:46:43.580352,14.83304226,.0180118,97.8019,160.2990,42.9384,130.5770,0,U,30979,999,3293,.58329E-3,.6304E-4,0
FENGYUN 1C DEB,1999-025BBY,2026-09-19T05:05:03.942816,14.51574342,.0179909,98.2390,251.6624,169.1437,205.2726,0,U,30982,999,75122,.73986268E-4,.312E-5,0
FENGYUN 1C DEB,1999-025BCA,2026-09-22T21:02:40.109568,14.52021734,.01240434,98.2364,301.9615,214.1991,145.1171,0,U,30984,999,99285,.31431804E-3,.1354E-4,0
FENGYUN 1C DEB,1999-025BCB,2026-09-21T01:25:39.078912,14.35978290,.00413814,99.2321,204.6094,275.3578,144.2120,0,U,30985,999,65615,.11672484E-2,.3374E-4,0
FENGYUN 1C DEB,1999-025BCF,2026-09-22T03:50:28.491936,14.15165447,.00875226,99.0390,347.3927,17.8502,342.5712,0,U,30989,999,99995,.57507123E-3,.1113E-4,0
FENGYUN 1C DEB,1999-025BCK,2026-09-23T06:41:47.530176,14.38084770,.00166014,98.8473,11.5251,249.0948,136.9741,0,U,30993,999,1007,.97246584E-3,.2905E-4,0
FENGYUN 1C DEB,1999-025BCL,2026-09-22T20:50:36.963168,14.11914330,.0018931,98.7004,270.7941,89.9642,270.3700,0,U,30994,999,594,.10946961E-3,.158E-5,0
FENGYUN 1C DEB,1999-025BCN,2026-09-22T14:06:41.153184,14.36552146,.00488019,98.9345,186.0453,175.4637,309.1503,0,U,30996,999,1635,.35958165E-3,.1024E-4,0
FENGYUN 1C DEB,1999-025BCQ,2026-09-23T06:23:48.823584,14.52422601,.00115629,98.8251,8.3357,63.6914,323.1893,0,U,30998,999,1300,.11186335E-2,.4516E-4,0
FENGYUN 1C DEB,1999-025BCR,2026-09-23T00:31:58.464480,14.59939948,.01098459,99.0876,111.8374,193.9580,165.8575,0,U,30999,999,2963,.28145032E-3,.1405E-4,0
FENGYUN 1C DEB,1999-025BCS,2026-09-20T22:05:42.707616,14.10205078,.01627909,97.5636,252.8297,321.3268,66.9813,0,U,31000,999,73933,.36309628E-3,.693E-5,0
FENGYUN 1C DEB,1999-025BCT,2026-09-23T04:16:25.489920,14.43599642,.01462755,99.2390,168.6631,35.6940,325.3921,0,U,31001,999,2288,.29224388E-3,.107E-4,0
FENGYUN 1C DEB,1999-025BCU,2026-09-23T07:18:01.500192,13.99442848,.00975841,98.8810,274.7787,279.0413,93.4952,0,U,31002,999,99585,.2870412E-3,.392E-5,0
FENGYUN 1C DEB,1999-025BCV,2026-09-23T04:23:32.410464,14.26316560,.0041223,98.8316,350.1458,111.2804,249.2784,0,U,31003,999,557,.73346652E-3,.1732E-4,0
FENGYUN 1C DEB,1999-025BCX,2026-09-23T06:19:56.609760,13.84167861,.0179299,98.6323,21.7240,270.5791,117.1558,0,U,31005,999,98216,.94568864E-3,.1153E-4,0
FENGYUN 1C DEB,1999-025BCZ,2026-09-21T22:22:37.096320,14.63806542,.00582353,98.1029,255.8435,228.3235,131.2975,0,U,31007,999,2223,.78154363E-3,.4131E-4,0
FENGYUN 1C DEB,1999-025BDB,2026-09-21T22:50:51.136800,14.00567504,.00554077,98.9150,258.5764,170.0340,219.0021,0,U,31009,999,99825,-.56262824E-4,-.128E-5,0
FENGYUN 1C DEB,1999-025BDC,2026-09-23T13:11:24.295200,14.29986667,.01068539,101.7185,155.3934,331.4750,28.0599,0,U,31010,999,99695,.17347199E-2,.4692E-4,0
FENGYUN 1C DEB,1999-025BDE,2026-09-23T05:18:30.251808,14.28084229,.0082546,98.8892,174.7758,145.1701,15.0178,0,U,31012,999,1788,.83940951E-4,.171E-5,0
FENGYUN 1C DEB,1999-025BDG,2026-09-21T21:50:47.779008,13.98580387,.00890567,98.9020,236.7830,130.4773,288.6262,0,U,31014,999,99794,-.9911285E-4,-.189E-5,0
FENGYUN 1C DEB,1999-025BDJ,2026-09-20T20:34:37.053984,14.30851849,.01130157,98.4268,276.2165,159.5159,323.3786,0,U,31016,999,1504,.11270275E-3,.274E-5,0
FENGYUN 1C DEB,1999-025BDK,2026-09-23T10:22:21.889920,14.09137534,.01115297,98.7078,247.6255,263.7508,251.2952,0,U,31017,999,304,.17242969E-3,.274E-5,0
FENGYUN 1C DEB,1999-025BDL,2026-09-23T05:03:20.960064,14.18529828,.00567175,99.0211,2.4045,37.0830,323.4242,0,U,31018,999,86,.80202281E-3,.164E-4,0
FENGYUN 1C DEB,1999-025BDM,2026-09-23T05:54:25.646688,11.83643234,.11083862,98.7309,12.5573,94.7753,305.9439,0,U,31019,999,58546,-.17019652E-2,-.643E-5,0
FENGYUN 1C DEB,1999-025BDP,2026-09-21T14:20:45.014208,14.79110545,.02573038,98.3747,30.7499,57.9694,304.6234,0,U,31021,999,77609,.17944343E-3,.226E-4,0
FENGYUN 1C DEB,1999-025BDQ,2026-09-23T10:33:48.964320,13.90722307,.0110709,99.4847,161.4504,79.5783,281.7829,0,U,31022,999,65965,.32367381E-3,.379E-5,0
FENGYUN 1C DEB,1999-025BDR,2026-09-12T04:34:48.207072,14.06822814,.00822635,98.8406,239.1027,172.7910,187.4462,0,U,31023,999,73346,.77589915E-4,.9E-6,0
FENGYUN 1C DEB,1999-025BDS,2026-09-20T06:10:58.298016,14.21178846,.0075285,99.0405,188.1945,41.2119,319.4707,0,U,31024,999,700,.16099E-3,.314E-5,0
FENGYUN 1C DEB,1999-025BDT,2026-09-19T04:28:49.425024,14.21219349,.01700325,98.6036,249.8387,280.2178,77.9863,0,U,31025,999,68348,.26908287E-3,.632E-5,0
FENGYUN 1C DEB,1999-025BDU,2026-09-23T13:23:05.281728,13.83510883,.01350137,98.7905,188.5719,132.0579,42.4538,0,U,31026,999,71964,.11430767E-3,.96E-6,0
FENGYUN 1C DEB,1999-025BDW,2026-09-23T13:49:46.333344,13.89246554,.01637546,98.7114,185.1764,234.1427,124.4430,0,U,31028,999,65958,.11227897E-3,.111E-5,0
FENGYUN 1C DEB,1999-025BDX,2026-09-23T06:06:34.250976,14.34803122,.00880486,98.8365,175.0285,318.5105,194.0757,0,U,31029,999,1869,.19109451E-3,.518E-5,0
FENGYUN 1C DEB,1999-025BDY,2026-09-23T03:44:53.590848,14.24668746,.00257905,98.7418,331.9326,339.8902,48.0976,0,U,31030,999,749,.42388367E-3,.945E-5,0
FENGYUN 1C DEB,1999-025BDZ,2026-09-23T06:50:40.019424,14.21434538,.00291226,99.0760,196.1462,94.0046,58.3268,0,U,31031,999,891,.24174202E-3,.484E-5,0
FENGYUN 1C DEB,1999-025BEA,2026-09-20T07:11:57.859008,14.03346176,.0138479,99.3921,286.1352,143.5143,350.9072,0,U,31032,999,98929,.95911E-3,.1585E-4,0
FENGYUN 1C DEB,1999-025BEB,2026-09-23T09:36:58.010688,14.27782230,.01524882,98.4716,240.6730,354.2173,159.0894,0,U,31033,999,1402,.16255145E-3,.409E-5,0
FENGYUN 1C DEB,1999-025BED,2026-09-18T14:09:59.231232,14.53304321,.0173471,98.6701,26.2140,95.3981,330.0775,0,U,31035,999,1279,.74728E-3,.3733E-4,0
FENGYUN 1C DEB,1999-025BEE,2026-09-23T04:12:43.179264,14.49530118,.01383576,98.9420,34.1269,130.1633,353.3291,0,U,31036,999,61427,.11969271E-3,.462E-5,0
FENGYUN 1C DEB,1999-025BEG,2026-09-23T13:33:50.393376,14.46776877,.00841229,99.0124,13.3890,99.9937,261.0759,0,U,31038,999,2348,.27741132E-3,.997E-5,0
FENGYUN 1C DEB,1999-025BEJ,2026-09-20T11:47:29.158080,14.18001391,.0063516,98.6809,251.6942,104.6979,24.5167,0,U,31040,999,696,.16175E-3,.295E-5,0
FENGYUN 1C DEB,1999-025BEK,2026-09-23T08:30:48.372192,14.19922263,.00853864,99.1919,310.5574,232.8489,126.4866,0,U,31041,999,99526,.10275243E-2,.2216E-4,0
FENGYUN 1C DEB,1999-025BEM,2026-09-23T07:48:56.769120,14.08826592,.0040002,98.7519,280.9571,279.6013,94.2284,0,U,31043,999,99994,.31981941E-3,.513E-5,0
FENGYUN 1C DEB,1999-025BEQ,2026-09-23T09:27:24.120288,14.78587209,.00342988,98.9622,59.8945,295.3734,94.0667,0,U,31046,999,824,.21587314E-2,.15918E-3,0
FENGYUN 1C DEB,1999-025BER,2026-09-19T18:55:35.153184,14.14232300,.00268772,98.7139,258.0346,97.2274,27.8353,0,U,31047,999,288,.22670773E-3,.391E-5,0
FENGYUN 1C DEB,1999-025BET,2026-09-14T05:49:12.223776,14.04498232,.00523203,98.8032,264.4934,79.6893,281.0168,0,U,31049,999,64982,.35199538E-3,.526E-5,0
FENGYUN 1C DEB,1999-025BEV,2026-09-18T07:06:15.225984,14.03185518,.0053392,98.7934,287.7651,75.1005,285.6066,0,U,31051,999,67739,.36762E-3,.538E-5,0
FENGYUN 1C DEB,1999-025BEX,2026-09-22T13:36:09.149184,13.76977086,.03056086,98.8168,12.3697,55.3229,307.6321,0,U,31053,999,97381,.65201611E-3,.87E-5,0
FENGYUN 1C DEB,1999-025BEY,2026-09-23T00:16:58.540224,14.12316832,.00105129,98.6845,275.2904,39.4887,346.7273,0,U,31054,999,759,.90075994E-4,.123E-5,0
FENGYUN 1C DEB,1999-025BEZ,2026-09-23T01:10:39.338688,14.10665156,.0024906,98.7325,294.5539,184.1313,204.8181,0,U,31055,999,128,.16007595E-3,.244E-5,0
FENGYUN 1C DEB,1999-025BFA,2026-09-23T04:30:50.256288,14.14637185,.00244274,98.6973,245.9113,247.5974,175.4396,0,U,31056,999,835,.19452456E-3,.332E-5,0
FENGYUN 1C DEB,1999-025BFB,2026-09-23T12:02:13.552800,14.83217399,.01301542,99.2290,354.3703,80.6802,280.9098,0,U,31057,999,66169,.42662792E-3,.3969E-4,0
FENGYUN 1C DEB,1999-025BFC,2026-09-22T23:34:07.411008,14.80818184,.00861123,99.5882,274.2356,310.2891,49.0811,0,U,31058,999,3695,.40423295E-3,.3243E-4,0
FENGYUN 1C DEB,1999-025BFG,2026-09-22T22:40:38.771616,13.75808758,.01707225,99.0150,77.8980,283.6360,232.1547,0,U,31062,999,98141,.96550314E-4,.61E-6,0
FENGYUN 1C DEB,1999-025BFJ,2026-09-22T05:36:09.974592,14.22550233,.02389459,98.6038,246.0208,257.6153,113.5222,0,U,31064,999,1281,.11071103E-3,.28E-5,0
FENGYUN 1C DEB,1999-025BFK,2026-09-21T21:19:05.773728,14.29202409,.00329026,98.4523,280.4506,276.3630,83.3806,0,U,31065,999,68621,.4029055E-3,.986E-5,0
FENGYUN 1C DEB,1999-025BFN,2026-09-15T18:37:31.798272,14.09396444,.01653446,98.6599,234.9959,52.5507,309.0576,0,U,31068,999,66,.14905963E-3,.254E-5,0
FENGYUN 1C DEB,1999-025BFP,2026-09-22T08:27:34.696224,14.58879418,.01002387,99.1136,97.5898,298.8283,60.2880,0,U,31069,999,2815,.29038496E-3,.1395E-4,0
FENGYUN 1C DEB,1999-025BFR,2026-09-22T13:09:19.192320,14.54776767,.00554032,99.0350,10.5147,146.2792,214.1948,0,U,31071,999,69618,.59500612E-3,.2549E-4,0
FENGYUN 1C DEB,1999-025BFS,2026-09-17T00:34:22.152000,14.26428549,.02075122,99.3210,288.4981,22.8855,338.1408,0,U,31072,999,595,.3951578E-3,.1139E-4,0
FENGYUN 1C DEB,1999-025BFT,2026-09-22T21:03:15.368544,14.26113221,.00434147,99.1936,134.7751,190.0251,170.0065,0,U,31073,999,1131,.60925166E-3,.1423E-4,0
FENGYUN 1C DEB,1999-025BFU,2026-09-23T05:47:55.301856,14.16237610,.00834005,98.9547,187.5488,175.5033,184.6908,0,U,31074,999,99604,.96487097E-3,.1933E-4,0
FENGYUN 1C DEB,1999-025BFY,2026-09-23T01:25:52.183200,14.22637080,.0115951,98.8362,332.6766,50.7030,70.2686,0,U,31078,999,884,.22504669E-3,.495E-5,0
FENGYUN 1C DEB,1999-025BGA,2026-09-09T05:12:37.948896,14.25769786,.006728,99.1168,48.3740,40.6550,319.9624,0,U,31080,999,66806,.76443E-3,.1812E-4,0
FENGYUN 1C DEB,1999-025BGB,2026-09-23T13:52:35.772384,14.06346433,.00487106,98.7597,278.9885,149.6471,340.3204,0,U,31081,999,455,.80146861E-4,.91E-6,0
FENGYUN 1C DEB,1999-025BGC,2026-09-22T19:11:35.221344,14.13948402,.00696024,98.6752,269.7139,109.1344,251.7381,0,U,31082,999,263,.41169182E-3,.758E-5,0
FENGYUN 1C DEB,1999-025BGD,2026-09-23T08:19:39.675072,14.68967126,.0029112,98.6608,43.9724,144.1088,245.8119,0,U,31083,999,1872,.13639717E-2,.7993E-4,0
FENGYUN 1C DEB,1999-025BGF,2026-09-23T13:35:42.010080,14.30453306,.00857376,98.9574,121.3237,269.4926,147.8352,0,U,31085,999,1788,.55173184E-4,.102E-5,0
FENGYUN 1C DEB,1999-025BGH,2026-09-23T00:51:22.815072,14.62271776,.01693338,98.0853,285.4840,118.8145,270.8320,0,U,31087,999,2923,.30558922E-3,.184E-4,0
FENGYUN 1C DEB,1999-025BGJ,2026-09-22T04:53:29.062176,14.30586538,.00261428,99.3957,352.7411,326.4004,62.9946,0,U,31088,999,587,.82061607E-3,.2099E-4,0
FENGYUN 1C DEB,1999-025BGK,2026-09-21T15:47:16.524096,13.88730490,.02055175,98.9850,41.0482,163.3892,212.0816,0,U,31089,999,71986,.37690422E-3,.497E-5,0
FENGYUN 1C DEB,1999-025BGM,2026-09-19T15:54:39.046752,13.54486655,.02886234,99.2531,226.7987,335.3329,23.4233,0,U,31091,999,65442,.37415074E-3,.291E-5,0
FENGYUN 1C DEB,1999-025BGN,2026-09-20T06:20:19.968000,13.47055655,.0329246,99.7393,16.4940,161.2113,200.1512,0,U,31092,999,95671,.13196E-2,.1073E-4,0
FENGYUN 1C DEB,1999-025BGP,2026-09-23T11:04:07.204800,13.80869451,.02084756,98.5960,85.0443,171.3889,189.0934,0,U,31093,999,98436,.30206996E-3,.337E-5,0
FENGYUN 1C DEB,1999-025BGQ,2026-09-22T20:09:48.688704,14.03154081,.01058619,98.8400,130.7829,336.4344,23.1992,0,U,31094,999,99602,.9393779E-3,.1493E-4,0
FENGYUN 1C DEB,1999-025BGR,2026-09-23T12:50:21.617952,13.06761576,.04987956,98.5882,357.7934,230.1368,125.4861,0,U,31095,999,93167,.38843394E-3,.202E-5,0
FENGYUN 1C DEB,1999-025BGT,2026-09-20T08:29:56.488992,14.52009654,.0015373,98.8699,45.6227,142.7131,247.3499,0,U,31097,999,1118,.12131E-2,.4862E-4,0
FENGYUN 1C DEB,1999-025BGU,2026-09-23T08:07:33.852000,14.57876240,.0013243,98.8791,46.8039,113.2891,246.9701,0,U,31098,999,1097,.14401716E-2,.6559E-4,0
FENGYUN 1C DEB,1999-025BGV,2026-09-22T05:02:43.663776,14.28251023,.00628496,98.9114,168.9628,177.7619,335.1102,0,U,31099,999,1510,.12693647E-3,.277E-5,0
FENGYUN 1C DEB,1999-025BGY,2026-09-23T07:33:43.052832,14.28500473,.02118903,99.0633,212.7269,64.2663,298.0224,0,U,31146,999,818,.32974182E-3,.999E-5,0
FENGYUN 1C DEB,1999-025BHA,2026-09-22T04:37:11.523936,14.44909530,.01322067,98.8403,167.4335,285.3601,73.3013,0,U,31148,999,1571,.41796183E-3,.1565E-4,0
FENGYUN 1C DEB,1999-025BHC,2026-09-22T23:02:28.366656,14.12879388,.00160247,98.6862,271.0823,74.5094,315.1688,0,U,31150,999,307,.10032586E-3,.144E-5,0
FENGYUN 1C DEB,1999-025BHD,2026-09-22T00:09:50.147424,14.28308776,.00526168,99.1280,287.9213,289.1219,70.4268,0,U,31151,999,15,.91291532E-3,.2264E-4,0
FENGYUN 1C DEB,1999-025BHE,2026-09-22T22:30:25.418880,14.36014300,.01279304,98.4412,251.3079,265.4368,122.0757,0,U,31152,999,2128,.50209474E-4,.113E-5,0
FENGYUN 1C DEB,1999-025BHH,2026-09-20T03:35:33.856224,14.09436721,.00869337,99.0249,337.6606,293.9016,65.3064,0,U,31155,999,99550,.79401512E-3,.139E-4,0
FENGYUN 1C DEB,1999-025BHK,2026-09-21T19:11:06.707616,14.22867530,.00989693,98.5073,243.2415,221.1082,138.2611,0,U,31157,999,997,.10402601E-3,.203E-5,0
FENGYUN 1C DEB,1999-025BHL,2026-09-17T11:33:18.029952,14.35448629,.00445708,98.7682,348.3618,292.2386,67.4075,0,U,31158,999,68476,.75289564E-3,.2142E-4,0
FENGYUN 1C DEB,1999-025BHN,2026-09-23T02:58:04.522080,13.99677466,.00575844,99.0465,324.5722,192.0804,167.8982,0,U,31160,999,73577,-.12075222E-3,-.223E-5,0
FENGYUN 1C DEB,1999-025BHP,2026-09-22T20:22:08.209632,14.09536611,.006718,98.7314,284.0583,265.5853,93.7641,0,U,31161,999,99,.20865066E-3,.329E-5,0
FENGYUN 1C DEB,1999-025BHR,2026-09-20T21:39:46.594368,14.32705778,.00540152,98.9452,146.0204,148.7480,211.6933,0,U,31163,999,68781,.25593764E-3,.661E-5,0
FENGYUN 1C DEB,1999-025BHT,2026-09-23T01:53:11.179104,14.74755756,.00658569,98.8637,357.0559,67.3797,54.6809,0,U,31165,999,2931,.39310274E-3,.266E-4,0
FENGYUN 1C DEB,1999-025BHW,2026-09-23T09:36:02.251584,14.69687088,.01032577,98.9279,68.0168,261.1967,97.7532,0,U,31168,999,3276,.36560488E-3,.2296E-4,0
FENGYUN 1C DEB,1999-025BHX,2026-09-21T01:45:37.847808,14.28739977,.00549808,99.1390,308.5989,283.6057,75.9004,0,U,31169,999,61133,.87011531E-3,.2177E-4,0
FENGYUN 1C DEB,1999-025BHZ,2026-09-23T04:36:58.056768,14.40124404,.01418446,98.0315,242.2859,174.9419,251.4654,0,U,31171,999,99918,.10673417E-2,.3752E-4,0
FENGYUN 1C DEB,1999-025BJA,2026-09-22T23:22:59.291904,14.31727115,.01494399,98.4308,267.2856,146.3253,214.7537,0,U,31172,999,1685,.67844535E-4,.16E-5,0
FENGYUN 1C DEB,1999-025BJB,2026-09-09T10:29:06.711936,14.17851999,.00634958,98.2100,323.3964,12.5262,347.7475,0,U,31173,999,67833,.7690789E-3,.1563E-4,0
FENGYUN 1C DEB,1999-025BJD,2026-09-22T06:13:37.871904,14.73457349,.00581769,98.3942,277.4700,358.8888,1.2180,0,U,31175,999,69797,.24245995E-2,.16144E-3,0
FENGYUN 1C DEB,1999-025BJF,2026-09-23T04:12:52.175232,13.64078389,.03019809,98.7565,156.6720,289.4175,226.8814,0,U,31177,999,70087,.19202997E-2,.2044E-4,0
FENGYUN 1C DEB,1999-025BJG,2026-09-23T07:09:41.444640,14.24152462,.01225577,99.5069,296.3771,230.3645,128.6665,0,U,31178,999,99863,.79398934E-3,.1925E-4,0
FENGYUN 1C DEB,1999-025BJH,2026-09-21T07:48:06.746976,13.92645157,.02131858,99.0038,281.7045,309.5379,48.7111,0,U,31179,999,65873,.52636633E-3,.774E-5,0
FENGYUN 1C DEB,1999-025BJJ,2026-09-23T04:30:39.254976,13.70695743,.04967727,99.2568,32.8421,34.0554,81.5545,0,U,31180,999,67963,.81272375E-4,.128E-5,0
FENGYUN 1C DEB,1999-025BJK,2026-09-23T01:35:56.724864,14.12711835,.00460753,98.7523,297.3117,346.5432,40.4196,0,U,31181,999,99781,.46029812E-3,.819E-5,0
FENGYUN 1C DEB,1999-025BJL,2026-09-21T05:17:42.074304,14.14893111,.0024025,98.7058,250.7603,52.8042,12.5539,0,U,31182,999,50,.1932263E-3,.331E-5,0
FENGYUN 1C DEB,1999-025BJM,2026-09-22T00:10:24.584736,14.52845624,.0044941,99.0486,275.3198,339.2795,48.1049,0,U,31183,999,1580,.59835234E-3,.244E-4,0
FENGYUN 1C DEB,1999-025BJP,2026-09-21T19:05:06.581184,14.03156384,.00413786,98.8485,258.1992,38.0374,322.3702,0,U,31185,999,66306,-.182033E-4,-.71E-6,0
FENGYUN 1C DEB,1999-025BJQ,2026-09-21T00:48:08.330400,14.13327523,.0025742,99.1803,191.5537,352.2870,68.7479,0,U,31186,999,43,.26717317E-3,.456E-5,0
FENGYUN 1C DEB,1999-025BJR,2026-09-22T12:38:42.224640,14.68135859,.01974628,99.2159,168.3355,78.0573,284.2691,0,U,31187,999,73253,.11892671E-2,.9137E-4,0
FENGYUN 1C DEB,1999-025BJS,2026-09-23T03:38:10.049280,14.25384029,.00599909,98.7300,337.5567,145.4035,245.3577,0,U,31188,999,371,.72742697E-3,.1704E-4,0
FENGYUN 1C DEB,1999-025BJU,2026-09-22T23:30:41.781600,14.04155644,.00674999,98.8129,275.2074,183.5669,176.5026,0,U,31190,999,99535,.29612254E-3,.436E-5,0
FENGYUN 1C DEB,1999-025BJV,2026-09-22T04:41:57.035328,14.41380201,.00932571,98.7659,178.6046,71.3296,289.7988,0,U,31191,999,2075,.19440967E-3,.615E-5,0
FENGYUN 1C DEB,1999-025BJW,2026-09-22T16:59:54.078720,14.21611291,.02568821,98.5822,246.3876,359.7265,0.3733,0,U,31192,999,744,.34778535E-3,.1017E-4,0
FENGYUN 1C DEB,1999-025BJY,2026-09-22T04:48:20.151072,14.37922231,.0056034,98.9419,170.8457,162.5519,197.7609,0,U,31194,999,1168,.40513897E-3,.1199E-4,0
FENGYUN 1C DEB,1999-025BJZ,2026-09-23T07:31:24.002400,14.08107907,.01727002,98.7486,296.4993,98.4388,263.6398,0,U,31195,999,71,.14204265E-3,.236E-5,0
FENGYUN 1C DEB,1999-025BKA,2026-09-22T07:27:50.416416,14.26051673,.0059171,98.5203,275.7400,103.3321,257.4466,0,U,31196,999,67536,.26519265E-3,.603E-5,0
FENGYUN 1C DEB,1999-025BKC,2026-09-23T11:47:47.613984,13.75584600,.02030787,98.6086,348.1393,307.0506,51.2223,0,U,31198,999,66668,.59646669E-4,.27E-6,0
FENGYUN 1C DEB,1999-025BKD,2026-09-22T04:25:01.329888,14.10160996,.00638766,98.7444,244.6356,175.4759,248.1449,0,U,31199,999,149,.1376078E-3,.205E-5,0
FENGYUN 1C DEB,1999-025BKF,2026-09-23T14:34:10.350336,14.36310311,.01386424,98.9697,144.6373,235.5182,188.8899,0,U,31201,999,1336,.30508535E-3,.943E-5,0
FENGYUN 1C DEB,1999-025BKG,2026-09-22T22:50:07.847808,14.88758436,.00611696,96.5545,266.7711,297.7456,91.5862,0,U,31202,999,3299,.7029164E-3,.6764E-4,0
FENGYUN 1C DEB,1999-025BKK,2026-09-23T13:10:45.198336,14.24121361,.01626233,99.2383,18.9350,104.3423,257.5869,0,U,31205,999,1265,.65864542E-4,.125E-5,0
FENGYUN 1C DEB,1999-025BKL,2026-09-23T05:39:36.161280,14.41502244,.00746433,98.8376,188.8520,236.1634,123.2435,0,U,31206,999,1927,.28429456E-3,.905E-5,0
FENGYUN 1C DEB,1999-025BKN,2026-09-16T07:47:34.327968,14.68321294,.00130753,99.2575,82.6335,135.3118,349.6048,0,U,31208,999,74545,.11908307E-2,.6828E-4,0
FENGYUN 1C DEB,1999-025BKP,2026-09-20T00:48:11.780352,14.47877335,.00231283,98.8875,16.3747,220.7756,139.1705,0,U,31209,999,68873,.12085511E-2,.4445E-4,0
FENGYUN 1C DEB,1999-025BKQ,2026-09-19T19:27:39.053952,14.12312639,.00180808,98.7285,261.2996,79.2388,43.8129,0,U,31210,999,99934,.20174461E-3,.329E-5,0
FENGYUN 1C DEB,1999-025BKR,2026-09-21T23:00:38.934144,14.21077282,.00489834,98.6507,300.1331,351.9993,8.0398,0,U,31211,999,67314,.47583021E-3,.1002E-4,0
FENGYUN 1C DEB,1999-025BKS,2026-09-20T01:44:18.784896,14.14331375,.00747213,99.1968,307.8217,102.1785,258.7769,0,U,31212,999,99634,.69979359E-3,.1328E-4,0
FENGYUN 1C DEB,1999-025BKV,2026-09-16T10:24:00.659808,14.35034883,.00665359,99.0428,121.9273,233.5348,125.9693,0,U,31215,999,403,.53274952E-3,.1508E-4,0
FENGYUN 1C DEB,1999-025BKX,2026-09-22T18:15:32.471136,14.18199141,.0099604,98.6411,271.0686,63.6009,297.5349,0,U,31217,999,341,.35906983E-3,.733E-5,0
FENGYUN 1C DEB,1999-025BKY,2026-09-23T08:32:11.388768,14.92409074,.00100592,98.8392,51.4289,216.5302,143.5229,0,U,31218,999,1215,.26885759E-2,.27591E-3,0
FENGYUN 1C DEB,1999-025BKZ,2026-09-20T00:23:30.658848,14.15102844,.00792136,99.2717,288.7547,108.3155,252.6654,0,U,31219,999,99546,.74324864E-3,.1439E-4,0
FENGYUN 1C DEB,1999-025BLC,2026-09-23T02:20:20.047200,15.03135706,.01498361,98.5949,11.1582,213.0037,146.1766,0,U,31222,999,4248,.47802848E-3,.8176E-4,0
FENGYUN 1C DEB,1999-025BLD,2026-09-23T02:24:37.112256,13.79366450,.02492373,99.0402,143.8653,2.6494,357.5916,0,U,31223,999,96646,.27101731E-2,.3472E-4,0
FENGYUN 1C DEB,1999-025BLE,2026-09-17T18:12:35.178336,14.29464174,.01578566,98.3919,247.1119,59.2445,66.0413,0,U,31224,999,73236,.28013216E-3,.775E-5,0
FENGYUN 1C DEB,1999-025BLF,2026-09-23T04:19:15.195936,14.19309818,.00862456,98.9762,348.0034,259.1555,129.9683,0,U,31225,999,99855,.79922401E-3,.1695E-4,0
FENGYUN 1C DEB,1999-025BLG,2026-09-15T18:11:24.715680,14.27085840,.01281931,98.3647,251.3050,100.4945,261.0710,0,U,31226,999,66004,.16741355E-3,.404E-5,0
FENGYUN 1C DEB,1999-025BLJ,2026-09-22T17:35:33.546624,14.37707130,.00773461,98.8671,191.3673,329.4639,92.7070,0,U,31228,999,1646,.28649183E-3,.843E-5,0
FENGYUN 1C DEB,1999-025BLK,2026-09-23T05:20:16.846944,14.23374371,.00531158,98.8550,348.1205,198.1716,161.7565,0,U,31229,999,123,.71550903E-3,.1602E-4,0
FENGYUN 1C DEB,1999-025BLM,2026-09-21T00:09:48.371904,14.87934700,.01172294,98.8666,98.6341,291.5611,67.3142,0,U,31231,999,67203,.10241407E-2,.10593E-3,0
FENGYUN 1C DEB,1999-025BLQ,2026-09-22T16:35:27.668544,14.08255935,.00739542,98.8036,257.4839,146.4002,214.1890,0,U,31234,999,76716,.24670482E-3,.39E-5,0
FENGYUN 1C DEB,1999-025BLR,2026-09-23T05:19:48.730656,14.23749969,.01644784,98.4480,47.9760,269.9497,88.2835,0,U,31235,999,67209,.23848805E-2,.6226E-4,0
FENGYUN 1C DEB,1999-025BLS,2026-09-23T01:35:45.472128,13.89033116,.03072728,98.5410,202.7175,346.0232,13.2562,0,U,31236,999,64968,.26286385E-2,.4614E-4,0
FENGYUN 1C DEB,1999-025BLT,2026-09-22T22:34:11.032608,14.32085773,.00869558,98.4659,262.6806,226.8878,132.5009,0,U,31237,999,1328,.22359344E-3,.583E-5,0
FENGYUN 1C DEB,1999-025BLV,2026-09-23T13:05:07.840896,14.10188488,.00505755,98.7758,259.2593,112.4198,14.2520,0,U,31239,999,23,.16750142E-3,.257E-5,0
FENGYUN 1C DEB,1999-025BLX,2026-09-21T22:19:39.800928,14.39491675,.00666404,99.2660,78.9040,73.9575,286.8936,0,U,31241,999,1742,.22091718E-3,.656E-5,0
FENGYUN 1C DEB,1999-025BLZ,2026-09-23T01:12:11.452320,14.07781477,.00662158,98.7256,301.9865,87.3509,273.5238,0,U,31243,999,73307,.45999079E-3,.753E-5,0
FENGYUN 1C DEB,1999-025BMA,2026-09-05T09:44:05.361504,14.06587887,.01024308,99.0050,316.0461,150.4338,210.2676,0,U,31244,999,61388,.37185784E-3,.602E-5,0
FENGYUN 1C DEB,1999-025BMC,2026-09-20T08:38:57.703776,14.08955988,.014329,98.7912,108.7450,270.6628,87.8126,0,U,31246,999,65716,.11554E-2,.2154E-4,0
FENGYUN 1C DEB,1999-025BMD,2026-09-23T05:18:47.568960,14.05677159,.00601998,99.3403,168.3842,2.0111,149.2489,0,U,31247,999,99517,.11580944E-3,.144E-5,0
FENGYUN 1C DEB,1999-025BME,2026-09-18T03:37:30.313056,13.93157862,.01092354,99.2346,323.3525,273.8899,111.4306,0,U,31248,999,98714,.30403996E-3,.37E-5,0
FENGYUN 1C DEB,1999-025BMG,2026-09-22T23:57:39.077280,14.03894728,.01310769,98.3719,98.9663,212.4816,146.8238,0,U,31250,999,99505,.38504129E-3,.616E-5,0
FENGYUN 1C DEB,1999-025BMJ,2026-09-22T18:11:20.113152,14.41001391,.02120468,98.3028,281.7245,36.0337,325.4936,0,U,31252,999,1297,.26862993E-3,.1078E-4,0
FENGYUN 1C DEB,1999-025BMK,2026-09-23T10:00:28.158912,14.03902118,.02889582,99.0439,335.8433,19.6320,341.5705,0,U,31253,999,72992,.16070163E-3,.32E-5,0
FENGYUN 1C DEB,1999-025BML,2026-09-22T02:30:22.727808,14.37067969,.0151031,98.4257,314.4601,76.8374,313.7994,0,U,31254,999,1466,.2149019E-3,.681E-5,0
FENGYUN 1C DEB,1999-025BMM,2026-09-22T08:58:44.610816,14.10184756,.02685931,99.3134,97.7740,273.2045,83.8430,0,U,31255,999,734,.17204047E-3,.372E-5,0
FENGYUN 1C DEB,1999-025BMN,2026-09-22T07:29:33.100224,14.06575307,.03024435,98.6606,106.0921,34.8437,327.2130,0,U,31256,999,68964,.10596153E-2,.2616E-4,0
FENGYUN 1C DEB,1999-025BMR,2026-09-23T04:56:38.140800,14.16532674,.00643785,98.9999,353.3371,110.6628,279.3331,0,U,31259,999,99595,.83082637E-3,.1644E-4,0
FENGYUN 1C DEB,1999-025BMS,2026-09-23T05:57:53.602848,14.37714754,.00454341,98.9410,179.5656,172.6056,339.0457,0,U,31260,999,1276,.45654167E-3,.1342E-4,0
FENGYUN 1C DEB,1999-025BMT,2026-09-23T03:54:25.906176,14.41593346,.00508497,99.0427,240.3980,111.7325,248.9286,0,U,31261,999,1442,.47819257E-3,.1531E-4,0
FENGYUN 1C DEB,1999-025BMU,2026-09-23T05:45:09.440640,14.19843655,.00524057,98.9953,358.9716,6.7128,20.1232,0,U,31262,999,99744,.91888684E-3,.193E-4,0
FENGYUN 1C DEB,1999-025BMW,2026-09-23T14:04:27.080256,14.19149786,.00011219,99.0957,176.2353,48.4271,72.4828,0,U,31264,999,446,.31412157E-3,.611E-5,0
FENGYUN 1C DEB,1999-025BMY,2026-09-22T23:30:04.487904,14.22666740,.01295058,99.2765,268.7008,194.9670,194.7007,0,U,31266,999,1224,.11613865E-3,.234E-5,0
FENGYUN 1C DEB,1999-025BNA,2026-09-16T07:45:13.454496,14.06957284,.00501851,98.7297,297.2212,122.1956,238.4094,0,U,31268,999,65935,.56910289E-3,.918E-5,0
FENGYUN 1C DEB,1999-025BNB,2026-09-22T21:26:49.180128,14.47044603,.02312584,98.1494,138.6688,127.2415,298.2416,0,U,31269,999,583,.62749788E-3,.3146E-4,0
FENGYUN 1C DEB,1999-025BNE,2026-09-21T03:09:36.394272,14.23495741,.01067191,99.0567,149.7241,24.5376,336.0827,0,U,31272,999,997,.27426543E-3,.614E-5,0
FENGYUN 1C DEB,1999-025BNG,2026-09-21T07:55:17.641056,13.86143450,.02400018,99.0223,78.3216,66.8123,295.8119,0,U,31274,999,98121,.32212997E-3,.425E-5,0
FENGYUN 1C DEB,1999-025BNH,2026-09-22T23:17:34.661184,14.03070587,.0102424,98.9193,308.8794,281.6669,77.3017,0,U,31275,999,99471,.65868592E-3,.1028E-4,0
FENGYUN 1C DEB,1999-025BNM,2026-09-20T20:17:47.093280,14.26922637,.00743179,98.5171,269.5801,72.3629,288.5650,0,U,31279,999,1229,.26415325E-3,.619E-5,0
FENGYUN 1C DEB,1999-025BNP,2026-09-21T00:14:11.651712,15.40663049,.00689266,98.4070,80.2690,196.3273,163.5750,0,U,31281,999,4013,.93118617E-3,.41386E-3,0
FENGYUN 1C DEB,1999-025BNQ,2026-09-21T16:26:29.567616,14.43848105,.0127171,99.2317,210.4838,171.5111,188.8270,0,U,31282,999,1193,.72284087E-4,.215E-5,0
FENGYUN 1C DEB,1999-025BNS,2026-09-20T03:55:05.542176,13.98423520,.01416555,99.7312,19.2368,21.2316,339.4645,0,U,31284,999,99095,.2624566E-3,.359E-5,0
FENGYUN 1C DEB,1999-025BNT,2026-09-22T22:10:46.877088,14.26395058,.02002204,98.5509,244.3489,75.2375,313.4812,0,U,31285,999,1334,.13901496E-3,.368E-5,0
FENGYUN 1C DEB,1999-025BNU,2026-09-23T03:48:52.911936,14.25867109,.00740647,100.8576,228.2909,231.9221,127.5255,0,U,31286,999,68069,.12761166E-2,.3064E-4,0
FENGYUN 1C DEB,1999-025BNV,2026-09-22T04:22:41.594304,14.29829166,.00257332,99.3903,347.9965,329.2525,30.7146,0,U,31287,999,730,.71596143E-3,.1797E-4,0
FENGYUN 1C DEB,1999-025BPB,2026-09-21T06:09:18.383328,14.30919209,.01272645,98.4247,268.3871,129.1056,232.1526,0,U,31293,999,69284,.36553573E-4,.62E-6,0
FENGYUN 1C DEB,1999-025BPC,2026-09-20T16:35:47.937120,14.15746578,.0098031,98.5618,252.9483,250.2832,108.7747,0,U,31294,999,842,.20655E-3,.382E-5,0
FENGYUN 1C DEB,1999-025BPD,2026-09-23T09:31:33.235680,13.96921707,.00777913,98.3396,69.5819,172.5558,187.6781,0,U,31295,999,99477,.1845581E-3,.226E-5,0
FENGYUN 1C DEB,1999-025BPE,2026-09-22T15:20:15.563328,14.92374182,.00203124,99.0562,222.8841,44.1919,316.0914,0,U,31296,999,1550,.33109724E-2,.34096E-3,0
FENGYUN 1C DEB,1999-025BPF,2026-09-22T10:02:53.735136,14.57957650,.01366991,98.9729,68.7284,340.7539,73.4719,0,U,31297,999,3433,.10535238E-3,.486E-5,0
FENGYUN 1C DEB,1999-025BPJ,2026-09-22T13:59:04.456608,14.16378975,.00584766,99.5382,9.7046,347.8978,27.0969,0,U,31300,999,168,.74175407E-3,.1448E-4,0
FENGYUN 1C DEB,1999-025BPL,2026-09-22T03:24:39.786624,14.29148395,.00250775,99.3960,333.9718,325.8336,64.0028,0,U,31302,999,365,.69042072E-3,.1707E-4,0
FENGYUN 1C DEB,1999-025BPM,2026-09-22T18:31:07.717440,14.11131244,.00122022,98.6946,278.0773,71.9974,288.2527,0,U,31303,999,318,.6882335E-4,.82E-6,0
FENGYUN 1C DEB,1999-025BPP,2026-09-23T05:32:25.451232,14.31794184,.00165743,98.8445,357.5855,330.4982,57.0333,0,U,31311,999,287,.80092698E-3,.2098E-4,0
FENGYUN 1C DEB,1999-025BPQ,2026-09-22T18:39:00.155232,14.01171359,.00591618,98.8786,248.4289,165.0449,317.8582,0,U,31312,999,99123,.31552057E-3,.439E-5,0
FENGYUN 1C DEB,1999-025BPR,2026-09-23T13:01:13.453248,14.22599023,.00459391,99.0013,181.6967,85.4013,275.2409,0,U,31313,999,1086,.17720536E-3,.354E-5,0
FENGYUN 1C DEB,1999-025BPS,2026-09-16T05:38:41.745696,14.05155895,.00775337,98.8403,250.9480,300.0868,59.2629,0,U,31314,999,64711,.96420773E-4,.116E-5,0
FENGYUN 1C DEB,1999-025BPX,2026-09-22T12:44:26.232288,13.75913550,.01706501,98.7962,148.3912,49.6782,67.4310,0,U,31319,999,97590,.88039047E-4,.56E-6,0
FENGYUN 1C DEB,1999-025BPY,2026-09-21T05:48:37.084032,14.23003755,.00976759,98.3130,66.3309,359.1759,0.9244,0,U,31320,999,64372,.93893351E-3,.218E-4,0
FENGYUN 1C DEB,1999-025BPZ,2026-09-18T23:59:38.485536,14.13958331,.00308374,98.7102,339.0199,100.4563,260.0088,0,U,31321,999,61344,.76374861E-4,.103E-5,0
FENGYUN 1C DEB,1999-025BQA,2026-09-22T08:51:41.326848,13.73116239,.02376679,98.5358,304.3065,330.4998,40.7625,0,U,31322,999,66168,.11286586E-3,.89E-6,0
FENGYUN 1C DEB,1999-025BQB,2026-09-22T08:44:53.621664,14.29281810,.00294015,99.4010,330.8894,348.4243,11.6257,0,U,31323,999,68030,.68758568E-3,.1707E-4,0
FENGYUN 1C DEB,1999-025BQC,2026-09-22T13:25:23.322144,14.14846033,.00489695,99.1332,198.4231,222.4445,137.2936,0,U,31324,999,380,.84156537E-4,.117E-5,0
FENGYUN 1C DEB,1999-025BQD,2026-09-17T12:03:59.956992,14.18684097,.00711838,98.9920,3.0875,147.8104,212.7446,0,U,31325,999,63728,.12039798E-2,.2516E-4,0
FENGYUN 1C DEB,1999-025BQF,2026-09-22T10:01:48.110016,15.25291691,.00640361,98.9578,324.4372,140.4701,220.1229,0,U,31327,999,4404,.82160536E-3,.21882E-3,0
FENGYUN 1C DEB,1999-025BQG,2026-09-22T15:23:00.910464,14.29062165,.01053238,98.5195,237.4324,101.5630,259.7398,0,U,31328,999,1486,.49013134E-4,.9E-6,0
FENGYUN 1C DEB,1999-025BQH,2026-09-20T20:08:28.318560,14.71429144,.00495566,98.9064,280.4240,291.5374,68.0551,0,U,31329,999,6759,.51557535E-3,.3194E-4,0
FENGYUN 1C DEB,1999-025BQK,2026-09-23T07:11:28.252320,14.00777815,.0054845,98.8624,288.8752,113.1612,247.5345,0,U,31331,999,67840,.29360295E-4,.2E-7,0
FENGYUN 1C DEB,1999-025BQL,2026-09-22T07:08:02.058720,14.12620928,.00480447,98.7042,272.4982,298.6706,129.5410,0,U,31332,999,99974,.48399966E-3,.863E-5,0
FENGYUN 1C DEB,1999-025BQM,2026-09-21T06:44:51.467136,14.27373101,.00959107,98.4215,273.5038,275.7568,83.2685,0,U,31333,999,600,.31478575E-3,.767E-5,0
FENGYUN 1C DEB,1999-025BQQ,2026-09-22T02:51:39.692160,14.39182132,.00918997,98.4288,321.0116,350.8991,38.2327,0,U,31336,999,1852,.13449557E-3,.392E-5,0
FENGYUN 1C DEB,1999-025BQS,2026-09-21T19:10:16.123872,14.23363645,.00729468,98.7016,106.4898,11.9876,348.3018,0,U,31338,999,67681,.11529539E-2,.2644E-4,0
FENGYUN 1C DEB,1999-025BQT,2026-09-21T07:26:31.168608,14.12980222,.00729127,98.7033,278.1302,239.9608,119.4318,0,U,31339,999,99667,.44148456E-3,.801E-5,0
FENGYUN 1C DEB,1999-025BQV,2026-09-22T18:23:43.109952,14.55961101,.00516398,99.5345,351.8581,221.3391,267.3459,0,U,31341,999,1748,.69033511E-3,.303E-4,0
FENGYUN 1C DEB,1999-025BQW,2026-09-19T17:14:28.809600,14.36996506,.01127912,98.9723,235.2985,113.2148,248.0963,0,U,31342,999,1919,.68374157E-4,.168E-5,0
FENGYUN 1C DEB,1999-025BQZ,2026-09-02T19:31:24.843072,14.13462792,.006972,98.0913,239.3477,37.7890,322.8151,0,U,31345,999,99231,.96124E-3,.1813E-4,0
FENGYUN 1C DEB,1999-025BRA,2026-09-21T20:09:55.768320,15.20726946,.00913955,98.8775,284.6906,147.4079,213.2839,0,U,31346,999,3776,.36829986E-3,.8977E-4,0
FENGYUN 1C DEB,1999-025BRC,2026-09-21T17:43:08.254272,14.35768728,.00329689,99.1493,237.0257,323.1265,160.1478,0,U,31348,999,300,.64139365E-3,.1817E-4,0
FENGYUN 1C DEB,1999-025BRD,2026-08-27T21:46:17.755680,14.05691680,.0068782,99.2579,280.0313,249.4090,109.9689,0,U,31349,999,66563,.77652E-3,.1246E-4,0
FENGYUN 1C DEB,1999-025BRE,2026-09-19T07:44:46.267008,14.35550299,.006644,98.9723,90.2707,23.9404,336.4846,0,U,31350,999,74278,.23050488E-3,.633E-5,0
FENGYUN 1C DEB,1999-025BRF,2026-09-20T21:43:35.853312,14.07217125,.00924067,98.8218,248.5135,338.2987,21.4278,0,U,31351,999,65343,.17765452E-3,.266E-5,0
FENGYUN 1C DEB,1999-025BRH,2026-09-20T01:19:21.135936,14.30713622,.02258181,99.0041,203.1969,329.8747,28.9603,0,U,31353,999,444,.32259098E-3,.1058E-4,0
FENGYUN 1C DEB,1999-025BRL,2026-09-21T05:42:47.154528,14.84266612,.00251083,98.6519,50.8604,91.8690,268.5397,0,U,31356,999,69300,.16558111E-2,.13912E-3,0
FENGYUN 1C DEB,1999-025BRM,2026-09-23T01:22:36.831936,14.18558358,.00497279,98.5826,293.2898,190.8806,197.2559,0,U,31357,999,724,.14516648E-4,-.12E-6,0
FENGYUN 1C DEB,1999-025BRP,2026-09-13T13:15:31.895136,14.24107952,.0071499,99.0773,8.4223,223.5880,135.9635,0,U,31359,999,2511,.16488E-2,.3849E-4,0
FENGYUN 1C DEB,1999-025BRQ,2026-09-21T18:27:56.078784,14.15188783,.01019846,97.9803,98.3497,125.2944,235.7823,0,U,31360,999,67199,.14378552E-2,.2901E-4,0
FENGYUN 1C DEB,1999-025BRR,2026-09-22T17:52:21.219456,14.17880974,.00446093,98.5861,236.1306,333.1109,26.7755,0,U,31361,999,569,.83124278E-4,.129E-5,0
FENGYUN 1C DEB,1999-025BRS,2026-09-21T19:55:37.181280,14.17545575,.00183968,98.6711,257.0561,6.5710,353.5703,0,U,31362,999,576,.86879109E-4,.134E-5,0
FENGYUN 1C DEB,1999-025BRU,2026-09-22T03:54:26.091072,14.17277416,.00895891,99.2695,41.1754,71.1793,289.9072,0,U,31364,999,98888,.13018268E-2,.2689E-4,0
FENGYUN 1C DEB,1999-025BRV,2026-09-22T01:23:31.595712,14.44835537,.00405358,98.6685,0.2329,94.4493,266.1330,0,U,31365,999,706,.8389088E-3,.2901E-4,0
FENGYUN 1C DEB,1999-025BRX,2026-09-23T05:33:20.719584,14.48469215,.00958956,98.7236,175.0244,238.4438,274.6537,0,U,31367,999,2563,.21162373E-3,.788E-5,0
FENGYUN 1C DEB,1999-025BRY,2026-09-07T08:25:19.179552,14.25311215,.00440558,99.1290,90.3257,240.4905,119.1876,0,U,31368,999,68288,.35117224E-3,.787E-5,0
FENGYUN 1C DEB,1999-025BRZ,2026-09-20T05:36:54.916416,14.19676945,.0054353,98.6486,242.5182,205.3165,168.2044,0,U,31369,999,68321,.11523E-3,.204E-5,0
FENGYUN 1C DEB,1999-025BSA,2026-09-22T18:35:41.541504,14.10015008,.00330998,98.7650,263.2449,211.7520,148.1656,0,U,31370,999,268,.22773061E-3,.361E-5,0
FENGYUN 1C DEB,1999-025BSB,2026-09-23T07:30:09.657792,14.05108771,.00784263,98.7412,294.2500,167.7097,192.6008,0,U,31371,999,99742,.42033366E-3,.655E-5,0
FENGYUN 1C DEB,1999-025BSC,2026-09-20T23:49:38.459136,14.28408565,.00315523,99.3789,280.5258,350.8732,9.1870,0,U,31372,999,99878,.65432173E-3,.1595E-4,0
FENGYUN 1C DEB,1999-025BSE,2026-09-19T06:45:48.714048,14.37717710,.01358758,99.6415,71.6277,258.2289,100.3625,0,U,31374,999,1,.12928413E-2,.4269E-4,0
FENGYUN 1C DEB,1999-025BSG,2026-09-22T07:06:48.442464,14.66705295,.00469121,98.8388,207.2437,110.2763,250.3490,0,U,31376,999,2290,.82951676E-3,.4638E-4,0
FENGYUN 1C DEB,1999-025BSJ,2026-09-23T06:44:37.878144,13.80538802,.01665203,100.7461,198.8151,201.5057,157.9039,0,U,31378,999,98149,.42350703E-3,.437E-5,0
FENGYUN 1C DEB,1999-025BSM,2026-09-20T11:35:02.834880,14.37940941,.019474,98.4765,348.3271,270.2849,87.6026,0,U,31381,999,1445,.16786E-3,.578E-5,0
FENGYUN 1C DEB,1999-025BSP,2026-09-23T04:05:26.469600,14.06276443,.01072753,99.0411,333.0058,244.7381,140.5825,0,U,31383,999,99366,.3969274E-3,.643E-5,0
FENGYUN 1C DEB,1999-025BSQ,2026-09-22T08:22:47.286624,13.88567213,.04313686,98.4765,211.0174,339.5234,170.1260,0,U,31384,999,96957,.13979861E-2,.3506E-4,0
FENGYUN 1C DEB,1999-025BSR,2026-09-23T14:00:10.331424,14.44328354,.01321618,98.9601,16.6703,287.7505,83.3159,0,U,31385,999,2727,.78464504E-4,.244E-5,0
FENGYUN 1C DEB,1999-025BSS,2026-09-22T22:46:24.878784,13.87343974,.01941793,98.4418,258.3507,223.1068,135.4747,0,U,31386,999,97801,.10772703E-2,.1433E-4,0
FENGYUN 1C DEB,1999-025BST,2026-09-22T11:36:06.929856,14.13855118,.02419711,99.1300,155.8565,92.2097,270.6801,0,U,31387,999,297,.12714297E-3,.271E-5,0
FENGYUN 1C DEB,1999-025BSU,2026-09-21T17:47:00.545856,14.07554395,.00477302,98.8303,250.9453,125.0091,50.4257,0,U,31388,999,416,.12582799E-4,-.21E-6,0
FENGYUN 1C DEB,1999-025BSV,2026-09-23T00:38:59.319744,14.72780581,.00263693,99.0374,105.8270,28.5357,124.6998,0,U,31389,999,659,.17059931E-2,.10916E-3,0
FENGYUN 1C DEB,1999-025BSW,2026-09-21T17:41:49.180128,14.46138837,.01089906,98.8596,83.3820,159.3877,264.6927,0,U,31410,999,1836,.3792144E-3,.1406E-4,0
FENGYUN 1C DEB,1999-025BSX,2026-09-22T09:52:20.073216,14.28500144,.01021838,98.6356,329.1770,144.5888,277.9949,0,U,31411,999,98529,.20123324E-3,.49E-5,0
FENGYUN 1C DEB,1999-025BSY,2026-09-23T06:12:06.717312,14.11187399,.00794245,98.5590,201.5962,245.2643,114.0248,0,U,31412,999,65003,.85489907E-3,.1546E-4,0
FENGYUN 1C DEB,1999-025BTB,2026-09-13T04:18:27.479808,14.32213099,.00623321,99.6686,243.7066,13.5582,346.7255,0,U,31415,999,66757,.72710956E-3,.1949E-4,0
FENGYUN 1C DEB,1999-025BTC,2026-09-21T10:58:48.852768,14.41167632,.01336409,99.0172,335.5651,135.9970,225.1949,0,U,31416,999,69591,.15434497E-3,.501E-5,0
FENGYUN 1C DEB,1999-025BTF,2026-09-18T08:43:20.083296,14.76092889,.0038492,98.7831,102.7658,41.9933,318.4214,0,U,31419,999,69146,.97241E-3,.6735E-4,0
FENGYUN 1C DEB,1999-025BTG,2026-09-23T02:57:00.516960,14.41613231,.01343572,97.5243,136.0311,171.3941,340.7250,0,U,31420,999,69090,.20611247E-3,.708E-5,0
FENGYUN 1C DEB,1999-025BTJ,2026-09-22T22:19:18.299424,14.09928524,.00334701,98.7752,260.5646,214.6549,175.4788,0,U,31422,999,99666,.23165776E-3,.367E-5,0
FENGYUN 1C DEB,1999-025BTK,2026-09-22T05:20:57.122304,14.23138913,.00375584,98.6148,244.4722,91.8685,268.6796,0,U,31423,999,940,.81804719E-4,.143E-5,0
FENGYUN 1C DEB,1999-025BTL,2026-09-19T07:28:16.580064,14.08554753,.00937308,98.4485,294.1102,27.3024,333.3030,0,U,31424,999,67120,.16853173E-3,.261E-5,0
FENGYUN 1C DEB,1999-025BTN,2026-09-21T04:29:48.386112,13.91626723,.03212007,98.6053,46.2713,126.5519,46.8348,0,U,31426,999,97499,.66438742E-3,.1246E-4,0
FENGYUN 1C DEB,1999-025BTP,2026-09-22T07:44:18.671712,14.64959623,.00284725,98.6845,33.4731,220.9436,138.9627,0,U,31427,999,1026,.13152284E-2,.7034E-4,0
FENGYUN 1C DEB,1999-025BTQ,2026-09-21T22:59:27.767328,14.43371592,.00633841,99.0615,258.7937,37.1196,350.8008,0,U,31428,999,1555,.40284975E-3,.1342E-4,0
FENGYUN 1C DEB,1999-025BTR,2026-09-21T08:52:07.278816,14.23568638,.00129472,98.6615,314.1529,326.8085,92.7044,0,U,31429,999,99973,.44799269E-3,.977E-5,0
FENGYUN 1C DEB,1999-025BTS,2026-09-23T03:43:10.413696,14.26726066,.00254215,98.7210,333.2447,292.0695,96.9967,0,U,31430,999,172,.52920629E-3,.124E-4,0
FENGYUN 1C DEB,1999-025BTT,2026-09-23T02:22:13.957824,14.04177142,.01342071,98.5190,141.9701,14.5856,345.9126,0,U,31431,999,98521,.84174274E-3,.1406E-4,0
FENGYUN 1C DEB,1999-025BTV,2026-09-23T04:58:56.144928,14.28110660,.00938839,98.3948,163.6479,274.7166,247.6736,0,U,31433,999,99609,.10114309E-2,.2594E-4,0
FENGYUN 1C DEB,1999-025BTX,2026-09-23T00:44:55.947840,14.53885188,.01488508,99.0398,105.4515,43.6916,317.5948,0,U,31435,999,2443,.76707112E-4,.312E-5,0
FENGYUN 1C DEB,1999-025BTY,2026-09-16T05:20:27.050784,15.61670978,.0014536,98.8483,163.9632,94.1113,61.1838,0,U,31436,999,1079,.10225E-1,.976494E-2,0
FENGYUN 1C DEB,1999-025BTZ,2026-09-23T06:07:14.953152,14.46129521,.00153786,98.8578,4.2424,127.2209,233.0387,0,U,31437,999,604,.10360745E-2,.366E-4,0
FENGYUN 1C DEB,1999-025BUB,2026-09-20T06:19:34.257216,13.96117781,.0138053,98.9206,265.4325,107.0407,319.5880,0,U,31439,999,67160,.29546E-3,.398E-5,0
FENGYUN 1C DEB,1999-025BUC,2026-09-22T05:16:48.349920,14.39225973,.00384496,98.7417,3.2000,219.2605,140.5792,0,U,31440,999,339,.85678665E-3,.2634E-4,0
FENGYUN 1C DEB,1999-025BUD,2026-09-22T13:52:34.487616,15.03828871,.00588734,99.2794,182.7126,151.5946,208.8505,0,U,31441,999,68315,.29213789E-2,.41878E-3,0
FENGYUN 1C DEB,1999-025BUE,2026-09-23T01:33:55.944576,14.34484820,.00775269,98.5182,353.0728,248.4904,110.8003,0,U,31442,999,1436,.1908523E-3,.512E-5,0
FENGYUN 1C DEB,1999-025BUF,2026-09-22T15:23:56.843232,14.51743539,.01826241,99.2284,36.9290,331.4558,27.6727,0,U,31443,999,71057,.41529216E-3,.2008E-4,0
FENGYUN 1C DEB,1999-025BUG,2026-09-22T16:04:15.258720,14.78873483,.00488391,98.9400,241.9669,265.2467,94.3163,0,U,31444,999,1604,.11602587E-2,.8661E-4,0
FENGYUN 1C DEB,1999-025BUK,2026-09-22T22:43:31.058400,14.24317346,.0228812,98.9582,318.4431,256.0503,101.5135,0,U,31447,999,68897,.14965556E-3,.399E-5,0
FENGYUN 1C DEB,1999-025BUL,2026-09-22T18:17:09.460320,14.28655667,.00600061,98.4952,274.5504,90.3570,270.4489,0,U,31448,999,68358,.3593956E-3,.878E-5,0
FENGYUN 1C DEB,1999-025BUM,2026-09-22T23:35:37.133088,14.34023373,.01454001,98.5172,325.8268,146.1935,214.8625,0,U,31449,999,1686,.10191241E-3,.275E-5,0
FENGYUN 1C DEB,1999-025BUP,2026-09-20T22:18:05.236992,14.13945176,.00323414,98.7320,304.8889,128.5442,354.6175,0,U,31451,999,99997,.17168414E-3,.285E-5,0
FENGYUN 1C DEB,1999-025BUQ,2026-09-22T19:18:08.130528,14.15529107,.00410393,98.6845,249.9698,36.9834,323.4157,0,U,31452,999,222,.20661736E-3,.364E-5,0
FENGYUN 1C DEB,1999-025BUT,2026-09-23T05:06:56.680992,14.11724958,.0216447,98.6019,247.5516,319.4870,39.0360,0,U,31455,999,114,.16668773E-3,.334E-5,0
FENGYUN 1C DEB,1999-025BUU,2026-09-20T02:34:54.694272,14.43790773,.00674858,98.5884,12.4816,188.2823,171.7259,0,U,31456,999,1517,.44444991E-3,.1508E-4,0
FENGYUN 1C DEB,1999-025BUX,2026-09-23T11:10:28.535520,14.46664305,.00920352,98.1576,169.1723,345.5053,14.3503,0,U,31459,999,68671,.85940644E-3,.3227E-4,0
FENGYUN 1C DEB,1999-025BVA,2026-09-23T00:31:03.448416,14.13312345,.00332704,98.6777,280.9639,114.6615,273.0069,0,U,31462,999,99871,.18401114E-3,.305E-5,0
FENGYUN 1C DEB,1999-025BVB,2026-09-21T05:22:40.462752,14.37732489,.02098916,99.1003,267.2102,291.3409,66.5490,0,U,31463,999,68778,.16715517E-3,.588E-5,0
FENGYUN 1C DEB,1999-025BVC,2026-09-21T09:08:26.182176,14.12737536,.00443983,98.7594,310.4229,158.9350,266.4411,0,U,31464,999,98670,.14572189E-3,.23E-5,0
FENGYUN 1C DEB,1999-025BVE,2026-09-19T03:01:05.922336,14.18788809,.0298069,99.1078,204.7657,230.6176,126.8254,0,U,31466,999,250,.52644312E-4,.112E-5,0
FENGYUN 1C DEB,1999-025BVF,2026-09-17T09:18:07.429536,14.01305815,.01519961,98.5802,116.9307,302.4313,56.2229,0,U,31467,999,3648,.12581477E-2,.2054E-4,0
FENGYUN 1C DEB,1999-025BVG,2026-09-22T19:04:19.584768,14.47566556,.01645442,98.1850,257.4146,18.8223,341.8958,0,U,31468,999,71480,.32083598E-3,.135E-4,0
FENGYUN 1C DEB,1999-025BVK,2026-09-23T09:52:06.365856,14.16948407,.014375,97.9547,125.4365,245.0201,113.5987,0,U,31471,999,68006,.8792295E-3,.1915E-4,0
FENGYUN 1C DEB,1999-025BVM,2026-09-22T21:25:31.077984,14.31493443,.00626063,98.5230,298.7100,256.1087,230.4970,0,U,31473,999,73584,.64458276E-3,.1706E-4,0
FENGYUN 1C DEB,1999-025BVN,2026-09-23T09:46:26.908032,14.11757443,.00714079,99.1316,322.2400,129.2970,231.4562,0,U,31474,999,98985,.7077571E-3,.1275E-4,0
FENGYUN 1C DEB,1999-025BVP,2026-09-20T23:29:33.837504,14.39637839,.02077634,98.9130,169.3669,353.6600,6.1964,0,U,31475,999,65,.45824784E-3,.1789E-4,0
FENGYUN 1C DEB,1999-025BVQ,2026-09-21T04:34:09.734016,14.23524148,.00512382,98.8834,345.2840,80.1539,280.5418,0,U,31476,999,99716,.61122544E-3,.1364E-4,0
FENGYUN 1C DEB,1999-025BVR,2026-09-17T06:10:38.980704,14.03099520,.01091738,98.9088,248.7786,333.0034,26.5479,0,U,31477,999,99309,.29484087E-3,.439E-5,0
FENGYUN 1C DEB,1999-025BVU,2026-09-22T23:11:14.945280,13.92554367,.0337309,98.3302,93.8828,149.7255,212.3877,0,U,31480,999,97348,.19754948E-2,.403E-4,0
FENGYUN 1C DEB,1999-025BVW,2026-09-19T06:03:26.280000,14.36636135,.0088662,98.3887,263.6386,163.4065,261.2374,0,U,31482,999,1149,.32099E-3,.945E-5,0
FENGYUN 1C DEB,1999-025BVX,2026-09-23T03:31:54.202368,14.18768738,.01195955,102.5130,335.9982,231.2370,158.6690,0,U,31483,999,98736,.16227027E-2,.3546E-4,0
FENGYUN 1C DEB,1999-025BVY,2026-09-23T02:55:09.815232,14.62121826,.006748,101.8079,325.2388,97.0048,263.8821,0,U,31484,999,68380,.20416991E-2,.10535E-3,0
FENGYUN 1C DEB,1999-025BVZ,2026-09-23T04:46:58.847808,13.41391789,.04452538,102.7033,171.4884,62.9446,301.6389,0,U,31485,999,94257,.252183E-2,.2458E-4,0
FENGYUN 1C DEB,1999-025BWB,2026-09-23T13:01:51.948768,13.98734809,.01192259,102.4019,179.2434,338.8211,197.1945,0,U,31487,999,98392,.71198026E-3,.1015E-4,0
FENGYUN 1C DEB,1999-025BWE,2026-09-22T06:02:59.081280,14.18857166,.00483061,99.2994,192.3510,185.4506,174.6148,0,U,31491,999,67746,.77721952E-3,.1588E-4,0
FENGYUN 1C DEB,1999-025BWF,2026-09-22T23:35:03.692832,14.82749198,.00482209,98.8561,105.0175,193.2336,166.7613,0,U,31492,999,682,.15788093E-2,.12969E-3,0
FENGYUN 1C DEB,1999-025BWG,2026-09-23T04:01:05.984832,13.93571348,.01170664,100.1575,244.3627,146.5097,214.3533,0,U,31493,999,63827,.57755017E-3,.75E-5,0
FENGYUN 1C DEB,1999-025BWJ,2026-09-21T11:59:22.475616,14.30681262,.00273019,99.0948,155.7509,77.3012,283.1218,0,U,31495,999,67432,.56407788E-3,.1433E-4,0
FENGYUN 1C DEB,1999-025BWL,2026-09-22T17:26:33.364320,14.39585801,.0166472,98.3998,248.3006,209.5201,326.7534,0,U,31497,999,1576,.67156893E-4,.197E-5,0
FENGYUN 1C DEB,1999-025BWM,2026-09-23T07:14:48.609600,13.78141475,.02186751,98.4998,212.9239,95.2632,267.3513,0,U,31498,999,96652,.11805096E-2,.1383E-4,0
FENGYUN 1C DEB,1999-025BWN,2026-09-17T03:33:13.093344,14.04585281,.02529407,97.6594,30.3135,108.8621,254.0159,0,U,31499,999,66274,.20112367E-2,.4247E-4,0
FENGYUN 1C DEB,1999-025BWR,2026-09-23T06:01:27.616512,14.16038741,.00714467,99.0827,6.7983,146.9329,213.6341,0,U,31502,999,64599,.10802284E-2,.214E-4,0
FENGYUN 1C DEB,1999-025BWS,2026-09-19T13:31:45.149664,14.23576734,.00491448,100.0773,174.3422,125.9688,234.6058,0,U,31503,999,68241,.48302446E-3,.1058E-4,0
FENGYUN 1C DEB,1999-025BWW,2026-09-22T21:22:30.077760,14.53157168,.01136536,98.1662,296.1214,281.5030,203.4811,0,U,31507,999,2143,.1823813E-3,.771E-5,0
FENGYUN 1C DEB,1999-025BWX,2026-09-23T07:27:02.358144,14.70273788,.00297766,98.6431,34.8627,159.7282,200.5112,0,U,31508,999,1088,.15132929E-2,.9148E-4,0
FENGYUN 1C DEB,1999-025BWY,2026-09-23T06:27:19.072800,13.96290401,.01933805,99.0392,24.9615,158.5876,202.3517,0,U,31509,999,97931,.17894093E-2,.2842E-4,0
FENGYUN 1C DEB,1999-025BWZ,2026-09-21T19:06:43.153056,14.25125907,.00362247,98.5652,261.9568,223.4498,261.9676,0,U,31510,999,436,.24146063E-3,.527E-5,0
FENGYUN 1C DEB,1999-025BXA,2026-09-22T23:13:39.463968,14.29110253,.01071227,99.0806,91.0646,124.0129,237.1283,0,U,31511,999,99859,.34119324E-3,.873E-5,0
FENGYUN 1C DEB,1999-025BXB,2026-09-20T13:30:32.152896,14.44801703,.0142847,98.7827,173.6464,24.7677,97.3281,0,U,31512,999,69570,.31592E-3,.1191E-4,0
FENGYUN 1C DEB,1999-025BXC,2026-09-20T01:58:26.009472,14.35186855,.0025615,98.8645,11.7043,24.6208,335.6193,0,U,31513,999,76901,.87284662E-3,.2458E-4,0
FENGYUN 1C DEB,1999-025BXD,2026-09-23T13:20:17.866176,14.22580993,.00557483,99.2387,185.8297,27.8803,332.5342,0,U,31514,999,73372,.92225146E-3,.2046E-4,0
FENGYUN 1C DEB,1999-025BXE,2026-09-23T11:50:11.389632,14.11321767,.0054495,98.8890,355.2403,61.4693,299.1949,0,U,31515,999,62379,.48902363E-3,.853E-5,0
FENGYUN 1C DEB,1999-025BXF,2026-09-23T07:20:32.824608,14.25905633,.01489473,98.8612,29.8163,134.1417,257.6717,0,U,31516,999,521,.2195601E-3,.542E-5,0
FENGYUN 1C DEB,1999-025BXJ,2026-09-22T18:25:21.685440,14.23886885,.00530659,98.5888,260.4271,135.5449,225.0007,0,U,31519,999,68806,.21919044E-3,.467E-5,0
FENGYUN 1C DEB,1999-025BXM,2026-09-22T23:26:42.229824,14.04421357,.00441561,98.6966,277.2626,122.5274,238.0172,0,U,31522,999,98985,.37015873E-3,.553E-5,0
FENGYUN 1C DEB,1999-025BXN,2026-09-22T22:28:39.078624,14.13883334,.00387206,98.7169,312.0166,22.1339,101.8996,0,U,31523,999,1,.14266398E-4,-.16E-6,0
FENGYUN 1C DEB,1999-025BXP,2026-09-22T12:36:59.153760,14.07634183,.02778263,99.2451,158.7126,54.4217,65.1021,0,U,31524,999,67143,.26945483E-3,.599E-5,0
FENGYUN 1C DEB,1999-025BXS,2026-09-20T04:54:44.953344,13.23629177,.0447934,98.9296,33.7998,333.7706,24.1337,0,U,31527,999,93913,.53207E-3,.348E-5,0
FENGYUN 1C DEB,1999-025BXW,2026-09-19T08:17:20.508000,14.37130623,.02413441,98.3529,304.4307,148.8065,212.7706,0,U,31531,999,67963,.36458831E-3,.1466E-4,0
FENGYUN 1C DEB,1999-025BXY,2026-09-23T11:02:17.529504,14.28064445,.00633048,98.9343,170.5305,243.5646,115.9030,0,U,31533,999,70186,.16817406E-3,.38E-5,0
FENGYUN 1C DEB,1999-025BYA,2026-09-15T19:07:23.603808,14.29125973,.00881987,98.0197,91.8140,58.3933,302.5821,0,U,31535,999,75887,.35999158E-3,.914E-5,0
FENGYUN 1C DEB,1999-025BYB,2026-09-20T23:14:57.602400,14.59027528,.02785442,98.2191,173.3761,348.7554,10.7502,0,U,31536,999,361,.86112253E-3,.6915E-4,0
FENGYUN 1C DEB,1999-025BYC,2026-09-21T07:53:00.163968,14.26196134,.03282989,99.3165,79.4860,237.8614,119.0320,0,U,31537,999,97303,.16393837E-2,.6894E-4,0
FENGYUN 1C DEB,1999-025BYF,2026-09-22T18:16:21.084960,14.68377523,.01698871,99.0686,100.3123,146.4189,214.7921,0,U,31540,999,2451,.51331953E-3,.3627E-4,0
FENGYUN 1C DEB,1999-025BYG,2026-09-23T10:42:05.566464,14.71963751,.00751265,99.0068,83.1685,77.4939,283.4656,0,U,31541,999,2600,.41375611E-3,.2649E-4,0
FENGYUN 1C DEB,1999-025BYH,2026-09-21T02:25:21.309312,14.24090276,.00476317,98.7084,320.5727,110.4927,250.1374,0,U,31542,999,99957,.57523705E-3,.1295E-4,0
FENGYUN 1C DEB,1999-025BYK,2026-09-19T02:19:15.765600,14.14972223,.00326133,98.8009,314.7906,189.8031,170.2510,0,U,31544,999,99721,.35959141E-3,.655E-5,0
FENGYUN 1C DEB,1999-025BYM,2026-09-22T02:29:15.836064,14.14693925,.01417956,98.2248,317.4977,37.7096,323.3917,0,U,31546,999,98793,.62617982E-3,.1289E-4,0
FENGYUN 1C DEB,1999-025BYN,2026-09-21T22:11:16.294560,14.24586498,.00538471,99.0691,322.8061,160.4660,199.8597,0,U,31547,999,68047,.69914857E-3,.1601E-4,0
FENGYUN 1C DEB,1999-025BYR,2026-09-22T22:43:56.401248,14.41326278,.01892905,98.3227,262.8425,135.1155,226.5519,0,U,31550,999,69547,.20534935E-3,.774E-5,0
FENGYUN 1C DEB,1999-025BYT,2026-09-09T02:30:04.339296,14.51730318,.0078417,98.6255,24.9037,281.8050,77.4356,0,U,31552,999,99792,.19522741E-2,.8118E-4,0
FENGYUN 1C DEB,1999-025BYU,2026-09-23T04:16:11.848224,14.32293587,.00275617,98.9881,335.9607,351.3013,35.2385,0,U,31553,999,99979,.73535671E-3,.1946E-4,0
FENGYUN 1C DEB,1999-025BYV,2026-09-23T09:40:52.378464,14.57929416,.00343092,98.9164,64.2734,236.1142,123.6789,0,U,31554,999,68997,.15384308E-2,.7066E-4,0
FENGYUN 1C DEB,1999-025BYW,2026-09-19T04:48:15.092352,14.47538902,.01496095,99.1256,242.3801,83.1237,278.6948,0,U,31555,999,616,.81733703E-3,.3404E-4,0
FENGYUN 1C DEB,1999-025BYY,2026-09-06T04:09:49.326048,14.41481088,.01695558,98.3146,229.6216,184.4472,175.5221,0,U,31557,999,64951,.10507007E-3,.356E-5,0
FENGYUN 1C DEB,1999-025BYZ,2026-09-23T05:26:05.108928,14.39157418,.02111638,98.7667,173.5056,137.7362,19.3544,0,U,31558,999,1525,.91250752E-4,.313E-5,0
FENGYUN 1C DEB,1999-025BZA,2026-09-21T04:14:30.052608,14.67262825,.00538645,98.8837,245.8719,43.0756,15.9372,0,U,31559,999,1691,.56717644E-3,.3209E-4,0
FENGYUN 1C DEB,1999-025BZB,2026-09-22T08:08:10.388832,14.21291122,.0120279,98.5561,298.2209,205.3845,154.1394,0,U,31560,999,646,.30225543E-4,.28E-6,0
FENGYUN 1C DEB,1999-025BZC,2026-09-22T17:13:33.869568,14.03090991,.00573272,98.7352,255.0280,107.9407,66.5910,0,U,31561,999,99160,.43592258E-3,.646E-5,0
FENGYUN 1C DEB,1999-025BZD,2026-09-22T23:07:53.886432,14.43490321,.00562025,99.2823,87.2917,166.8417,193.4252,0,U,31562,999,1072,.43684543E-3,.1454E-4,0
FENGYUN 1C DEB,1999-025BZE,2026-09-22T23:44:51.025344,14.67107310,.01090746,98.9753,90.6402,282.8428,76.0606,0,U,31563,999,2694,.24491763E-3,.1437E-4,0
FENGYUN 1C DEB,1999-025BZG,2026-09-22T01:36:04.373856,14.44048609,.00517805,100.7125,213.7602,316.8312,42.8816,0,U,31565,999,68436,.17273918E-2,.5947E-4,0
FENGYUN 1C DEB,1999-025BZH,2026-09-20T22:52:25.375008,14.40276880,.00240578,98.9356,339.7451,238.4781,177.8388,0,U,31566,999,447,.82511381E-3,.2575E-4,0
FENGYUN 1C DEB,1999-025BZJ,2026-09-23T08:44:01.869792,13.95069821,.01817955,102.3166,231.7409,343.1130,16.4019,0,U,31567,999,71375,.19868322E-2,.3004E-4,0
FENGYUN 1C DEB,1999-025BZK,2026-09-22T18:06:37.661184,14.05515692,.01215244,102.0449,244.7561,134.0504,227.0739,0,U,31568,999,98567,.78795124E-3,.1299E-4,0
FENGYUN 1C DEB,1999-025BZL,2026-09-23T05:19:46.142976,13.97445487,.01755316,102.6076,172.8245,47.2102,104.1714,0,U,31569,999,97650,.16357171E-2,.2549E-4,0
FENGYUN 1C DEB,1999-025BZM,2026-09-21T04:48:28.722816,14.29362889,.01407057,102.5721,70.4528,234.1144,124.6891,0,U,31570,999,67397,.18524823E-2,.5175E-4,0
FENGYUN 1C DEB,1999-025BZN,2026-09-16T03:21:40.431456,14.90093382,.01347991,98.4107,38.5903,216.7419,142.4500,0,U,31608,999,2740,.77718842E-3,.8858E-4,0
FENGYUN 1C DEB,1999-025BZP,2026-09-18T01:50:48.244992,14.17608591,.00915708,99.1987,304.2143,248.6441,140.3513,0,U,31609,999,70040,.12630756E-2,.2628E-4,0
FENGYUN 1C DEB,1999-025BZT,2026-09-20T16:44:15.200160,13.64274494,.0342833,98.4500,59.0592,79.2665,284.6879,0,U,31613,999,95605,.63782E-3,.727E-5,0
FENGYUN 1C DEB,1999-025BZV,2026-09-21T11:19:07.435776,14.40895305,.01554545,99.1438,339.2390,207.0430,152.2596,0,U,31615,999,69343,.16418346E-2,.6027E-4,0
FENGYUN 1C DEB,1999-025BZY,2026-09-19T05:59:31.805088,14.21471390,.0155875,99.4789,70.1826,254.1650,104.2293,0,U,31618,999,74249,.18818E-3,.413E-5,0
FENGYUN 1C DEB,1999-025BZZ,2026-09-22T21:53:49.990560,15.28176246,.00424554,99.0356,152.3829,84.1315,276.4757,0,U,31619,999,67762,.45924179E-2,.131526E-2,0
FENGYUN 1C DEB,1999-025CAA,2026-09-22T12:52:36.824448,14.40517945,.00190373,98.8823,4.6716,276.4166,83.4853,0,U,31620,999,69926,.107853E-2,.3394E-4,0
FENGYUN 1C DEB,1999-025CAC,2026-09-22T06:19:38.208288,14.40018356,.00157526,98.8196,12.7384,217.5652,171.7167,0,U,31622,999,99849,.96453047E-3,.2997E-4,0
FENGYUN 1C DEB,1999-025CAD,2026-09-19T17:28:22.573056,13.82823296,.01928126,97.6330,66.3323,302.0876,56.1690,0,U,31623,999,61803,.19609044E-3,.213E-5,0
FENGYUN 1C DEB,1999-025CAF,2026-09-23T05:50:45.685248,14.55887847,.01471949,98.8061,12.6922,228.5918,161.0290,0,U,31625,999,2504,.12377003E-3,.567E-5,0
FENGYUN 1C DEB,1999-025CAH,2026-09-21T22:00:42.213600,14.37089214,.00501666,98.5059,314.6245,33.4748,326.9593,0,U,31627,999,68832,.49098411E-3,.1436E-4,0
FENGYUN 1C DEB,1999-025CAJ,2026-09-18T07:52:43.785120,13.88048738,.0166023,102.2662,207.7455,272.5682,85.6468,0,U,31628,999,97177,.1105E-2,.1399E-4,0
FENGYUN 1C DEB,1999-025CAK,2026-09-23T09:12:00.023904,14.17183591,.01015868,102.1331,59.1323,30.3664,330.3331,0,U,31629,999,98475,.11932156E-2,.246E-4,0
FENGYUN 1C DEB,1999-025CAL,2026-09-21T05:54:55.573920,15.17899218,.01355636,98.0985,94.0981,115.6881,245.8422,0,U,31630,999,2847,.5662997E-3,.14547E-3,0
FENGYUN 1C DEB,1999-025CAM,2026-09-23T03:16:13.591488,15.30982185,.00290294,99.3014,235.5089,119.6130,240.8003,0,U,31631,999,68221,.47146156E-2,.145447E-2,0
FENGYUN 1C DEB,1999-025CAP,2026-09-09T05:53:57.146784,14.07001732,.0066864,98.7074,261.4827,130.2357,230.4688,0,U,31633,999,60887,.54431E-3,.886E-5,0
FENGYUN 1C DEB,1999-025CAQ,2026-09-20T09:44:03.505632,13.94885761,.0092163,99.3323,318.5010,114.8474,246.2304,0,U,31634,999,60450,.17286E-5,-.43E-6,0
FENGYUN 1C DEB,1999-025CAV,2026-09-18T06:59:17.423232,13.85265068,.0161982,98.7664,193.9370,106.0697,46.0143,0,U,31639,999,97558,.10515E-3,.93E-6,0
FENGYUN 1C DEB,1999-025CAY,2026-09-19T04:24:41.857920,14.33879652,.01200734,98.4863,344.3119,144.7434,216.1769,0,U,31642,999,1004,.17984189E-3,.499E-5,0
FENGYUN 1C DEB,1999-025CBA,2026-09-22T00:11:58.053984,14.71011076,.0148056,98.6472,177.0772,18.0936,37.1895,0,U,31644,999,75205,.60694835E-3,.4355E-4,0
FENGYUN 1C DEB,1999-025CBC,2026-09-22T20:11:50.103168,14.14582631,.00344217,98.6715,285.8613,122.7148,237.7352,0,U,31646,999,67207,.26115953E-3,.462E-5,0
FENGYUN 1C DEB,1999-025CBD,2026-09-23T09:16:54.989184,14.57145414,.00857971,98.0477,309.7207,280.1788,78.9743,0,U,31647,999,12723,.12990536E-2,.6116E-4,0
FENGYUN 1C DEB,1999-025CBE,2026-09-21T00:55:12.288288,14.18320476,.00404149,102.7934,214.2969,194.8320,165.1657,0,U,31648,999,75896,.17287919E-2,.3514E-4,0
FENGYUN 1C DEB,1999-025CBM,2026-09-21T01:30:08.180352,13.65762002,.02839704,99.2751,203.0227,127.0276,295.4393,0,U,31655,999,63571,.20969894E-2,.2225E-4,0
FENGYUN 1C DEB,1999-025CBN,2026-09-23T00:23:34.513152,14.50601544,.001875,99.1974,285.2234,286.0165,103.3976,0,U,31656,999,552,.85060753E-3,.3292E-4,0
FENGYUN 1C DEB,1999-025CBP,2026-09-10T05:39:38.984832,13.99138889,.0146152,102.2119,251.5996,113.9763,247.6769,0,U,31657,999,66659,.67561E-3,.1003E-4,0
FENGYUN 1C DEB,1999-025CBQ,2026-09-21T22:43:26.091264,14.00961487,.02122686,98.1440,88.5179,239.7171,118.2842,0,U,31658,999,73779,.16479877E-2,.2963E-4,0
FENGYUN 1C DEB,1999-025CBS,2026-09-22T19:41:03.022368,14.27888322,.0102243,98.5149,264.8057,67.8008,293.3983,0,U,31660,999,11969,.32003586E-3,.796E-5,0
FENGYUN 1C DEB,1999-025CBT,2026-09-22T04:54:04.862016,14.27108114,.00585781,98.8497,352.3770,125.0796,265.0906,0,U,31661,999,99754,.75313398E-3,.1825E-4,0
FENGYUN 1C DEB,1999-025CBV,2026-09-23T01:32:13.160544,14.77729687,.01879815,98.8439,206.1734,62.4161,299.6000,0,U,31663,999,3471,.20149084E-3,.1864E-4,0
FENGYUN 1C DEB,1999-025CBW,2026-09-19T22:13:14.328192,14.10667528,.0125483,98.7737,252.4560,82.0557,279.4834,0,U,31664,999,99965,.1981E-3,.339E-5,0
FENGYUN 1C DEB,1999-025CBX,2026-09-21T00:11:01.597632,13.85531120,.01881584,98.4316,284.0191,132.5115,229.2111,0,U,31665,999,97099,.72915959E-3,.919E-5,0
FENGYUN 1C DEB,1999-025CBY,2026-09-17T10:38:34.171584,15.02769523,.00144857,98.6647,82.5224,328.6188,31.4169,0,U,31666,999,1399,.2088884E-2,.28021E-3,0
FENGYUN 1C DEB,1999-025CBZ,2026-09-20T20:56:10.510368,14.23784808,.00511348,99.0513,129.6262,359.8755,0.2401,0,U,31667,999,60007,.1266525E-3,.246E-5,0
FENGYUN 1C DEB,1999-025CCC,2026-09-21T18:59:55.753728,13.72944545,.02432831,98.4140,110.7541,259.6856,97.6788,0,U,31670,999,66195,.10532978E-2,.1163E-4,0
FENGYUN 1C DEB,1999-025CCE,2026-09-16T09:47:20.692896,14.54338886,.00994999,98.9407,110.7335,223.6373,135.6922,0,U,31672,999,68903,.99774883E-3,.447E-4,0
FENGYUN 1C DEB,1999-025CCF,2026-09-13T21:06:51.049728,14.32278755,.01243256,99.3499,118.1903,336.5955,22.9597,0,U,31673,999,68829,.12977333E-3,.328E-5,0
FENGYUN 1C DEB,1999-025CCG,2026-09-22T23:00:05.959584,14.57282594,.00246082,98.9186,326.2444,146.7356,213.5393,0,U,31674,999,68747,.13112696E-2,.5907E-4,0
FENGYUN 1C DEB,1999-025CCL,2026-09-21T14:58:04.688832,14.57099250,.02456134,98.8233,34.5340,245.7686,111.7669,0,U,31678,999,933,.62605662E-3,.4201E-4,0
FENGYUN 1C DEB,1999-025CCN,2026-09-22T19:09:14.979456,15.49587676,.00430163,99.8429,113.8965,59.7491,300.7999,0,U,31680,999,4535,.77593349E-3,.44562E-3,0
FENGYUN 1C DEB,1999-025CCT,2026-09-22T08:03:18.096768,14.09744627,.00173261,98.7104,285.7008,142.2549,217.9841,0,U,31685,999,99085,.93135473E-4,.121E-5,0
FENGYUN 1C DEB,1999-025CCU,2026-09-23T11:31:21.757152,14.76525013,.0265617,98.1237,344.7183,257.6059,112.3771,0,U,31686,999,2007,.31279862E-3,.3841E-4,0
FENGYUN 1C DEB,1999-025CCW,2026-09-22T22:26:50.389152,14.02418818,.00752714,98.9263,319.7717,72.6554,288.2828,0,U,31688,999,99261,.25579894E-3,.36E-5,0
FENGYUN 1C DEB,1999-025CCZ,2026-09-21T12:54:09.294912,14.28540202,.00602408,98.8771,0.3655,140.2063,220.3559,0,U,31691,999,68146,.10026069E-2,.2518E-4,0
FENGYUN 1C DEB,1999-025CDA,2026-09-06T07:00:06.551136,14.21123170,.0086755,99.1806,260.6533,43.7634,317.0375,0,U,31692,999,62006,.13178E-2,.2928E-4,0
FENGYUN 1C DEB,1999-025CDD,2026-09-23T01:44:54.698784,14.79171348,.01610428,98.2556,2.0272,39.3712,321.9075,0,U,31695,999,70168,.51560635E-3,.47E-4,0
FENGYUN 1C DEB,1999-025CDN,2026-09-20T21:12:53.508096,14.54214288,.0181987,99.2717,128.1786,356.3057,3.6780,0,U,31715,999,65815,.34746E-3,.1767E-4,0
FENGYUN 1C DEB,1999-025CDP,2026-09-23T03:53:34.736640,14.04719497,.01304955,98.5347,153.5249,10.3731,142.0320,0,U,31716,999,98111,.79401467E-3,.1332E-4,0
FENGYUN 1C DEB,1999-025CDQ,2026-09-21T11:20:43.376928,14.18109112,.01564958,96.9305,347.7508,247.9059,110.5443,0,U,31717,999,98654,.11865708E-2,.2718E-4,0
FENGYUN 1C DEB,1999-025CDT,2026-09-23T07:08:11.053824,14.75016570,.00932931,99.0580,215.9719,320.2365,39.2027,0,U,31720,999,2411,.57524523E-3,.4085E-4,0
FENGYUN 1C DEB,1999-025CDU,2026-09-23T05:27:43.685280,13.74127427,.03167063,99.8073,258.3131,168.6632,207.4386,0,U,31721,999,71293,.2314413E-3,.267E-5,0
FENGYUN 1C DEB,1999-025CDX,2026-09-21T22:48:50.681376,14.55588809,.01406917,97.8566,258.1475,81.4403,280.2709,0,U,31724,999,68604,.18891073E-2,.938E-4,0
FENGYUN 1C DEB,1999-025CDY,2026-09-21T18:19:43.407840,12.79871829,.06872686,99.1806,76.0565,58.5390,308.1030,0,U,31725,999,90101,.97256212E-3,.573E-5,0
FENGYUN 1C DEB,1999-025CDZ,2026-09-20T06:50:24.054432,14.13401934,.0231195,98.6876,283.0723,273.6496,144.2832,0,U,31726,999,68022,.31819E-3,.724E-5,0
FENGYUN 1C DEB,1999-025CEA,2026-09-23T13:56:30.103872,14.40298941,.00315516,98.8768,33.2235,214.7857,205.0297,0,U,31727,999,75765,.11491318E-2,.3617E-4,0
FENGYUN 1C DEB,1999-025CEE,2026-09-23T04:27:37.626624,14.42873525,.00096991,99.2925,344.4788,346.2783,13.8139,0,U,31731,999,99929,.81457889E-3,.2671E-4,0
FENGYUN 1C DEB,1999-025CEF,2026-09-19T19:53:07.733472,14.12548711,.00407656,98.5458,289.9880,161.2955,198.9726,0,U,31732,999,68298,.16199785E-3,.261E-5,0
FENGYUN 1C DEB,1999-025CEH,2026-09-21T18:36:00.355968,14.29547217,.0101461,98.5161,255.2317,253.8639,105.1356,0,U,31734,999,452,.16695791E-3,.407E-5,0
FENGYUN 1C DEB,1999-025CEJ,2026-09-22T13:59:47.415552,14.43958797,.00597625,98.5917,16.0958,150.9047,209.5495,0,U,31735,999,752,.47353318E-3,.1606E-4,0
FENGYUN 1C DEB,1999-025CEK,2026-09-18T07:01:59.835360,14.14329680,.0012231,98.6875,260.3724,159.1608,201.0067,0,U,31736,999,68016,.87794E-4,.125E-5,0
FENGYUN 1C DEB,1999-025CEL,2026-09-22T21:11:30.253056,14.70647335,.01438448,97.8890,295.5100,186.9452,299.8914,0,U,31737,999,2374,.21844751E-3,.1505E-4,0
FENGYUN 1C DEB,1999-025CEM,2026-09-23T10:00:01.400832,13.86143122,.03044189,99.3415,338.4478,59.4178,303.6636,0,U,31738,999,66200,.54634918E-3,.864E-5,0
FENGYUN 1C DEB,1999-025CEN,2026-09-23T09:27:05.353344,14.19330946,.01267645,98.7083,322.5232,339.6398,19.9750,0,U,31739,999,99524,.47180316E-4,.63E-6,0
FENGYUN 1C DEB,1999-025CEP,2026-09-19T10:45:56.130048,14.44060467,.00246909,99.8119,121.4133,341.0273,139.6169,0,U,31740,999,69124,.5358131E-3,.1784E-4,0
FENGYUN 1C DEB,1999-025CEQ,2026-09-19T00:51:05.612832,14.32576254,.01733056,99.0747,205.2462,336.3856,22.9439,0,U,31741,999,6231,.70145825E-3,.2195E-4,0
FENGYUN 1C DEB,1999-025CER,2026-09-23T02:43:52.511808,14.40714157,.00744228,98.8841,142.3623,206.1989,153.5426,0,U,31742,999,738,.26937118E-3,.84E-5,0
FENGYUN 1C DEB,1999-025CES,2026-09-23T08:13:06.962880,14.33569533,.0038305,99.1549,214.9188,109.7545,41.8846,0,U,31743,999,99715,.9797475E-3,.2686E-4,0
FENGYUN 1C DEB,1999-025CET,2026-09-23T07:31:13.365696,14.20571361,.03025566,99.3236,37.0231,319.4322,38.4653,0,U,31744,999,98650,.8153754E-3,.2725E-4,0
FENGYUN 1C DEB,1999-025CEV,2026-09-20T09:15:57.489120,14.92276299,.0016783,98.6014,53.0375,18.7281,341.4549,0,U,31746,999,1037,.17512E-2,.17895E-3,0
FENGYUN 1C DEB,1999-025CFB,2026-09-22T00:10:58.164960,13.94610256,.0351035,98.9571,335.0636,276.0220,80.1051,0,U,31752,999,97537,.53892177E-3,.1155E-4,0
FENGYUN 1C DEB,1999-025CFC,2026-09-21T07:40:00.180192,14.18941439,.01595818,98.6026,294.6116,79.2398,343.5727,0,U,31753,999,15,.12501081E-3,.254E-5,0
FENGYUN 1C DEB,1999-025CFD,2026-09-22T16:18:55.734336,14.43905397,.00501905,99.0641,253.6289,96.5315,264.1591,0,U,31754,999,1051,.46324633E-3,.1555E-4,0
FENGYUN 1C DEB,1999-025CFE,2026-09-22T04:48:25.254720,14.08646394,.01878097,98.8114,255.2918,302.2571,115.2672,0,U,31755,999,67662,.22425636E-3,.409E-5,0
FENGYUN 1C DEB,1999-025CFF,2026-09-15T10:18:09.808416,14.50924308,.004183,99.3786,67.4135,58.3245,302.2016,0,U,31756,999,64719,.9995598E-3,.3938E-4,0
FENGYUN 1C DEB,1999-025CFG,2026-09-21T07:29:35.572128,14.08154869,.02165898,98.7502,283.2559,6.5306,353.8607,0,U,31757,999,67858,.10091593E-3,.17E-5,0
FENGYUN 1C DEB,1999-025CFH,2026-09-20T06:42:37.166112,14.49181941,.0291609,98.0613,263.9572,307.0750,50.4105,0,U,31758,999,98269,.12558E-2,.8202E-4,0
FENGYUN 1C DEB,1999-025CFK,2026-09-23T14:02:40.226784,14.31012886,.0052712,99.2691,27.5132,97.2240,263.4937,0,U,31760,999,187,.34860311E-3,.882E-5,0
FENGYUN 1C DEB,1999-025CFL,2026-09-22T02:16:19.076736,14.06345606,.04610228,98.6041,121.1831,181.1865,178.8252,0,U,31761,999,62090,.74435178E-3,.321E-4,0
FENGYUN 1C DEB,1999-025CFN,2026-09-23T10:35:19.178880,13.50968242,.05446511,98.5152,340.5469,51.4987,8.8271,0,U,31763,999,94849,.17793748E-3,.259E-5,0
FENGYUN 1C DEB,1999-025CFR,2026-09-19T06:29:59.850240,14.05409856,.0073461,98.8304,257.6026,223.9536,135.5775,0,U,31766,999,68026,.22247E-3,.326E-5,0
FENGYUN 1C DEB,1999-025CFS,2026-09-23T01:10:03.989856,14.05094393,.00407304,98.7948,292.4720,354.2906,33.3979,0,U,31767,999,98818,-.13541411E-4,-.65E-6,0
FENGYUN 1C DEB,1999-025CFT,2026-09-23T13:22:15.329568,14.86680199,.00231217,99.0350,20.7296,163.8766,259.1061,0,U,31768,999,1082,.17486233E-2,.15575E-3,0
FENGYUN 1C DEB,1999-025CFU,2026-09-22T06:07:44.016384,14.41693134,.00627852,98.4333,272.0235,327.3636,32.3679,0,U,31769,999,68212,.16031002E-2,.5309E-4,0
FENGYUN 1C DEB,1999-025CFX,2026-09-22T04:04:38.371584,14.12786308,.01372638,98.4648,172.3047,22.5607,338.1523,0,U,31772,999,74884,.6373667E-3,.1254E-4,0
FENGYUN 1C DEB,1999-025CFY,2026-09-20T19:21:46.674144,14.79927445,.0034619,98.9484,290.3158,18.4965,341.7493,0,U,31773,999,69338,.8881E-3,.6714E-4,0
FENGYUN 1C DEB,1999-025CFZ,2026-09-20T08:31:36.001056,14.21826296,.0059534,98.7491,310.0662,120.1798,240.5295,0,U,31774,999,67005,.64813E-3,.141E-4,0
FENGYUN 1C DEB,1999-025CGB,2026-09-22T03:44:04.922592,14.19915084,.00533207,99.0564,336.3920,245.9414,143.5921,0,U,31776,999,98901,.68291348E-3,.1424E-4,0
FENGYUN 1C DEB,1999-025CGE,2026-09-23T07:43:10.472736,14.42360374,.02123959,99.3165,217.0595,68.0080,294.3526,0,U,31779,999,1057,.24102584E-3,.984E-5,0
FENGYUN 1C DEB,1999-025CGF,2026-09-22T18:24:35.493408,14.70816967,.01460902,99.3010,103.0184,260.9218,97.5429,0,U,31780,999,2659,.17726809E-3,.1201E-4,0
FENGYUN 1C DEB,1999-025CGG,2026-09-21T08:44:34.452960,14.16425776,.01907059,99.5015,98.7129,204.6457,154.5511,0,U,31781,999,72345,.14063063E-2,.3289E-4,0
FENGYUN 1C DEB,1999-025CGH,2026-09-22T07:08:55.053024,14.36854934,.00779083,98.9299,81.5475,241.8104,243.6481,0,U,31782,999,741,.21127031E-3,.598E-5,0
FENGYUN 1C DEB,1999-025CGJ,2026-09-21T18:04:03.432864,14.09306933,.01022413,98.6077,265.8000,326.7577,208.0955,0,U,31783,999,93206,.29747758E-3,.501E-5,0
FENGYUN 1C DEB,1999-025CGP,2026-09-23T02:43:21.546048,13.46491233,.04582724,102.5524,126.0323,180.0435,333.3998,0,U,31788,999,94430,.98810851E-3,.1065E-4,0
FENGYUN 1C DEB,1999-025CGS,2026-09-19T15:50:16.269792,14.13758610,.01367381,98.3038,55.8153,55.1843,306.2107,0,U,31804,999,67629,.75636663E-3,.1526E-4,0
FENGYUN 1C DEB,1999-025CGT,2026-09-20T04:22:35.210208,14.06758715,.04338145,98.3886,231.9798,77.2392,287.6887,0,U,31805,999,66316,.1011365E-2,.3949E-4,0
FENGYUN 1C DEB,1999-025CGV,2026-09-20T17:15:37.025856,14.53614664,.0102957,99.1108,63.3358,35.8957,324.9097,0,U,31807,999,69400,.26604E-3,.1135E-4,0
FENGYUN 1C DEB,1999-025CGW,2026-09-23T09:57:18.526464,14.68650384,.00364156,99.1975,131.2744,354.6536,5.4272,0,U,31808,999,61767,.19043004E-2,.11142E-3,0
FENGYUN 1C DEB,1999-025CGY,2026-09-20T07:26:54.326400,14.47271820,.0209635,98.2588,277.0398,2.1956,358.0109,0,U,31810,999,68485,.38096E-3,.1782E-4,0
FENGYUN 1C DEB,1999-025CHB,2026-09-22T03:23:26.692224,14.50888138,.01343002,99.4303,23.2249,213.7523,145.5064,0,U,31813,999,1358,.34901273E-3,.1484E-4,0
FENGYUN 1C DEB,1999-025CHC,2026-09-20T21:01:12.088704,13.66737222,.02292995,99.5406,315.3040,210.6981,148.0581,0,U,31814,999,65653,.36493934E-3,.319E-5,0
FENGYUN 1C DEB,1999-025CHD,2026-09-22T17:58:37.151040,14.10331988,.00578531,98.7960,250.4767,298.2890,61.2450,0,U,31815,999,99542,.68858772E-4,.8E-6,0
FENGYUN 1C DEB,1999-025CHE,2026-09-21T07:06:19.087200,13.94863735,.01205895,98.9985,16.2698,101.6352,286.1389,0,U,31816,999,97632,.3523953E-3,.461E-5,0
FENGYUN 1C DEB,1999-025CHF,2026-09-22T20:27:33.996384,14.69123514,.00565037,98.9148,292.3752,276.8101,82.6675,0,U,31817,999,75573,.46291676E-3,.2727E-4,0
FENGYUN 1C DEB,1999-025CHH,2026-09-19T16:56:41.287488,14.30641962,.0085995,98.4954,252.1846,210.3201,149.2992,0,U,31819,999,694,.15306196E-3,.373E-5,0
FENGYUN 1C DEB,1999-025CHJ,2026-09-21T07:56:28.540896,14.99883944,.01345191,98.9382,121.1705,176.7897,183.4218,0,U,31820,999,2443,.52562886E-3,.7807E-4,0
FENGYUN 1C DEB,1999-025CHK,2026-09-23T02:37:16.743648,14.51437175,.01876256,98.1459,145.9381,224.1773,134.4311,0,U,31821,999,97774,.17099249E-2,.854E-4,0
FENGYUN 1C DEB,1999-025CHM,2026-09-21T02:44:07.527264,14.71337530,.00361179,99.5173,41.1629,79.0644,281.4618,0,U,31823,999,861,.62013409E-3,.3807E-4,0
FENGYUN 1C DEB,1999-025CHP,2026-09-23T05:40:57.518112,14.22303452,.01635694,98.6021,263.8018,232.2699,126.3560,0,U,31825,999,99665,.22085038E-3,.517E-5,0
FENGYUN 1C DEB,1999-025CHQ,2026-09-22T22:06:58.622112,14.19726374,.01248236,98.6480,255.1277,89.5615,301.7403,0,U,31826,999,99846,.21297323E-3,.445E-5,0
FENGYUN 1C DEB,1999-025CHT,2026-09-22T22:04:25.400352,13.88934638,.01694904,98.8679,66.6040,110.0577,41.6716,0,U,31829,999,98092,.24513538E-3,.293E-5,0
FENGYUN 1C DEB,1999-025CHU,2026-09-21T06:24:09.436896,13.84486764,.01827229,99.1687,8.1352,278.0713,107.1146,0,U,31830,999,96648,.99403913E-3,.1223E-4,0
FENGYUN 1C DEB,1999-025CHY,2026-09-21T08:27:21.000096,14.03450379,.01613669,98.3396,106.7386,357.5182,2.5169,0,U,31834,999,67674,.2973614E-3,.483E-5,0
FENGYUN 1C DEB,1999-025CJA,2026-09-22T08:34:25.802112,14.11804178,.01145182,98.6245,224.2114,30.1037,330.6652,0,U,31836,999,65403,.12956545E-2,.2472E-4,0
FENGYUN 1C DEB,1999-025CJB,2026-09-18T11:31:11.279424,14.87296683,.0085471,98.0800,346.3119,185.6585,174.3673,0,U,31837,999,2504,.65638E-3,.6272E-4,0
FENGYUN 1C DEB,1999-025CJC,2026-09-17T08:46:31.327968,14.21816087,.00371681,98.6929,312.1734,11.4679,46.7143,0,U,31838,999,68535,.36601502E-3,.768E-5,0
FENGYUN 1C DEB,1999-025CJF,2026-09-20T06:33:56.181024,14.05698922,.0302107,98.4468,57.6835,226.3873,256.5298,0,U,31841,999,63292,.95136E-3,.2297E-4,0
FENGYUN 1C DEB,1999-025CJH,2026-09-22T13:37:42.541536,13.36295680,.0631371,99.2914,187.6002,12.6142,348.9992,0,U,31843,999,68484,.26985361E-2,.4382E-4,0
FENGYUN 1C DEB,1999-025CJJ,2026-09-15T20:56:53.626560,14.20600003,.01010487,100.2990,297.8443,312.5664,46.7012,0,U,31844,999,99266,.37220829E-3,.785E-5,0
FENGYUN 1C DEB,1999-025CJM,2026-09-06T23:54:48.886560,14.15200738,.0083591,98.9955,330.2529,197.7192,162.1061,0,U,31847,999,60754,.11719936E-2,.231E-4,0
FENGYUN 1C DEB,1999-025CJU,2026-09-22T22:51:46.726560,14.03383850,.00731534,98.8543,266.4659,68.4350,292.4593,0,U,31854,999,73258,.19476265E-3,.269E-5,0
FENGYUN 1C DEB,1999-025CJX,2026-09-17T13:31:31.730880,13.62861067,.03041854,96.1897,194.0275,225.4147,132.1814,0,U,31857,999,65426,.77602695E-3,.806E-5,0
FENGYUN 1C DEB,1999-025CKB,2026-09-23T13:09:04.023072,13.31382338,.04933588,102.3308,161.2301,307.2141,48.4905,0,U,31861,999,70556,.11038923E-2,.975E-5,0
FENGYUN 1C DEB,1999-025CKC,2026-09-23T13:19:58.409760,15.08847439,.00909051,99.0023,28.7957,66.5404,294.5344,0,U,31877,999,3326,.57612612E-3,.9908E-4,0
FENGYUN 1C DEB,1999-025CKD,2026-09-22T05:25:16.139136,14.91885272,.00769981,99.4627,248.4966,65.9538,294.9708,0,U,31878,999,2282,.57105856E-3,.6031E-4,0
FENGYUN 1C DEB,1999-025CKE,2026-09-21T05:57:58.724640,14.43635393,.02065005,99.6855,186.7247,296.5252,61.4894,0,U,31879,999,67285,.17649843E-3,.705E-5,0
FENGYUN 1C DEB,1999-025CKF,2026-09-18T06:35:03.185088,13.89848699,.0127319,100.0439,90.8467,137.6100,223.4976,0,U,31880,999,66862,.41761E-3,.498E-5,0
FENGYUN 1C DEB,1999-025CKH,2026-09-23T12:38:41.710560,14.13552710,.00359845,98.9215,193.1704,137.1250,223.2738,0,U,31882,999,62659,.3692144E-3,.655E-5,0
FENGYUN 1C DEB,1999-025CKJ,2026-09-23T07:48:36.683712,14.70139611,.01178149,99.0426,217.8771,270.0307,88.7396,0,U,31883,999,2142,.35519597E-3,.2309E-4,0
FENGYUN 1C DEB,1999-025CKN,2026-09-23T12:04:18.034464,14.61195848,.00213985,99.5220,4.9633,226.2360,133.7066,0,U,31887,999,757,.10158187E-2,.4962E-4,0
FENGYUN 1C DEB,1999-025CKP,2026-09-23T03:02:19.371840,14.36602929,.00192625,99.1636,214.9015,101.8141,258.5205,0,U,31888,999,99717,.11111838E-2,.3227E-4,0
FENGYUN 1C DEB,1999-025CKR,2026-09-22T06:10:09.736032,14.10244490,.00728181,98.7152,273.0708,158.0767,202.3546,0,U,31890,999,68148,.80732999E-4,.104E-5,0
FENGYUN 1C DEB,1999-025CKS,2026-09-20T23:11:43.010592,13.66457739,.02241813,99.3930,275.9063,174.7100,185.6490,0,U,31891,999,96264,.34397014E-3,.296E-5,0
FENGYUN 1C DEB,1999-025CKT,2026-09-22T18:44:25.462464,14.42330419,.01961035,99.2931,105.8168,172.7528,187.6568,0,U,31892,999,68999,.29853944E-3,.1181E-4,0
FENGYUN 1C DEB,1999-025CKU,2026-09-22T20:00:16.056288,14.64708123,.01729621,99.1022,258.5497,176.1105,304.8039,0,U,31893,999,2550,.79487633E-4,.456E-5,0
FENGYUN 1C DEB,1999-025CKW,2026-09-19T06:39:51.290208,13.76682578,.0223491,99.0767,283.5102,205.7459,153.2431,0,U,31895,999,65755,.11351E-2,.1297E-4,0
FENGYUN 1C DEB,1999-025CKZ,2026-09-22T11:31:57.506016,14.71481948,.0139202,98.6713,153.8229,52.4725,308.9036,0,U,31898,999,69881,.49653381E-3,.3521E-4,0
FENGYUN 1C DEB,1999-025CLA,2026-09-20T05:56:16.827072,13.84239596,.0183354,102.0833,50.5545,201.4179,157.9221,0,U,31899,999,71458,.9732E-3,.117E-4,0
FENGYUN 1C DEB,1999-025CLC,2026-09-22T14:44:57.385248,13.94277846,.01322041,98.6348,212.9738,123.7894,237.5941,0,U,31901,999,67363,-.25573731E-4,-.76E-6,0
FENGYUN 1C DEB,1999-025CLD,2026-09-19T09:38:48.831648,14.23671925,.01805697,98.5381,238.7172,51.5197,100.5013,0,U,31902,999,68784,.1966042E-3,.487E-5,0
FENGYUN 1C DEB,1999-025CLE,2026-09-22T00:50:06.552384,14.62183185,.01247539,99.2747,292.7799,257.2227,101.5006,0,U,31903,999,1517,.21334049E-3,.1132E-4,0
FENGYUN 1C DEB,1999-025CLG,2026-09-22T06:21:56.145024,14.34144821,.01933338,99.1739,263.3808,349.8450,9.8851,0,U,31905,999,665,.37625063E-3,.1242E-4,0
FENGYUN 1C DEB,1999-025CLH,2026-09-22T08:05:16.346400,14.26822217,.00521322,98.7051,41.3859,13.4413,16.2759,0,U,31906,999,99171,.45362789E-3,.1071E-4,0
FENGYUN 1C DEB,1999-025CLM,2026-09-21T06:29:01.441248,14.49802095,.02210702,97.6594,264.7257,357.6496,2.3641,0,U,31910,999,68460,.55911007E-3,.2903E-4,0
FENGYUN 1C DEB,1999-025CLQ,2026-09-19T01:06:24.001632,13.93613277,.01916109,99.2902,189.0769,272.1485,85.7746,0,U,31913,999,59788,.76401196E-3,.1121E-4,0
FENGYUN 1C DEB,1999-025CLR,2026-09-22T12:26:40.458048,14.56124686,.01801329,98.9863,156.1349,289.8098,68.3757,0,U,31914,999,72602,.91536232E-4,.435E-5,0
FENGYUN 1C DEB,1999-025CLS,2026-09-22T00:12:53.880480,14.16995274,.01008763,98.6198,279.2085,175.4219,184.7902,0,U,31915,999,68118,.36287766E-3,.724E-5,0
FENGYUN 1C DEB,1999-025CLT,2026-09-22T14:04:40.317600,14.34551349,.0141266,99.3322,17.8281,355.5938,4.3991,0,U,31916,999,68594,.51929489E-3,.1585E-4,0
FENGYUN 1C DEB,1999-025CLU,2026-09-19T05:35:51.256032,14.38498952,.0187931,98.3795,253.0643,171.6330,258.0192,0,U,31917,999,389,.16086E-3,.554E-5,0
FENGYUN 1C DEB,1999-025CLW,2026-09-18T17:31:26.765760,14.46465014,.01023485,99.1369,70.2183,95.4174,278.2577,0,U,31919,999,1129,.1919149E-3,.682E-5,0
FENGYUN 1C DEB,1999-025CLY,2026-09-22T03:50:01.113504,13.75908724,.02001658,99.3196,156.7165,240.9284,117.1688,0,U,31921,999,96203,.83262819E-3,.889E-5,0
FENGYUN 1C DEB,1999-025CLZ,2026-09-19T18:41:00.254688,13.87636612,.01595266,98.8273,243.4195,342.3089,137.3341,0,U,31922,999,96913,.10014643E-2,.1269E-4,0
FENGYUN 1C DEB,1999-025CMA,2026-09-22T03:00:05.817312,13.55444592,.02974899,98.4236,323.1106,284.8183,72.0182,0,U,31923,999,67473,.70262251E-3,.61E-5,0
FENGYUN 1C DEB,1999-025CMB,2026-09-23T07:46:50.624256,13.64801793,.02702155,98.4205,30.9516,63.0009,299.8453,0,U,31924,999,95348,.5181246E-3,.502E-5,0
FENGYUN 1C DEB,1999-025CMD,2026-09-22T06:02:07.378656,14.33506651,.00394153,98.9598,14.7143,149.8758,210.4703,0,U,31926,999,99286,.11344676E-2,.3118E-4,0
FENGYUN 1C DEB,1999-025CME,2026-09-22T03:05:30.143904,14.35648076,.00719214,98.8278,45.3377,300.2532,59.1547,0,U,31929,999,74711,.23329003E-3,.646E-5,0
FENGYUN 1C DEB,1999-025CMG,2026-09-17T09:50:04.352640,13.42976264,.04209112,97.8125,154.3165,265.0716,90.2256,0,U,31931,999,68962,.14790358E-3,.11E-5,0
FENGYUN 1C DEB,1999-025CMN,2026-09-16T04:09:47.117664,14.82308901,.01529502,99.2727,36.2542,150.1073,210.8982,0,U,31937,999,70174,.85221952E-3,.8286E-4,0
FENGYUN 1C DEB,1999-025CMP,2026-09-23T04:00:02.155968,14.98629114,.01426441,98.8971,342.3331,222.9025,136.0997,0,U,31938,999,3385,.32519333E-3,.4734E-4,0
FENGYUN 1C DEB,1999-025CMV,2026-09-21T16:53:27.171744,14.12448640,.01498805,99.2364,65.2989,291.4034,123.7609,0,U,31944,999,66904,.26285024E-3,.491E-5,0
FENGYUN 1C DEB,1999-025CMW,2026-09-22T04:29:59.961120,14.22423336,.00605072,98.9516,350.6999,194.1211,165.8277,0,U,31945,999,99223,.79022501E-3,.1748E-4,0
FENGYUN 1C DEB,1999-025CMX,2026-09-12T21:28:47.281152,14.17710605,.0080191,98.8856,321.1041,347.5350,12.3840,0,U,31946,999,67891,.68579E-3,.1397E-4,0
FENGYUN 1C DEB,1999-025CMZ,2026-09-22T04:38:57.217920,14.30000706,.00215523,99.3789,352.1625,285.5472,104.2628,0,U,31948,999,99077,.76817295E-3,.1936E-4,0
FENGYUN 1C DEB,1999-025CNA,2026-09-20T04:54:11.259072,14.17283811,.01267863,98.5735,243.3250,121.5345,239.8286,0,U,31949,999,99491,.18339297E-3,.36E-5,0
FENGYUN 1C DEB,1999-025CND,2026-09-22T08:42:40.589856,14.54647134,.01132565,98.9895,47.7168,154.7623,205.9166,0,U,31952,999,1320,.33897396E-3,.1521E-4,0
FENGYUN 1C DEB,1999-025CNG,2026-09-22T06:27:13.390272,14.68344690,.00438059,99.2621,183.6223,36.1392,114.7117,0,U,31955,999,713,.93727303E-3,.5433E-4,0
FENGYUN 1C DEB,1999-025CNL,2026-09-22T21:36:08.065440,14.51025111,.00295307,98.4974,144.2525,15.4880,344.7211,0,U,31959,999,68469,.11657311E-2,.4594E-4,0
FENGYUN 1C DEB,1999-025CNR,2026-09-21T08:30:05.289696,14.64549504,.0026985,98.7139,47.9901,238.1056,121.7519,0,U,31964,999,71639,.12037082E-2,.6369E-4,0
FENGYUN 1C DEB,1999-025CNT,2026-09-20T07:33:54.165600,14.70855876,.0082302,99.0370,90.5264,123.6531,237.2557,0,U,31966,999,69878,.49918E-3,.3154E-4,0
FENGYUN 1C DEB,1999-025CNZ,2026-09-23T02:20:47.558688,14.07648451,.00758124,99.1742,317.6902,320.8058,68.5227,0,U,31972,999,98961,.7940106E-4,.91E-6,0
FENGYUN 1C DEB,1999-025CPB,2026-09-21T23:39:55.600416,14.32128404,.00691403,98.3765,270.9747,181.0688,179.0360,0,U,31974,999,73473,.7768177E-3,.2104E-4,0
FENGYUN 1C DEB,1999-025CPE,2026-09-20T03:46:42.428064,13.83777301,.02722874,98.2110,35.7597,171.0661,189.5487,0,U,31977,999,66103,.13301883E-2,.1926E-4,0
FENGYUN 1C DEB,1999-025CPF,2026-09-21T07:39:21.118752,13.63778378,.02624689,98.4047,25.9640,22.1077,339.1147,0,U,31978,999,95441,.44807154E-3,.413E-5,0
FENGYUN 1C DEB,1999-025CPG,2026-09-19T00:03:50.917824,13.70817050,.02612933,99.3757,352.7737,272.2755,84.8499,0,U,31979,999,61750,.19710683E-2,.2189E-4,0
FENGYUN 1C DEB,1999-025CPH,2026-09-21T20:49:02.037216,13.32388484,.04285681,97.5842,282.4487,105.9181,258.9603,0,U,31980,999,93440,.38375976E-3,.287E-5,0
FENGYUN 1C DEB,1999-025CPM,2026-09-21T05:26:13.399008,14.23363060,.00639844,98.5634,265.8333,125.4871,235.2301,0,U,31984,999,98391,.18652637E-3,.39E-5,0
FENGYUN 1C DEB,1999-025CPN,2026-09-22T11:16:05.671776,14.23333388,.01517143,98.1885,152.7279,132.6925,228.7150,0,U,31985,999,99646,.13195116E-3,.298E-5,0
FENGYUN 1C DEB,1999-025CPQ,2026-09-23T05:31:40.747872,14.46701522,.00513565,99.0586,263.7789,33.4182,338.3371,0,U,31987,999,475,.53227724E-3,.1904E-4,0
FENGYUN 1C DEB,1999-025CPR,2026-09-23T09:01:55.487424,14.22211978,.00613045,98.1156,318.1165,172.7214,187.4869,0,U,31988,999,68196,.83981082E-3,.1861E-4,0
FENGYUN 1C DEB,1999-025CPS,2026-09-23T09:52:33.280320,13.93960522,.011511,99.1794,331.0586,244.9778,175.3496,0,U,31989,999,97683,.43486638E-3,.562E-5,0
FENGYUN 1C DEB,1999-025CPT,2026-09-22T06:24:42.109920,13.57329615,.02597506,99.1486,273.4166,178.2046,196.3912,0,U,31990,999,66618,.18673826E-3,.126E-5,0
FENGYUN 1C DEB,1999-025CPU,2026-09-21T20:27:56.062944,13.61353433,.02447674,100.4667,119.5213,75.5517,287.2647,0,U,31991,999,65939,.96700971E-4,.41E-6,0
FENGYUN 1C DEB,1999-025CPV,2026-09-14T12:50:01.762368,13.23342726,.054198,99.1884,190.6366,81.3101,284.8998,0,U,31992,999,57522,.70559354E-3,.62E-5,0
FENGYUN 1C DEB,1999-025CPW,2026-09-21T14:27:10.302912,13.28195825,.04175694,99.2258,212.2748,166.7039,194.5501,0,U,31993,999,92697,.13192245E-2,.929E-5,0
FENGYUN 1C DEB,1999-025CPX,2026-09-23T05:33:59.711040,13.95869573,.01628026,98.5644,245.2111,74.9999,286.9120,0,U,31994,999,60765,.25789534E-3,.355E-5,0
FENGYUN 1C DEB,1999-025CPZ,2026-09-11T00:23:15.084384,13.59849519,.02924543,99.2977,178.6083,144.7704,217.3160,0,U,31996,999,58387,.16894145E-2,.1628E-4,0
FENGYUN 1C DEB,1999-025CQA,2026-09-19T15:17:53.088864,13.61637342,.02836192,102.5082,29.1543,358.9318,1.1176,0,U,31997,999,65505,.1044074E-2,.979E-5,0
FENGYUN 1C DEB,1999-025CQC,2026-09-23T09:13:55.629696,13.70021731,.02982786,99.2633,315.9317,113.2599,250.0246,0,U,32086,999,65677,.95160447E-3,.1104E-4,0
FENGYUN 1C DEB,1999-025CQE,2026-09-19T00:51:05.640480,13.25930667,.04659492,102.4003,187.5776,114.9493,250.0768,0,U,32088,999,63558,.31180381E-2,.2407E-4,0
FENGYUN 1C DEB,1999-025CQF,2026-09-23T05:27:53.521056,14.14671982,.01119371,98.6586,268.1352,31.1447,329.6298,0,U,32089,999,67237,.37663348E-3,.727E-5,0
FENGYUN 1C DEB,1999-025CQK,2026-09-21T02:18:30.106656,14.38207530,.00769034,98.8866,132.1955,239.9450,119.4093,0,U,32093,999,461,.16146074E-3,.459E-5,0
FENGYUN 1C DEB,1999-025CQL,2026-09-22T22:20:38.534784,14.11058852,.00345266,98.7667,254.1720,180.8037,179.3084,0,U,32094,999,98372,.17239369E-3,.269E-5,0
FENGYUN 1C DEB,1999-025CQM,2026-09-23T07:42:21.569472,14.16328789,.00777673,98.6321,278.3893,356.4116,3.6492,0,U,32095,999,98845,.17080861E-3,.306E-5,0
FENGYUN 1C DEB,1999-025CQN,2026-09-22T08:11:44.183040,13.90856072,.01366691,99.0502,292.3052,91.6293,270.0526,0,U,32096,999,96803,.39238298E-3,.488E-5,0
FENGYUN 1C DEB,1999-025CQQ,2026-09-16T05:18:37.394496,14.20697932,.01950658,98.6314,250.0062,37.5658,323.8966,0,U,32098,999,68167,.27569343E-3,.675E-5,0
FENGYUN 1C DEB,1999-025CQT,2026-09-22T23:09:51.729984,14.03011833,.01166161,99.0201,167.5341,168.8769,191.5016,0,U,32101,999,97166,.78377671E-3,.1249E-4,0
FENGYUN 1C DEB,1999-025CQX,2026-09-07T01:10:02.997984,13.41255234,.03981732,103.4615,334.6214,236.3239,119.9308,0,U,32105,999,63307,.25577112E-2,.2194E-4,0
FENGYUN 1C DEB,1999-025CQY,2026-09-15T23:56:51.356832,14.31023235,.01002124,101.4664,322.0974,28.1319,332.5218,0,U,32106,999,73353,.14236835E-2,.3893E-4,0
FENGYUN 1C DEB,1999-025CRB,2026-09-20T21:31:44.293152,14.34631953,.02038387,98.3223,138.9666,190.1432,169.5612,0,U,32109,999,68933,.14158637E-3,.457E-5,0
FENGYUN 1C DEB,1999-025CRC,2026-09-23T00:55:11.299008,14.30713998,.00319547,99.5453,107.5513,278.0294,235.6069,0,U,32110,999,68451,.62485345E-3,.1592E-4,0
FENGYUN 1C DEB,1999-025CRD,2026-09-21T23:21:29.637216,14.31864987,.01209489,98.4548,262.2728,87.0145,302.2625,0,U,32111,999,83,.11296903E-3,.285E-5,0
FENGYUN 1C DEB,1999-025CRF,2026-09-23T08:42:32.649696,13.95168883,.02373218,98.9992,299.8000,166.2667,194.5103,0,U,32113,999,66854,.37621744E-3,.6E-5,0
FENGYUN 1C DEB,1999-025CRG,2026-09-23T08:19:17.813280,14.84595269,.00393585,99.9432,96.0936,194.1162,165.8949,0,U,32114,999,69943,.98409991E-3,.8355E-4,0
FENGYUN 1C DEB,1999-025CRK,2026-09-23T01:43:24.940416,14.25032882,.00260993,98.5892,310.4822,344.9641,15.0760,0,U,32117,999,98845,.48722903E-3,.1102E-4,0
FENGYUN 1C DEB,1999-025CRM,2026-09-21T23:28:11.088768,14.03419559,.00864369,99.8599,156.4082,8.5500,351.7113,0,U,32119,999,97700,.56442361E-3,.861E-5,0
FENGYUN 1C DEB,1999-025CRR,2026-09-23T00:55:15.574080,14.62218934,.01592621,98.9490,102.3424,141.8723,8.8811,0,U,32123,999,75528,.12651763E-3,.699E-5,0
FENGYUN 1C DEB,1999-025CRT,2026-09-21T20:22:39.462240,14.77314396,.01556775,99.0697,283.7529,161.2428,199.4605,0,U,32125,999,74694,.63790014E-3,.5468E-4,0
FENGYUN 1C DEB,1999-025CRU,2026-09-15T09:54:19.278432,13.57263470,.02792185,99.0833,119.0880,265.8422,91.0765,0,U,32126,999,65467,.69674051E-3,.599E-5,0
FENGYUN 1C DEB,1999-025CRV,2026-09-23T00:55:34.395456,13.60967498,.02825598,99.2651,211.3169,343.5719,15.6406,0,U,32127,999,64286,.11594476E-2,.1103E-4,0
FENGYUN 1C DEB,1999-025CRW,2026-09-20T21:34:42.555360,13.94843143,.03959008,98.9978,309.2851,168.1480,192.9344,0,U,32128,999,66918,.27175757E-3,.655E-5,0
FENGYUN 1C DEB,1999-025CRX,2026-09-22T08:00:51.496704,14.31740596,.00647919,99.0730,40.5817,290.6787,98.4004,0,U,32129,999,98281,.11754218E-2,.3164E-4,0
FENGYUN 1C DEB,1999-025CRY,2026-09-21T18:21:27.118080,14.38229031,.00813588,98.9228,86.8507,214.5177,145.0710,0,U,32130,999,295,.22274607E-3,.654E-5,0
FENGYUN 1C DEB,1999-025CSA,2026-09-15T21:38:05.124480,14.53848558,.00772286,98.3575,317.8673,133.8456,226.9158,0,U,32132,999,74822,.94601901E-3,.4088E-4,0
FENGYUN 1C DEB,1999-025CSB,2026-09-21T18:09:00.276480,14.18271150,.00354454,98.4454,257.0690,3.9786,356.1666,0,U,32133,999,98986,.10400927E-3,.174E-5,0
FENGYUN 1C DEB,1999-025CSC,2026-09-16T05:41:20.154048,14.22489662,.02571272,98.6010,260.8518,177.4654,245.6374,0,U,32134,999,99091,.27807751E-3,.821E-5,0
FENGYUN 1C DEB,1999-025CSE,2026-09-16T10:29:39.601824,14.38804617,.00674354,98.2802,252.5338,59.7334,301.0505,0,U,32136,999,69082,.3893924E-3,.1187E-4,0
FENGYUN 1C DEB,1999-025CSF,2026-09-17T04:00:07.954272,14.86722486,.0170962,98.4765,49.3194,216.9596,141.9741,0,U,32137,999,70861,.90762308E-3,.1049E-3,0
FENGYUN 1C DEB,1999-025CSK,2026-09-17T19:36:25.236864,14.03987321,.00742699,98.7529,257.7694,145.0243,215.5835,0,U,32141,999,98859,.14520599E-3,.193E-5,0
FENGYUN 1C DEB,1999-025CSM,2026-09-21T17:11:39.911424,14.18178593,.0103659,98.6306,238.3704,14.4548,345.9554,0,U,32143,999,99944,.11024707E-3,.196E-5,0
FENGYUN 1C DEB,1999-025CSQ,2026-09-21T23:45:52.352928,14.67631396,.00555763,98.9044,99.3832,286.5207,72.9894,0,U,32146,999,99223,.10233716E-2,.5896E-4,0
FENGYUN 1C DEB,1999-025CSU,2026-09-22T23:03:48.326400,14.61209434,.01687071,99.1587,324.5611,284.2311,74.0200,0,U,32150,999,1835,.72312117E-4,.364E-5,0
FENGYUN 1C DEB,1999-025CSW,2026-09-23T07:13:50.204928,14.60118514,.00529924,98.7798,88.2182,50.4449,310.1414,0,U,32152,999,66761,.63078373E-3,.3041E-4,0
FENGYUN 1C DEB,1999-025CSX,2026-09-23T09:56:01.337568,14.49250404,.02075637,98.7398,125.2715,82.1360,280.3338,0,U,32153,999,1342,.11037426E-3,.496E-5,0
FENGYUN 1C DEB,1999-025CSZ,2026-09-21T02:04:26.680224,14.33609099,.00699691,98.9730,208.6050,133.8855,226.8137,0,U,32155,999,74267,.21515705E-3,.566E-5,0
FENGYUN 1C DEB,1999-025CTA,2026-09-19T18:24:13.995360,14.32397245,.00808386,99.3611,99.4847,328.2284,31.4033,0,U,32156,999,68843,.14453454E-3,.354E-5,0
FENGYUN 1C DEB,1999-025CTE,2026-09-14T05:13:51.220416,14.38340606,.00802312,98.9102,69.1165,265.3706,93.8313,0,U,32160,999,99846,.26967035E-3,.803E-5,0
FENGYUN 1C DEB,1999-025CTF,2026-09-20T13:06:23.667264,14.02106744,.0134637,98.8409,4.5157,214.5420,144.6944,0,U,32161,999,67378,.7543E-4,.82E-6,0
FENGYUN 1C DEB,1999-025CTG,2026-09-23T01:20:59.582688,14.65368427,.00447703,99.4374,357.5135,32.3152,328.0776,0,U,32162,999,99078,.64780685E-3,.3489E-4,0
FENGYUN 1C DEB,1999-025CTH,2026-09-22T22:11:12.309792,14.44483532,.00489554,99.5291,310.8715,284.1394,75.4357,0,U,32163,999,65077,.34404956E-3,.1149E-4,0
FENGYUN 1C DEB,1999-025CTM,2026-09-23T04:38:24.110304,14.31538937,.01611737,98.4930,259.2789,296.6321,61.8431,0,U,32167,999,66744,.19827814E-3,.56E-5,0
FENGYUN 1C DEB,1999-025CTN,2026-09-21T03:48:17.834400,13.87883872,.02467275,101.6564,47.3216,262.2768,95.0302,0,U,32168,999,67395,.19584538E-2,.29E-4,0
FENGYUN 1C DEB,1999-025CTP,2026-09-23T13:07:08.577120,14.81634662,.00280109,98.5378,116.3838,307.0741,52.7909,0,U,32169,999,815,.19213109E-2,.15181E-3,0
FENGYUN 1C DEB,1999-025CTR,2026-09-22T20:08:19.156704,13.44339011,.04778762,102.8078,245.2818,109.5605,6.1092,0,U,32171,999,64431,.15352708E-2,.1716E-4,0
FENGYUN 1C DEB,1999-025CTU,2026-09-19T21:10:18.101280,14.18215751,.0151206,98.5680,320.8543,155.1763,205.6786,0,U,32174,999,68090,.10975E-3,.211E-5,0
FENGYUN 1C DEB,1999-025CTV,2026-09-22T17:56:00.369600,13.96532234,.01451073,98.8409,247.7434,260.4561,98.0179,0,U,32175,999,63802,.14182554E-2,.21E-4,0
FENGYUN 1C DEB,1999-025CTW,2026-09-22T11:26:05.539200,14.97786305,.00258884,99.3962,354.9671,208.5823,151.3976,0,U,32176,999,65709,.14457418E-2,.17048E-3,0
FENGYUN 1C DEB,1999-025CTX,2026-09-20T20:34:22.320192,14.59067020,.0046957,99.0292,302.3100,267.7252,91.8567,0,U,32177,999,75149,.49805E-3,.2321E-4,0
FENGYUN 1C DEB,1999-025CTY,2026-09-22T22:39:26.470368,14.24131960,.00925442,100.2883,320.4822,260.4040,98.6668,0,U,32178,999,68047,.47975719E-3,.1096E-4,0
FENGYUN 1C DEB,1999-025CTZ,2026-09-21T22:28:46.170336,14.03845749,.01460536,98.8725,312.6032,119.7891,5.2141,0,U,32179,999,69701,.21870612E-3,.337E-5,0
FENGYUN 1C DEB,1999-025CUA,2026-09-23T09:58:14.860992,13.82383249,.01366542,99.5478,315.8038,180.1526,194.4616,0,U,32180,999,98201,.50975797E-4,.13E-6,0
FENGYUN 1C DEB,1999-025CUB,2026-09-22T21:32:25.548288,14.58223288,.0070086,99.4980,53.7977,317.0477,194.8566,0,U,32181,999,854,.4719181E-3,.219E-4,0
FENGYUN 1C DEB,1999-025CUD,2026-09-23T09:53:49.898112,14.10673081,.00411939,98.6825,313.3266,333.3447,26.5607,0,U,32183,999,76777,.4018215E-3,.681E-5,0
FENGYUN 1C DEB,1999-025CUF,2026-09-17T05:55:24.951648,15.69049923,.00451492,98.8526,164.7507,142.8403,217.5994,0,U,32185,999,99268,.41905189E-2,.542407E-2,0
FENGYUN 1C DEB,1999-025CUG,2026-09-21T10:00:09.480960,13.77075270,.02733934,99.5857,322.6660,182.4301,191.6037,0,U,32186,999,66500,.53460415E-3,.651E-5,0
FENGYUN 1C DEB,1999-025CUH,2026-09-23T04:06:07.055136,13.50657324,.02936982,99.4798,337.4267,153.1193,237.4178,0,U,32187,999,70098,.3349533E-3,.241E-5,0
FENGYUN 1C DEB,1999-025CUM,2026-09-19T09:44:21.769728,14.26654299,.00924349,98.6835,321.3716,90.4127,270.7646,0,U,32191,999,68501,.63362069E-3,.1559E-4,0
FENGYUN 1C DEB,1999-025CUN,2026-09-23T01:06:27.148320,13.82700625,.01823133,98.6180,118.5762,110.7100,251.3702,0,U,32192,999,96641,.19229012E-3,.2E-5,0
FENGYUN 1C DEB,1999-025CUR,2026-09-04T05:42:28.372896,14.08882021,.0067617,98.7804,247.6379,270.7740,88.5683,0,U,32195,999,67720,.22791E-3,.359E-5,0
FENGYUN 1C DEB,1999-025CUT,2026-09-23T13:23:54.654144,14.33242150,.01617762,98.8956,188.5163,115.9240,55.5692,0,U,32197,999,98502,.16753661E-3,.484E-5,0
FENGYUN 1C DEB,1999-025CUU,2026-09-23T14:13:40.149120,14.10501460,.00951633,98.3586,38.1004,195.6509,164.1716,0,U,32198,999,60959,.11298233E-2,.2059E-4,0
FENGYUN 1C DEB,1999-025CUW,2026-09-17T02:11:54.870720,14.16637444,.00397528,98.7666,310.0949,213.3440,146.5230,0,U,32200,999,98303,.64851182E-3,.1261E-4,0
FENGYUN 1C DEB,1999-025CUZ,2026-09-23T03:26:54.206016,15.69861223,.00781406,96.9680,156.1073,113.8845,247.0630,0,U,32203,999,79515,.45459339E-3,.65018E-3,0
FENGYUN 1C DEB,1999-025CVB,2026-09-20T07:08:57.759072,14.14070263,.0010459,98.6848,264.1461,200.4247,173.5151,0,U,32205,999,98477,.94225E-4,.137E-5,0
FENGYUN 1C DEB,1999-025CVD,2026-09-20T06:43:52.824000,14.40164761,.0085026,99.8801,269.7990,50.8578,322.5334,0,U,32207,999,68359,.17987E-3,.535E-5,0
FENGYUN 1C DEB,1999-025CVF,2026-09-23T02:27:47.241504,13.47904879,.03327029,99.4308,202.7366,34.7126,327.5238,0,U,32209,999,93806,.14361021E-2,.1201E-4,0
FENGYUN 1C DEB,1999-025CVG,2026-09-08T22:38:07.518048,14.12265717,.0071895,98.8485,302.2426,126.1174,234.6681,0,U,32210,999,65199,.66544E-3,.1211E-4,0
FENGYUN 1C DEB,1999-025CVJ,2026-09-21T08:22:21.840096,14.41199454,.01350237,99.5949,39.7794,338.6216,48.4998,0,U,32212,999,102,.19358089E-3,.635E-5,0
FENGYUN 1C DEB,1999-025CVL,2026-09-23T01:01:18.669216,13.92909295,.01745862,99.0312,289.5112,345.4801,40.7106,0,U,32214,999,66377,.11573771E-2,.1658E-4,0
FENGYUN 1C DEB,1999-025CVQ,2026-09-23T10:03:43.179264,14.57662002,.00590951,98.7892,121.2522,280.1727,202.4685,0,U,32218,999,363,.50002469E-3,.2281E-4,0
FENGYUN 1C DEB,1999-025CVT,2026-09-22T09:43:37.103520,14.59466788,.01442573,98.6023,69.9984,352.2020,7.6935,0,U,32221,999,1324,.83055611E-4,.395E-5,0
FENGYUN 1C DEB,1999-025CVV,2026-09-23T04:37:50.905920,14.22438280,.00468013,98.8276,350.4948,217.3173,172.1912,0,U,32223,999,68266,.79602284E-3,.1749E-4,0
FENGYUN 1C DEB,1999-025CVW,2026-09-22T08:42:14.335488,14.34468798,.00751318,99.0190,233.0489,317.9391,41.6039,0,U,32224,999,99789,.170963E-3,.449E-5,0
FENGYUN 1C DEB,1999-025CVX,2026-09-20T09:05:14.827776,14.13245046,.0072713,99.0559,320.8554,133.1428,227.5855,0,U,32225,999,72094,.11267E-3,.171E-5,0
FENGYUN 1C DEB,1999-025CWC,2026-09-22T10:53:44.376576,14.62483504,.00458735,98.8885,79.9344,300.0338,116.0256,0,U,32230,999,64809,.11533787E-2,.588E-4,0
FENGYUN 1C DEB,1999-025CWG,2026-09-20T07:47:35.267136,13.95001260,.013413,98.5133,96.7648,274.1619,84.4224,0,U,32234,999,97134,.84651E-3,.1187E-4,0
FENGYUN 1C DEB,1999-025CWP,2026-09-21T08:56:48.785568,14.30630669,.01438349,99.0571,310.4132,124.9117,236.5678,0,U,32241,999,97862,.70129338E-3,.2002E-4,0
FENGYUN 1C DEB,1999-025CWQ,2026-09-19T19:45:55.380096,13.86182772,.01584912,97.2579,114.8119,246.3262,112.1198,0,U,32242,999,66815,.72386801E-3,.891E-5,0
FENGYUN 1C DEB,1999-025CWR,2026-09-23T05:32:50.087328,14.06550374,.02652233,98.2567,271.1991,32.0181,329.6798,0,U,32243,999,97585,.11973539E-2,.2689E-4,0
FENGYUN 1C DEB,1999-025CWT,2026-09-20T08:20:56.260032,14.81375380,.0089277,98.6314,125.6998,165.6176,194.7607,0,U,32245,999,70270,.43435E-3,.3571E-4,0
FENGYUN 1C DEB,1999-025CWU,2026-09-06T03:44:47.716512,14.26669035,.00873895,97.8092,19.4481,236.3629,122.9194,0,U,32303,999,66045,.13137928E-2,.327E-4,0
FENGYUN 1C DEB,1999-025CWV,2026-09-19T05:04:15.103488,14.53041698,.00498786,99.4218,255.3152,112.8345,247.8125,0,U,32304,999,60343,.50930756E-3,.2081E-4,0
FENGYUN 1C DEB,1999-025CWZ,2026-09-14T00:06:46.364256,14.06694565,.01058719,97.7604,275.9930,344.6231,15.1732,0,U,32308,999,69280,.81982013E-3,.1397E-4,0
FENGYUN 1C DEB,1999-025CXC,2026-09-22T13:03:23.163840,13.34206435,.03988011,101.7227,195.3307,178.5843,181.6502,0,U,32311,999,11121,.5112515E-3,.343E-5,0
FENGYUN 1C DEB,1999-025CXF,2026-09-21T07:58:08.120352,14.84688860,.01354698,98.8882,45.0862,342.0286,17.6160,0,U,32314,999,1577,.35300032E-3,.3443E-4,0
FENGYUN 1C DEB,1999-025CXG,2026-09-19T18:37:32.332224,13.66248322,.02286115,100.8381,83.7751,145.1226,216.5137,0,U,32315,999,64926,.10851036E-3,.54E-6,0
FENGYUN 1C DEB,1999-025CXH,2026-09-23T11:25:26.431968,14.54314849,.0027923,99.5080,336.2406,199.3648,173.8587,0,U,32316,999,99913,.44131131E-3,.1824E-4,0
FENGYUN 1C DEB,1999-025CXM,2026-09-13T05:48:31.868064,14.37403136,.0055856,100.3510,173.8073,359.3779,0.7323,0,U,32320,999,66115,.58294E-3,.1714E-4,0
FENGYUN 1C DEB,1999-025CXP,2026-09-18T06:08:55.110624,13.34556276,.0418636,98.3446,98.0971,111.7252,252.8980,0,U,32322,999,64107,.55243E-3,.426E-5,0
FENGYUN 1C DEB,1999-025CXQ,2026-09-23T07:21:56.630016,13.98601800,.01529796,98.5836,35.8962,136.6555,224.6762,0,U,32323,999,64245,.16111279E-2,.2516E-4,0
FENGYUN 1C DEB,1999-025CXR,2026-09-16T07:09:25.530624,14.09590355,.00492356,99.5514,22.2991,338.3314,21.5770,0,U,32324,999,67908,.28633423E-3,.457E-5,0
FENGYUN 1C DEB,1999-025CXT,2026-09-23T12:35:45.586752,13.69682640,.03862072,98.4836,168.1000,98.3877,266.1240,0,U,32326,999,67080,.35002977E-3,.484E-5,0
FENGYUN 1C DEB,1999-025CXY,2026-09-19T06:30:52.602624,14.94220738,.00096942,99.1759,276.4257,340.1163,19.9673,0,U,32331,999,64778,.27193138E-2,.29217E-3,0
FENGYUN 1C DEB,1999-025CXZ,2026-09-19T22:59:43.077408,13.98353107,.02815637,99.1120,320.5592,260.1207,96.8066,0,U,32332,999,96965,.74593742E-3,.1447E-4,0
FENGYUN 1C DEB,1999-025CYB,2026-09-23T02:48:36.730656,14.01960215,.00680034,99.2194,329.0430,217.6547,141.9847,0,U,32334,999,97924,.37178251E-3,.532E-5,0
FENGYUN 1C DEB,1999-025CYH,2026-09-15T20:09:20.149920,14.82083398,.00313053,98.9655,301.4036,140.9900,219.3576,0,U,32340,999,1252,.1179261E-2,.9399E-4,0
FENGYUN 1C DEB,1999-025CYK,2026-09-23T13:38:17.024640,14.13496570,.00066635,98.6709,271.4266,247.9437,237.0185,0,U,32342,999,97741,.64591707E-4,.79E-6,0
FENGYUN 1C DEB,1999-025CYL,2026-09-14T05:13:54.018048,14.20257187,.01519377,98.6337,242.1082,52.0167,309.4622,0,U,32343,999,68623,.23866704E-3,.53E-5,0
FENGYUN 1C DEB,1999-025CYT,2026-09-18T08:30:10.692288,14.54921588,.0261179,98.1927,306.0645,153.7421,207.7294,0,U,32350,999,1571,.4344E-3,.2901E-4,0
FENGYUN 1C DEB,1999-025CYV,2026-09-21T01:09:24.694272,14.41954102,.0122146,98.7861,197.0943,50.7898,310.4060,0,U,32352,999,69337,.19490335E-3,.648E-5,0
FENGYUN 1C DEB,1999-025CYW,2026-09-22T06:55:36.707520,14.05683745,.01226764,98.9359,82.3038,126.4199,234.8355,0,U,32353,999,67175,.14828778E-2,.2544E-4,0
FENGYUN 1C DEB,1999-025CYZ,2026-09-22T16:24:12.973536,14.05150782,.01242773,102.4950,238.3519,45.6646,315.4614,0,U,32356,999,72373,.12684193E-2,.2122E-4,0
FENGYUN 1C DEB,1999-025CZA,2026-09-22T21:27:36.180000,13.70856777,.04832067,98.8329,288.4133,154.0605,330.5841,0,U,32357,999,70678,.13472702E-2,.2725E-4,0
FENGYUN 1C DEB,1999-025CZD,2026-09-06T16:25:14.657952,14.00775602,.02219968,98.1275,42.0242,268.0714,89.5018,0,U,32360,999,68565,.14025688E-2,.2553E-4,0
FENGYUN 1C DEB,1999-025CZE,2026-09-22T04:05:31.180992,14.54832690,.00425615,98.8390,344.7780,263.4269,96.2080,0,U,32361,999,459,.83925237E-3,.3593E-4,0
FENGYUN 1C DEB,1999-025CZF,2026-09-20T16:53:18.413376,13.66555256,.0267634,99.8534,244.6669,289.0332,68.1998,0,U,32362,999,94979,.14605E-2,.1502E-4,0
FENGYUN 1C DEB,1999-025CZK,2026-09-20T09:47:33.691776,14.15229856,.0133001,96.7737,323.2932,141.4081,219.6697,0,U,32366,999,97186,.69074E-3,.1436E-4,0
FENGYUN 1C DEB,1999-025CZR,2026-09-19T16:48:36.389952,13.36132493,.04552441,97.3112,70.1360,28.9757,333.5849,0,U,32372,999,63891,.72884427E-3,.652E-5,0
FENGYUN 1C DEB,1999-025CZV,2026-09-21T09:26:44.727072,14.84099903,.00356354,99.5577,127.4154,2.5592,172.2699,0,U,32409,999,63022,.61855914E-3,.5147E-4,0
FENGYUN 1C DEB,1999-025CZX,2026-09-19T12:50:58.781184,14.10174310,.01223036,98.4175,167.8947,294.0986,64.7432,0,U,32411,999,69771,.1651865E-3,.272E-5,0
FENGYUN 1C DEB,1999-025DAA,2026-09-21T10:38:16.438848,14.19722085,.00445196,98.8402,339.6410,266.1390,93.4695,0,U,32414,999,97742,.61552952E-3,.127E-4,0
FENGYUN 1C DEB,1999-025DAC,2026-09-22T13:31:45.042528,13.65952861,.02374159,100.7830,30.5357,290.1292,67.4448,0,U,32416,999,65505,.56888613E-3,.512E-5,0
FENGYUN 1C DEB,1999-025DAE,2026-09-22T19:27:03.931488,14.04343148,.02217086,98.1850,114.0244,311.6923,46.5460,0,U,32418,999,66974,.14066148E-2,.2747E-4,0
FENGYUN 1C DEB,1999-025DAF,2026-09-19T00:09:43.858368,14.10561505,.02802551,97.9471,170.4049,296.3229,60.9408,0,U,32419,999,67521,.23560242E-3,.563E-5,0
FENGYUN 1C DEB,1999-025DAJ,2026-09-23T12:54:38.014272,13.98390792,.02984059,97.8619,2.6615,200.6323,158.2586,0,U,32422,999,67113,.27234751E-3,.533E-5,0
FENGYUN 1C DEB,1999-025DAM,2026-09-21T00:44:21.240096,14.17389321,.02321809,96.7239,348.8879,166.7372,194.0057,0,U,32425,999,73533,.24556379E-3,.62E-5,0
FENGYUN 1C DEB,1999-025DAS,2026-09-22T19:46:45.092064,13.71707733,.03667035,98.6836,269.1565,234.0414,122.6207,0,U,32430,999,95096,.12877277E-2,.184E-4,0
FENGYUN 1C DEB,1999-025DAU,2026-09-19T21:16:46.504704,14.56103884,.0166603,98.1474,297.3465,155.4223,205.5033,0,U,32432,999,74782,.57712E-3,.3021E-4,0
FENGYUN 1C DEB,1999-025DBC,2026-09-14T08:36:44.203680,13.62790678,.03202732,99.1353,100.9996,98.4101,265.3478,0,U,32440,999,64038,.15956378E-2,.1721E-4,0
FENGYUN 1C DEB,1999-025DBK,2026-09-19T07:05:04.217280,13.96145639,.0078977,98.9212,274.8314,349.5513,10.4005,0,U,32447,999,71793,.21078E-4,-.13E-6,0
FENGYUN 1C DEB,1999-025DBP,2026-09-22T19:44:49.270272,13.88208180,.0183239,99.9876,270.0019,169.2312,191.2849,0,U,32451,999,65704,.12513183E-2,.166E-4,0
FENGYUN 1C DEB,1999-025DBR,2026-09-19T00:05:11.872896,14.02819782,.00968771,99.3661,184.6921,156.7308,203.8286,0,U,32453,999,97357,.56185723E-3,.86E-5,0
FENGYUN 1C DEB,1999-025DBT,2026-09-22T23:18:45.774432,13.94182401,.02310778,101.7238,178.7688,161.3467,199.6330,0,U,32455,999,68374,.12550034E-2,.2014E-4,0
FENGYUN 1C DEB,1999-025DBU,2026-09-21T21:09:27.162432,13.36184490,.0378232,103.6610,145.5530,7.2573,353.3809,0,U,32456,999,64397,.10522216E-2,.742E-5,0
FENGYUN 1C DEB,1999-025DBV,2026-09-11T08:05:56.724576,13.29709394,.04169602,100.0980,294.2760,41.5065,321.6944,0,U,32457,999,57573,.51852574E-3,.347E-5,0
FENGYUN 1C DEB,1999-025DBW,2026-09-21T07:57:57.888000,14.65951100,.00372886,99.0230,316.4914,224.5372,135.2830,0,U,32458,999,71925,.58130172E-3,.3156E-4,0
FENGYUN 1C DEB,1999-025DBX,2026-09-22T23:43:14.726496,14.43990734,.02110649,98.2935,278.2114,45.2490,316.5662,0,U,32459,999,98651,.34680504E-3,.1504E-4,0
FENGYUN 1C DEB,1999-025DBY,2026-09-17T06:43:24.486528,13.90356678,.01856922,98.0432,12.7518,66.7419,295.3173,0,U,32460,999,69123,.39352009E-3,.527E-5,0
FENGYUN 1C DEB,1999-025DBZ,2026-09-20T23:41:06.019872,13.73508742,.02327885,98.3227,87.9071,76.1497,75.0153,0,U,32461,999,71168,.64565586E-3,.697E-5,0
FENGYUN 1C DEB,1999-025DCC,2026-09-17T06:33:26.431776,15.01032137,.0095998,97.3466,273.0311,13.1814,347.1886,0,U,32464,999,64960,.87009117E-3,.12218E-3,0
FENGYUN 1C DEB,1999-025DCF,2026-09-23T10:36:54.535104,14.24749080,.00799294,99.0347,221.7320,55.8546,64.9739,0,U,33502,999,91006,.13500446E-2,.3206E-4,0
FENGYUN 1C DEB,1999-025DCG,2026-09-14T20:38:55.344192,15.38829306,.00768167,96.5708,298.6088,26.4660,334.0478,0,U,33599,999,70217,.11730099E-2,.50066E-3,0
FENGYUN 1C DEB,1999-025DCJ,2026-09-23T08:05:03.661152,14.09007214,.01557661,98.3435,45.9803,49.3788,312.0813,0,U,33601,999,94686,.50859493E-3,.947E-5,0
FENGYUN 1C DEB,1999-025DCL,2026-09-22T04:06:17.930304,14.81231351,.02142432,98.8381,234.1682,254.1959,103.5537,0,U,33603,999,3051,.82611153E-4,.868E-5,0
FENGYUN 1C DEB,1999-025DCN,2026-09-21T05:52:03.390816,14.08233510,.00562564,98.7114,258.2588,358.3033,14.7056,0,U,33605,999,63794,.25442385E-3,.398E-5,0
FENGYUN 1C DEB,1999-025DCV,2026-09-22T02:44:13.814592,14.05279708,.0111983,98.6147,224.8663,30.7177,330.0484,0,U,33612,999,60652,.91008691E-3,.1517E-4,0
FENGYUN 1C DEB,1999-025DCW,2026-09-20T10:26:32.983008,14.35809618,.0027572,98.6788,341.6746,335.4414,24.5456,0,U,33613,999,68549,.83526E-3,.2383E-4,0
FENGYUN 1C DEB,1999-025DDB,2026-09-23T12:57:03.443616,14.64506048,.01574844,98.5280,8.6318,335.5240,23.8540,0,U,33618,999,945,.27460224E-3,.1682E-4,0
FENGYUN 1C DEB,1999-025DDC,2026-09-20T03:37:17.535360,14.18834538,.00487161,98.8451,336.7972,320.7554,39.0094,0,U,33619,999,67613,.76872288E-3,.1573E-4,0
FENGYUN 1C DEB,1999-025DDE,2026-09-22T18:55:30.970560,14.20317612,.02826404,98.1224,99.0538,180.9503,179.1176,0,U,33621,999,68275,.36817455E-3,.1134E-4,0
FENGYUN 1C DEB,1999-025DDG,2026-09-13T12:58:26.329728,14.44609382,.0052353,98.1995,7.3016,166.7391,193.5191,0,U,33623,999,65286,.2201E-2,.7711E-4,0
FENGYUN 1C DEB,1999-025DDJ,2026-09-23T03:50:59.040384,14.64347540,.02141523,98.6455,35.0012,334.2906,24.7770,0,U,33625,999,65549,.27395381E-3,.1955E-4,0
FENGYUN 1C DEB,1999-025DDP,2026-09-20T13:44:43.301760,14.18136930,.013317,98.6269,6.6728,336.7398,22.7786,0,U,33630,999,68405,.15548E-3,.305E-5,0
FENGYUN 1C DEB,1999-025DDS,2026-09-22T05:53:08.883744,14.21424076,.00804447,99.0602,11.3611,62.1879,328.3995,0,U,33633,999,94736,.94381613E-3,.2086E-4,0
FENGYUN 1C DEB,1999-025DDV,2026-09-19T20:22:43.229280,14.31473249,.00653677,98.4565,276.1981,346.9251,136.7105,0,U,33636,999,74088,.34040921E-3,.882E-5,0
FENGYUN 1C DEB,1999-025DDW,2026-09-14T21:53:17.429856,14.38420436,.00808238,98.4677,304.1941,48.1070,312.6975,0,U,33637,999,68806,.72665955E-3,.2258E-4,0
FENGYUN 1C DEB,1999-025DDX,2026-09-20T20:27:51.787008,13.69917484,.0261445,98.4424,125.6616,239.5591,117.9494,0,U,33638,999,64777,.40219E-3,.411E-5,0
FENGYUN 1C DEB,1999-025DDY,2026-09-23T12:04:31.499904,14.43738008,.00493555,98.7102,8.3941,158.3877,201.9411,0,U,33639,999,64687,.11424087E-2,.3896E-4,0
FENGYUN 1C DEB,1999-025DDZ,2026-09-21T08:15:08.036928,14.46909713,.00902452,98.8716,224.8080,34.4164,326.2827,0,U,33640,999,96428,.31375466E-3,.1146E-4,0
FENGYUN 1C DEB,1999-025DEF,2026-09-22T12:31:40.220256,14.05031161,.01115755,98.5941,170.7711,82.6628,278.7205,0,U,33646,999,76031,.11347092E-2,.1893E-4,0
FENGYUN 1C DEB,1999-025DEG,2026-09-22T07:19:38.712288,13.90092760,.02436451,98.1960,92.5024,25.9191,335.3942,0,U,33647,999,66783,.82166202E-3,.1253E-4,0
FENGYUN 1C DEB,1999-025DEH,2026-09-22T18:19:26.256576,14.11894994,.00698609,98.7329,261.7859,87.9913,272.9258,0,U,33648,999,68384,.83028188E-4,.113E-5,0
FENGYUN 1C DEB,1999-025DEK,2026-09-23T09:07:40.658880,13.90025815,.01496803,99.0169,67.1605,24.8211,336.0054,0,U,33650,999,72762,.88684554E-3,.1155E-4,0
FENGYUN 1C DEB,1999-025DEL,2026-09-19T20:02:55.152384,14.20534181,.01159512,98.6197,306.9653,321.7427,37.5564,0,U,33651,999,68262,.74870873E-4,.128E-5,0
FENGYUN 1C DEB,1999-025DEQ,2026-09-23T13:11:11.964192,15.13732481,.00328874,98.7995,16.7945,142.6354,217.7170,0,U,33655,999,837,.14292261E-2,.2609E-3,0
FENGYUN 1C DEB,1999-025DER,2026-09-20T05:08:31.062624,14.23188404,.0087991,98.5979,254.4017,293.5087,65.6864,0,U,33656,999,66712,.20496E-3,.438E-5,0
FENGYUN 1C DEB,1999-025DET,2026-09-22T15:47:44.388960,13.63582767,.02811912,99.5821,59.2910,176.0550,184.2903,0,U,33658,999,62007,.18101461E-2,.1826E-4,0
FENGYUN 1C DEB,1999-025DEV,2026-09-23T13:36:36.156960,13.92021847,.01097613,98.6360,163.7599,180.9790,299.2117,0,U,33660,999,95026,.81917677E-4,.7E-6,0
FENGYUN 1C DEB,1999-025DEW,2026-09-20T02:02:44.146752,13.73380066,.02305888,98.3885,121.0120,116.6497,34.4386,0,U,33661,999,68318,.73698488E-3,.795E-5,0
FENGYUN 1C DEB,1999-025DEY,2026-09-22T20:46:43.328928,14.78481436,.00591247,98.8870,287.8854,206.7430,153.0726,0,U,33663,999,68380,.21671541E-2,.16254E-3,0
FENGYUN 1C DEB,1999-025DEZ,2026-09-22T08:21:24.243264,14.04308411,.01623463,98.7407,47.9080,324.0044,35.0275,0,U,33664,999,94719,.14457491E-3,.215E-5,0
FENGYUN 1C DEB,1999-025DFA,2026-09-22T14:39:40.467456,14.05218034,.04490468,99.0501,27.8218,19.7237,342.0693,0,U,33665,999,96576,.1719704E-3,.636E-5,0
FENGYUN 1C DEB,1999-025DFJ,2026-09-21T02:42:28.734912,13.95926399,.01051134,99.3163,319.4167,176.0927,214.1296,0,U,33673,999,93841,.33431558E-3,.433E-5,0
FENGYUN 1C DEB,1999-025DFK,2026-09-16T07:36:43.080192,13.77808850,.02087075,98.5928,288.1536,212.7441,146.0634,0,U,33674,999,92186,.10756132E-2,.1226E-4,0
FENGYUN 1C DEB,1999-025DFM,2026-09-22T08:11:38.545440,14.35804891,.02028124,99.0648,309.9598,320.0615,38.5796,0,U,33676,999,69380,.54110245E-4,.139E-5,0
FENGYUN 1C DEB,1999-025DFP,2026-09-20T23:46:15.931488,14.48350086,.02035772,99.0215,353.7777,113.2794,248.9968,0,U,33678,999,99180,.20527628E-3,.938E-5,0
FENGYUN 1C DEB,1999-025DFQ,2026-09-21T07:28:54.028416,15.19287325,.0108957,99.3464,38.1602,95.7327,265.6337,0,U,33679,999,98391,.99754679E-3,.2462E-3,0
FENGYUN 1C DEB,1999-025DFT,2026-09-21T03:37:11.178912,14.28264703,.00259805,99.4034,337.2190,358.0745,2.0329,0,U,33682,999,95727,.71929539E-3,.175E-4,0
FENGYUN 1C DEB,1999-025DFV,2026-09-21T05:20:23.603424,14.79152564,.02673483,99.0415,359.0657,176.4509,183.8680,0,U,33684,999,97157,.87029845E-3,.11818E-3,0
FENGYUN 1C DEB,1999-025DFY,2026-09-22T10:19:43.310496,15.37712424,.00784294,98.9642,334.3915,92.7628,268.2592,0,U,33687,999,75842,.55780318E-3,.22875E-3,0
FENGYUN 1C DEB,1999-025DFZ,2026-09-22T14:54:58.514112,14.50508191,.0050226,99.3569,42.2049,144.2297,216.2275,0,U,33688,999,95591,.14602757E-2,.5758E-4,0
FENGYUN 1C DEB,1999-025DGA,2026-09-15T23:10:12.180000,14.46850576,.00473865,99.5484,306.2956,61.7717,59.1449,0,U,33689,999,73537,.53195779E-3,.19E-4,0
FENGYUN 1C DEB,1999-025DGB,2026-09-23T06:25:50.141280,14.55719394,.00289644,98.6175,17.7477,257.6997,102.0956,0,U,33690,999,97354,.89963601E-3,.3908E-4,0
FENGYUN 1C DEB,1999-025DGC,2026-09-20T22:45:42.422688,14.25700591,.0065281,99.1526,262.7652,338.8826,20.9659,0,U,33691,999,94507,.10933504E-2,.2605E-4,0
FENGYUN 1C DEB,1999-025DGE,2026-09-23T10:01:05.649600,13.72032802,.02225026,99.2365,78.4438,333.8177,25.1856,0,U,33693,999,92134,.71653215E-3,.733E-5,0
FENGYUN 1C DEB,1999-025DGJ,2026-09-17T12:28:38.482176,14.15288419,.0072062,99.0110,8.6972,188.3660,171.6317,0,U,33697,999,97154,.10467458E-2,.2044E-4,0
FENGYUN 1C DEB,1999-025DGK,2026-09-21T19:48:53.091936,14.56483173,.01373518,99.6463,273.6056,97.6002,264.0816,0,U,33698,999,99756,.13260529E-3,.602E-5,0
FENGYUN 1C DEB,1999-025DGN,2026-09-20T01:20:33.365472,14.03496561,.01318831,98.6767,209.2566,118.1767,243.2795,0,U,33701,999,94450,.87510143E-3,.144E-4,0
FENGYUN 1C DEB,1999-025DGX,2026-09-16T12:41:29.293728,14.12502926,.0055313,98.9849,3.8067,84.7118,276.0361,0,U,33710,999,71577,.57192785E-3,.1027E-4,0
FENGYUN 1C DEB,1999-025DGY,2026-09-22T23:17:58.179264,14.01462818,.00966345,99.1594,325.6617,345.9219,138.7276,0,U,33711,999,95912,.53774344E-3,.8E-5,0
FENGYUN 1C DEB,1999-025DHD,2026-09-23T01:17:09.266208,14.32885427,.00921543,98.8896,203.7403,244.8989,114.2610,0,U,33716,999,69229,.70551991E-4,.154E-5,0
FENGYUN 1C DEB,1999-025DHF,2026-09-21T01:13:08.029632,14.09350169,.00972077,99.6635,15.6512,264.3274,94.6802,0,U,33718,999,73161,.10091437E-2,.1787E-4,0
FENGYUN 1C DEB,1999-025DHG,2026-09-23T03:06:15.085728,14.24455270,.00280666,98.7491,330.0758,338.3534,51.4497,0,U,33719,999,96061,.56589528E-3,.1271E-4,0
FENGYUN 1C DEB,1999-025DHH,2026-09-18T20:31:36.818400,14.42297718,.0078744,98.2539,260.2271,300.4127,58.9298,0,U,33720,999,97392,.32135E-3,.1056E-4,0
FENGYUN 1C DEB,1999-025DHK,2026-09-22T18:05:50.409024,14.22067519,.01583005,98.5665,277.0918,147.0183,214.0992,0,U,33722,999,96183,.26919683E-3,.634E-5,0
FENGYUN 1C DEB,1999-025DHL,2026-09-23T05:14:44.613024,14.15204484,.00978087,99.1472,358.6805,248.5303,139.7245,0,U,33723,999,67645,.11438226E-2,.2281E-4,0
FENGYUN 1C DEB,1999-025DHM,2026-09-22T19:48:57.152736,14.20116464,.00286051,98.6013,273.1824,82.8309,41.5753,0,U,33724,999,97993,.24488983E-3,.482E-5,0
FENGYUN 1C DEB,1999-025DHP,2026-09-23T07:29:39.922368,14.14776531,.01903627,98.6704,26.9723,296.4920,88.8994,0,U,33726,999,95955,.20802681E-3,.432E-5,0
FENGYUN 1C DEB,1999-025DHR,2026-09-22T01:23:11.214816,14.95843955,.01405774,98.9584,5.9297,22.7697,337.9672,0,U,33728,999,2532,.15003942E-3,.1956E-4,0
FENGYUN 1C DEB,1999-025DHT,2026-09-20T11:29:22.183872,14.67724681,.003683,99.0349,354.4498,223.0474,136.7846,0,U,33730,999,99807,.85326E-3,.4852E-4,0
FENGYUN 1C DEB,1999-025DHU,2026-09-22T01:38:42.508320,13.96401803,.01277628,99.4284,299.1715,7.5063,352.7972,0,U,33731,999,94402,.44460098E-3,.61E-5,0
FENGYUN 1C DEB,1999-025DHW,2026-09-23T06:29:30.196896,14.35123583,.00734208,99.0969,10.9449,63.8431,325.1151,0,U,33733,999,94524,.14337504E-2,.4174E-4,0
FENGYUN 1C DEB,1999-025DJA,2026-09-23T10:47:53.922624,14.03876510,.01266872,98.3459,82.0014,195.4644,242.6368,0,U,33737,999,92734,.71869056E-3,.1178E-4,0
FENGYUN 1C DEB,1999-025DJB,2026-09-23T10:06:46.156320,14.00036312,.01895403,99.1158,330.9967,317.1885,103.5680,0,U,33738,999,93219,.28718731E-3,.447E-5,0
FENGYUN 1C DEB,1999-025DJD,2026-09-22T23:55:28.552800,14.12454808,.00024881,98.6816,275.1277,77.1680,282.9770,0,U,33740,999,94159,.75285309E-4,.96E-6,0
FENGYUN 1C DEB,1999-025DJE,2026-09-19T04:12:27.521856,14.11668435,.01282546,98.5549,167.7730,10.3294,350.0468,0,U,33741,999,60817,.12059341E-2,.2329E-4,0
FENGYUN 1C DEB,1999-025DJJ,2026-09-22T02:31:51.430368,14.23780717,.00541418,99.0950,316.8560,176.0674,184.0939,0,U,33745,999,70032,.6501674E-3,.1462E-4,0
FENGYUN 1C DEB,1999-025DJL,2026-09-18T13:58:14.997792,14.19483565,.00885558,99.0961,8.3054,144.3895,216.3233,0,U,33747,999,94100,.14574401E-2,.3147E-4,0
FENGYUN 1C DEB,1999-025DJM,2026-09-23T02:46:15.153024,14.33513978,.00359853,98.5592,319.2847,121.1239,239.3484,0,U,33748,999,95466,.50600065E-3,.1366E-4,0
FENGYUN 1C DEB,1999-025DJQ,2026-09-22T22:29:27.940416,14.18055613,.02482344,94.6266,310.2584,35.2131,326.5176,0,U,35088,999,62820,.19455101E-2,.5398E-4,0
FENGYUN 1C DEB,1999-025DJR,2026-09-22T20:33:23.170752,14.20149424,.00266822,98.5587,271.3036,321.8288,38.0999,0,U,35089,999,64907,.28868116E-3,.575E-5,0
FENGYUN 1C DEB,1999-025DJS,2026-09-22T20:50:26.404224,14.18967717,.00537484,99.1851,293.6832,290.7161,68.8258,0,U,35090,999,70278,.66770851E-3,.1365E-4,0
FENGYUN 1C DEB,1999-025DJT,2026-09-21T07:13:31.407744,14.68558928,.00438443,98.6047,26.6161,134.4211,226.0594,0,U,35091,999,94066,.12347411E-2,.7222E-4,0
FENGYUN 1C DEB,1999-025DKE,2026-09-21T17:48:06.752448,14.29497592,.00590687,98.4775,272.3592,339.5733,20.3087,0,U,35102,999,68955,.26030405E-3,.634E-5,0
FENGYUN 1C DEB,1999-025DKG,2026-09-22T19:47:41.079264,14.20752601,.00314776,98.5985,269.7108,42.1194,81.1150,0,U,35104,999,93800,.21861532E-3,.431E-5,0
FENGYUN 1C DEB,1999-025DKH,2026-09-22T19:55:46.345728,14.46006729,.01096633,98.9645,267.6355,286.9598,71.9595,0,U,35105,999,98598,.14021283E-3,.482E-5,0
FENGYUN 1C DEB,1999-025DKL,2026-09-07T05:54:29.974464,14.07192863,.01342879,98.8146,244.0275,26.4709,334.3238,0,U,35108,999,93014,.16431969E-3,.256E-5,0
FENGYUN 1C DEB,1999-025DKM,2026-09-20T04:56:52.416672,14.21195532,.01510619,98.6389,251.0607,299.7549,58.8672,0,U,35109,999,68157,.14463129E-3,.308E-5,0
FENGYUN 1C DEB,1999-025DKP,2026-09-20T23:51:59.584896,14.11352429,.00226645,99.4565,2.5005,156.8808,203.3387,0,U,35111,999,68125,.26061664E-3,.424E-5,0
FENGYUN 1C DEB,1999-025DKU,2026-09-22T23:44:48.150816,14.26174500,.0056367,98.6357,313.1252,300.1417,59.4184,0,U,35116,999,64010,.44328895E-3,.1035E-4,0
FENGYUN 1C DEB,1999-025DKZ,2026-09-23T07:53:27.299616,14.04916242,.01577123,98.2703,110.1303,7.5759,352.7740,0,U,35121,999,65087,.51056494E-4,.53E-6,0
FENGYUN 1C DEB,1999-025DLA,2026-09-20T07:30:21.585312,14.14404433,.00260184,98.6588,278.2795,75.9204,284.4859,0,U,35122,999,67847,.1665904E-3,.278E-5,0
FENGYUN 1C DEB,1999-025DLB,2026-09-19T19:12:08.367840,14.24768897,.00494395,99.1182,101.2873,352.5472,7.4966,0,U,35123,999,65075,.2109555E-3,.45E-5,0
FENGYUN 1C DEB,1999-025DLD,2026-09-22T17:40:35.844672,14.34744685,.00513063,98.2159,267.6649,163.0477,197.2438,0,U,35125,999,35352,.5547218E-3,.1555E-4,0
FENGYUN 1C DEB,1999-025DLG,2026-09-18T21:13:37.145280,14.43548917,.00810617,98.3313,136.5855,221.3066,138.1976,0,U,35128,999,67006,.1393695E-2,.4868E-4,0
FENGYUN 1C DEB,1999-025DLP,2026-09-14T11:35:02.503968,14.23049102,.00808063,98.5637,263.6991,201.7769,157.9968,0,U,35135,999,91745,.24869847E-3,.537E-5,0
FENGYUN 1C DEB,1999-025DLT,2026-09-20T05:54:57.311424,14.21498619,.0068544,98.5857,265.7179,200.3651,159.4791,0,U,35139,999,68152,.18366799E-3,.369E-5,0
FENGYUN 1C DEB,1999-025DLU,2026-09-22T17:32:00.232800,14.21606738,.02895728,98.4786,240.8830,218.8639,139.1401,0,U,35140,999,91313,.53069417E-4,.126E-5,0
FENGYUN 1C DEB,1999-025DLW,2026-09-18T18:51:00.078912,13.90645669,.01081062,99.0660,251.8186,173.3239,313.3430,0,U,35142,999,89581,.18251191E-3,.196E-5,0
FENGYUN 1C DEB,1999-025DLY,2026-09-22T03:51:05.956704,14.65697172,.00247349,98.7133,40.9910,206.7461,153.2467,0,U,35144,999,69357,.11285752E-2,.6119E-4,0
FENGYUN 1C DEB,1999-025DMB,2026-09-23T03:40:04.851552,14.82371097,.00258694,99.4845,34.6221,50.4359,309.9129,0,U,35147,999,78507,.89289914E-3,.7123E-4,0
FENGYUN 1C DEB,1999-025DMG,2026-09-21T18:26:01.950432,13.76846244,.01941792,99.8186,101.6366,2.9105,357.3127,0,U,35152,999,66087,.45782748E-3,.47E-5,0
FENGYUN 1C DEB,1999-025DMH,2026-09-23T13:12:01.180224,14.75454598,.01643408,98.8870,191.2880,271.4770,86.7616,0,U,35153,999,1402,.21941255E-3,.1782E-4,0
FENGYUN 1C DEB,1999-025DMJ,2026-09-22T05:12:07.309728,14.19384362,.01773532,99.4581,50.1483,324.5690,34.3805,0,U,35154,999,68598,.16312433E-3,.348E-5,0
FENGYUN 1C DEB,1999-025DMK,2026-09-20T06:33:25.102080,14.19910085,.00246601,98.4950,268.6554,339.7224,20.2971,0,U,35155,999,76708,.33593212E-3,.673E-5,0
FENGYUN 1C DEB,1999-025DML,2026-09-21T17:40:36.109920,14.10921302,.00375313,98.7796,249.2925,68.6357,291.8813,0,U,35156,999,68034,.19919557E-3,.317E-5,0
FENGYUN 1C DEB,1999-025DMP,2026-09-22T12:15:00.155808,14.48703859,.00107406,98.8298,357.9819,47.8501,17.4433,0,U,35159,999,65585,.91987613E-3,.3422E-4,0
FENGYUN 1C DEB,1999-025DMQ,2026-09-16T04:41:13.178688,14.36584612,.01757309,99.1874,36.4632,149.3022,211.8585,0,U,35160,999,68914,.28471747E-3,.944E-5,0
FENGYUN 1C DEB,1999-025DMV,2026-09-19T00:29:42.724896,14.36346169,.00187672,98.8771,6.7964,312.6987,47.2616,0,U,35165,999,93741,.98715368E-3,.2848E-4,0
FENGYUN 1C DEB,1999-025DMX,2026-09-22T16:56:55.777632,14.32096407,.02289985,98.4689,256.9543,83.5694,279.1510,0,U,35167,999,74083,.27886246E-3,.954E-5,0
FENGYUN 1C DEB,1999-025DMY,2026-09-02T21:21:49.353120,14.15787253,.0126141,98.2420,123.6494,82.5056,279.0430,0,U,35168,999,61661,.13961E-3,.258E-5,0
FENGYUN 1C DEB,1999-025DMZ,2026-09-18T23:48:52.931520,14.60248608,.014789,99.1049,178.1805,337.6784,21.8019,0,U,35169,999,69868,.46600501E-3,.2556E-4,0
FENGYUN 1C DEB,1999-025DNB,2026-09-20T04:23:19.771008,13.96199066,.01354809,99.0261,53.6140,266.8120,91.7534,0,U,35171,999,92484,.99433375E-3,.1432E-4,0
FENGYUN 1C DEB,1999-025DND,2026-09-15T10:33:30.787488,13.38194111,.04860951,99.7768,325.3884,259.1064,95.5023,0,U,35173,999,69529,.91756067E-3,.918E-5,0
FENGYUN 1C DEB,1999-025DNE,2026-09-21T06:53:52.649088,15.20230946,.01000782,98.9619,291.2902,331.8813,27.7033,0,U,35174,999,94429,.1181792E-2,.29326E-3,0
FENGYUN 1C DEB,1999-025DNF,2026-09-18T17:46:01.097472,14.21685344,.00576093,98.5751,267.1121,186.7103,173.3310,0,U,35175,999,65213,.18195644E-3,.364E-5,0
FENGYUN 1C DEB,1999-025DNG,2026-09-22T16:42:40.451328,14.17346616,.00528356,98.5824,247.2701,319.8023,39.9250,0,U,35176,999,94950,.20519162E-3,.378E-5,0
FENGYUN 1C DEB,1999-025DNL,2026-09-16T06:51:50.374944,13.78203619,.04814205,99.7508,72.4111,15.2271,346.2807,0,U,35180,999,3853,.85479627E-3,.2002E-4,0
FENGYUN 1C DEB,1999-025DNX,2026-09-23T05:05:14.556192,13.91332152,.01028866,99.0472,245.4766,154.5855,206.0415,0,U,35191,999,91857,.99570744E-4,.89E-6,0
FENGYUN 1C DEB,1999-025DPA,2026-09-14T13:06:48.051936,14.62599176,.010852,98.9487,8.2427,311.6806,47.5143,0,U,35194,999,69419,.39173E-3,.2103E-4,0
FENGYUN 1C DEB,1999-025DPB,2026-09-22T14:13:44.838912,14.58031581,.00985981,98.9963,27.1757,286.4651,72.5729,0,U,35195,999,95060,.37730455E-3,.1794E-4,0
FENGYUN 1C DEB,1999-025DPC,2026-09-23T07:23:01.722912,14.20764612,.02113836,98.5280,276.6997,232.6270,139.0541,0,U,35196,999,93174,.30285012E-3,.772E-5,0
FENGYUN 1C DEB,1999-025DPF,2026-09-02T14:32:26.968416,13.98908271,.01160021,98.4541,18.8838,190.5784,169.2939,0,U,35199,999,95873,.92867405E-3,.138E-4,0
FENGYUN 1C DEB,1999-025DPG,2026-09-23T08:32:23.126208,13.42122879,.03532021,98.9029,215.3543,63.5642,85.5669,0,U,35200,999,69721,.36396037E-3,.261E-5,0
FENGYUN 1C DEB,1999-025DPH,2026-09-22T23:18:42.886080,14.11148955,.00071767,98.7077,271.3834,156.4643,233.8212,0,U,35201,999,91028,.65866498E-4,.76E-6,0
FENGYUN 1C DEB,1999-025DPJ,2026-09-23T01:34:24.063456,13.35081358,.03779004,100.0679,312.5856,48.8222,314.4857,0,U,35202,999,60770,.35476905E-3,.226E-5,0
FENGYUN 1C DEB,1999-025DPK,2026-09-18T06:17:44.825568,13.27372562,.05143536,102.0849,280.1811,269.0315,85.1856,0,U,35203,999,63358,.12770388E-2,.1119E-4,0
FENGYUN 1C DEB,1999-025DPL,2026-09-23T09:28:21.152928,14.52588338,.00341976,98.9890,119.7709,186.9401,299.3423,0,U,35204,999,95058,.9208742E-3,.3745E-4,0
FENGYUN 1C DEB,1999-025DPP,2026-09-23T06:35:58.456032,14.59809569,.00522795,98.7003,22.3117,104.5173,256.1833,0,U,35207,999,69050,.9377419E-3,.4516E-4,0
FENGYUN 1C DEB,1999-025DPQ,2026-09-22T07:19:28.690752,14.00409445,.0106181,98.8814,281.7061,87.6079,273.7238,0,U,35208,999,94531,.45277578E-3,.663E-5,0
FENGYUN 1C DEB,1999-025DPS,2026-09-23T00:16:16.267296,14.36752383,.00490855,99.0934,290.1493,128.4624,262.6860,0,U,35210,999,94201,.10817205E-2,.3188E-4,0
FENGYUN 1C DEB,1999-025DPZ,2026-09-21T15:57:04.619520,13.58578662,.03004735,101.8841,243.7522,0.6089,359.5355,0,U,35217,999,65060,.15318791E-2,.144E-4,0
FENGYUN 1C DEB,1999-025DQC,2026-09-23T04:39:16.087680,14.24235722,.00442144,99.0129,348.2961,210.0755,149.7883,0,U,35220,999,67230,.84374698E-3,.1919E-4,0
FENGYUN 1C DEB,1999-025DQF,2026-09-23T00:40:04.518912,14.92408914,.01221907,98.9759,292.4227,134.6910,226.4339,0,U,35223,999,98118,.32276334E-3,.374E-4,0
FENGYUN 1C DEB,1999-025DQM,2026-09-22T01:03:03.588192,14.74220155,.00346981,98.4457,358.1755,47.0405,313.3702,0,U,35229,999,68663,.21252809E-2,.14145E-3,0
FENGYUN 1C DEB,1999-025DQP,2026-09-23T08:55:33.596832,14.14547611,.00367967,98.6820,307.2359,353.9151,6.1571,0,U,35231,999,95526,.21232394E-4,-.2E-7,0
FENGYUN 1C DEB,1999-025DQR,2026-09-23T06:52:13.918080,14.45130604,.0041109,98.7768,19.0185,131.6985,257.3185,0,U,35233,999,95282,.100422E-2,.3504E-4,0
FENGYUN 1C DEB,1999-025DQS,2026-09-20T00:27:54.563328,14.67908972,.00979295,98.0448,291.0289,92.5912,268.6508,0,U,35234,999,98479,.44174986E-3,.2664E-4,0
FENGYUN 1C DEB,1999-025DQX,2026-09-23T08:57:58.346208,13.69895411,.02214451,99.2971,62.0075,348.4514,11.1600,0,U,35239,999,62027,.59802111E-3,.579E-5,0
FENGYUN 1C DEB,1999-025DQY,2026-09-23T09:52:41.125440,14.25247468,.00476786,99.3644,252.2274,62.4181,298.1827,0,U,35240,999,97217,.84456116E-3,.1961E-4,0
FENGYUN 1C DEB,1999-025DQZ,2026-09-23T05:14:53.987424,14.03166431,.01354519,98.6320,185.6564,129.0662,232.2649,0,U,35241,999,91594,.10677653E-2,.1763E-4,0
FENGYUN 1C DEB,1999-025DRA,2026-09-23T10:01:18.960384,13.52986597,.03075879,99.9641,325.7224,202.4608,171.8150,0,U,35242,999,61976,.18496994E-2,.1617E-4,0
FENGYUN 1C DEB,1999-025DRB,2026-09-22T14:14:20.478912,14.98840980,.00502342,98.8762,25.7270,61.7162,298.9113,0,U,35243,999,95237,.12034695E-2,.14856E-3,0
FENGYUN 1C DEB,1999-025DRC,2026-09-22T21:38:21.669216,14.07089869,.00718106,98.8117,304.2750,79.8404,281.0855,0,U,35244,999,69817,.3956748E-3,.635E-5,0
FENGYUN 1C DEB,1999-025DRD,2026-09-23T01:53:10.054176,14.14620396,.00594733,99.0797,1.0544,188.4723,295.7335,0,U,35245,999,91795,.95402653E-3,.1819E-4,0
FENGYUN 1C DEB,1999-025DRF,2026-09-22T11:38:52.807488,14.42423930,.00479781,98.6609,354.1777,285.0570,74.5313,0,U,35247,999,4021,.61251645E-3,.2008E-4,0
FENGYUN 1C DEB,1999-025DRP,2026-09-10T23:55:38.754912,13.83425442,.02103452,98.4201,170.1501,320.9328,37.6797,0,U,36142,999,65927,.1016867E-2,.1288E-4,0
FENGYUN 1C DEB,1999-025DRU,2026-09-15T20:50:45.768192,13.47223593,.04372114,98.5036,291.6478,270.5157,84.5912,0,U,36147,999,63728,.76084352E-3,.793E-5,0
FENGYUN 1C DEB,1999-025DRV,2026-09-17T18:32:11.145408,13.87045081,.02759772,98.4143,89.0577,303.2500,54.2487,0,U,36148,999,94110,.12451633E-2,.193E-4,0
FENGYUN 1C DEB,1999-025DRZ,2026-09-21T21:32:06.001152,14.18271912,.00559048,98.7361,305.3726,120.8273,239.8420,0,U,36152,999,68169,.42001068E-3,.835E-5,0
FENGYUN 1C DEB,1999-025DSA,2026-09-22T11:56:45.767616,14.53480679,.00291645,98.5919,7.0373,262.9517,96.8361,0,U,36153,999,69081,.88723651E-3,.3671E-4,0
FENGYUN 1C DEB,1999-025DSH,2026-09-19T05:19:16.984704,14.13470392,.013557,98.1364,83.6782,60.5183,300.9436,0,U,36160,999,64014,.13175E-3,.233E-5,0
FENGYUN 1C DEB,1999-025DSK,2026-09-07T02:38:37.041216,14.05562156,.02462671,97.6216,10.9096,66.5184,296.1663,0,U,36162,999,74288,.11145945E-2,.235E-4,0
FENGYUN 1C DEB,1999-025DSL,2026-09-17T21:06:12.159360,14.67529673,.00332461,99.0743,138.1961,306.4391,53.3747,0,U,36163,999,93271,.17886702E-2,.10181E-3,0
FENGYUN 1C DEB,1999-025DSQ,2026-09-17T12:27:03.287520,14.51057006,.00683753,98.8086,185.5230,121.4844,239.3055,0,U,36167,999,71320,.49836763E-3,.1983E-4,0
FENGYUN 1C DEB,1999-025DSW,2026-09-23T01:50:06.351360,14.25599953,.01477004,98.2449,210.9162,67.7614,293.9158,0,U,36173,999,63141,.20444649E-3,.502E-5,0
FENGYUN 1C DEB,1999-025DTF,2026-09-22T01:50:54.672288,14.36652799,.002147,99.1001,213.0503,336.7147,23.3063,0,U,36182,999,92023,.65274732E-3,.1878E-4,0
FENGYUN 1C DEB,1999-025DTH,2026-09-09T17:35:47.760288,14.10446093,.01267317,98.5561,234.8559,288.2954,70.4465,0,U,36184,999,66332,.97421185E-3,.1825E-4,0
FENGYUN 1C DEB,1999-025DTM,2026-09-22T06:54:28.248480,14.67166390,.00440229,98.5920,22.8086,144.7102,215.7029,0,U,36188,999,92202,.12867079E-2,.7294E-4,0
FENGYUN 1C DEB,1999-025DTV,2026-09-22T19:37:59.238336,14.50940540,.00269802,99.0679,111.8920,39.7840,320.5324,0,U,36196,999,68856,.11306342E-2,.4437E-4,0
FENGYUN 1C DEB,1999-025DTW,2026-09-18T10:28:05.596032,14.29841579,.00512895,98.6899,335.4843,77.9731,282.7193,0,U,36197,999,65634,.79854383E-3,.2039E-4,0
FENGYUN 1C DEB,1999-025DTX,2026-09-20T00:04:23.365344,14.09144059,.00967333,98.6042,284.7556,38.4918,322.3101,0,U,36198,999,67547,.90447305E-3,.1599E-4,0
FENGYUN 1C DEB,1999-025DTY,2026-09-19T23:37:23.574432,14.30002574,.0090519,98.2766,275.4967,314.1044,45.2716,0,U,36199,999,68999,.13641E-3,.326E-5,0
FENGYUN 1C DEB,1999-025DTZ,2026-09-20T13:47:03.783840,14.69686034,.0030072,99.3831,21.7326,231.9192,127.9296,0,U,36200,999,77486,.23646E-2,.1414E-3,0
FENGYUN 1C DEB,1999-025DUC,2026-09-22T19:18:24.616512,14.83657760,.00751289,99.1217,253.2303,338.1875,21.6141,0,U,36203,999,67634,.72326034E-3,.6207E-4,0
FENGYUN 1C DEB,1999-025DUD,2026-09-23T13:33:26.108928,14.36167535,.00189362,99.3064,30.4673,59.1658,301.1385,0,U,36204,999,98514,.60954029E-3,.173E-4,0
FENGYUN 1C DEB,1999-025DUF,2026-09-12T18:25:52.758336,14.22230746,.00287379,98.4629,273.0513,301.2030,58.6333,0,U,36206,999,68315,.34824406E-3,.734E-5,0
FENGYUN 1C DEB,1999-025DUG,2026-09-21T20:58:47.877600,14.04224041,.01386328,98.5839,139.0239,246.6291,112.0244,0,U,36207,999,63937,.1030046E-2,.1739E-4,0
FENGYUN 1C DEB,1999-025DUL,2026-09-19T17:22:04.837440,14.26871715,.02658036,98.5236,253.5717,124.8028,237.8475,0,U,36211,999,98375,.19194809E-3,.629E-5,0
FENGYUN 1C DEB,1999-025DUR,2026-09-21T18:12:58.056192,14.19197165,.00433948,98.5944,281.5808,279.3810,80.2462,0,U,36216,999,68386,.17522939E-3,.327E-5,0
FENGYUN 1C DEB,1999-025DUT,2026-09-22T09:26:41.151840,14.73992904,.00693993,99.0484,144.1336,133.7184,226.9798,0,U,36218,999,63318,.39399228E-3,.2626E-4,0
FENGYUN 1C DEB,1999-025DUX,2026-09-21T00:40:28.933824,14.45280983,.00414374,98.4930,333.3538,304.4468,55.2810,0,U,36222,999,69205,.56251864E-3,.1949E-4,0
FENGYUN 1C DEB,1999-025DUZ,2026-09-20T23:22:36.751008,14.12880641,.01135672,98.7418,310.2319,268.8950,89.9209,0,U,36224,999,68417,.58730143E-4,.72E-6,0
FENGYUN 1C DEB,1999-025DVA,2026-09-22T17:40:44.374944,15.39288115,.00192811,98.8282,80.8593,49.7853,310.5071,0,U,36225,999,71091,.18501749E-2,.73086E-3,0
FENGYUN 1C DEB,1999-025DVB,2026-09-22T21:00:04.880736,14.11481637,.00933104,98.5925,301.3219,291.0381,68.0831,0,U,36226,999,67769,.70880637E-3,.1296E-4,0
FENGYUN 1C DEB,1999-025DVE,2026-09-23T00:20:29.878944,14.08597021,.0102936,100.9132,189.8139,96.2920,264.9979,0,U,36229,999,67256,.10725082E-2,.1876E-4,0
FENGYUN 1C DEB,1999-025DVF,2026-09-23T10:36:43.006752,13.76221779,.02139713,99.5148,346.3691,118.0139,244.2836,0,U,36230,999,65801,.83743874E-3,.922E-5,0
FENGYUN 1C DEB,1999-025DVG,2026-09-23T09:12:37.558656,14.12130004,.00597538,98.7241,238.1345,242.7204,116.7874,0,U,36231,999,89560,.62574368E-4,.73E-6,0
FENGYUN 1C DEB,1999-025DVH,2026-09-19T17:53:38.251104,14.12787080,.01173037,98.7334,244.4311,308.4413,50.6276,0,U,36232,999,65703,.17580391E-3,.304E-5,0
FENGYUN 1C DEB,1999-025DVK,2026-09-22T09:14:06.468576,13.45809454,.03173235,98.9654,311.0211,31.9936,330.0040,0,U,36234,999,91762,.17754524E-3,.106E-5,0
FENGYUN 1C DEB,1999-025DVM,2026-09-07T07:28:32.265984,13.82127720,.01493047,98.8211,278.9048,354.3375,5.6086,0,U,36236,999,63457,.17736728E-3,.167E-5,0
FENGYUN 1C DEB,1999-025DVP,2026-09-18T03:50:01.015872,14.12461914,.00206153,98.6832,229.4714,202.3314,157.6963,0,U,36238,999,90962,.39099308E-4,.3E-6,0
FENGYUN 1C DEB,1999-025DVV,2026-09-23T03:55:17.110272,14.26788235,.00498585,98.9403,27.2331,183.6956,176.3862,0,U,36244,999,96032,.93417838E-3,.2248E-4,0
FENGYUN 1C DEB,1999-025DVY,2026-09-14T23:10:33.111264,14.34317277,.01835226,98.2645,264.0543,288.4984,69.6336,0,U,36247,999,74221,.23342135E-3,.744E-5,0
FENGYUN 1C DEB,1999-025DWG,2026-09-21T01:54:18.078624,14.37701397,.006465,99.4515,217.0734,66.1545,355.2155,0,U,36255,999,68066,.40099208E-3,.1183E-4,0
FENGYUN 1C DEB,1999-025DWK,2026-09-22T23:53:44.146176,14.76207798,.01683318,99.0526,334.9141,319.4520,39.4245,0,U,36258,999,95014,.10832251E-3,.864E-5,0
FENGYUN 1C DEB,1999-025DWL,2026-09-19T05:32:53.079360,14.62606994,.0004382,98.7981,48.7276,160.4654,324.5569,0,U,36259,999,76236,.12255E-2,.6179E-4,0
FENGYUN 1C DEB,1999-025DWM,2026-09-23T05:37:47.960832,14.15543927,.0016483,98.6700,265.4555,152.2299,207.9758,0,U,36260,999,91833,.10028361E-3,.154E-5,0
FENGYUN 1C DEB,1999-025DWN,2026-09-23T12:48:56.533824,13.45684208,.03547789,101.3574,201.4203,134.5710,228.4964,0,U,36261,999,88263,.33086991E-3,.235E-5,0
FENGYUN 1C DEB,1999-025DWP,2026-09-18T23:02:13.765056,14.28118885,.0060066,98.9259,154.2291,181.8733,178.2231,0,U,36262,999,93496,.12659E-3,.275E-5,0
FENGYUN 1C DEB,1999-025DWQ,2026-09-23T12:53:48.183072,14.48708595,.00351009,98.9789,170.2814,129.0626,231.3698,0,U,36263,999,92105,.91973211E-3,.3444E-4,0
FENGYUN 1C DEB,1999-025DWU,2026-09-23T07:59:59.703360,14.10100529,.01269302,98.5747,205.1725,120.0034,31.3730,0,U,36267,999,90539,.56016047E-3,.1027E-4,0
FENGYUN 1C DEB,1999-025DWW,2026-09-23T08:20:09.083904,14.28049680,.02309587,99.1388,226.0640,178.7302,181.4514,0,U,36269,999,91777,.23087348E-3,.708E-5,0
FENGYUN 1C DEB,1999-025DWZ,2026-09-09T09:49:40.380096,14.17678247,.01667762,99.1036,141.0014,220.4981,138.3685,0,U,36272,999,67451,.17001882E-3,.349E-5,0
FENGYUN 1C DEB,1999-025DXA,2026-09-21T11:49:50.744352,14.16849706,.00954926,99.5682,160.7597,280.2018,78.8395,0,U,36273,999,70237,.13080809E-3,.222E-5,0
FENGYUN 1C DEB,1999-025DXB,2026-09-22T11:46:52.071744,14.26501000,.00607026,99.1344,356.2428,139.0849,284.0063,0,U,36274,999,67027,.14270443E-2,.346E-4,0
FENGYUN 1C DEB,1999-025DXF,2026-09-21T13:17:29.834592,14.17778812,.00599107,99.1292,195.5226,208.1769,151.6159,0,U,36278,999,97483,.18526495E-3,.337E-5,0
FENGYUN 1C DEB,1999-025DXG,2026-09-22T04:24:48.381120,14.14860606,.00612267,98.5952,237.2371,323.0593,36.6372,0,U,36279,999,93047,.8284547E-4,.12E-5,0
FENGYUN 1C DEB,1999-025DXH,2026-09-10T08:08:39.301728,14.10480605,.0062262,98.7454,280.1099,17.4565,355.8108,0,U,36280,999,90182,.46704E-3,.803E-5,0
FENGYUN 1C DEB,1999-025DXJ,2026-09-21T05:26:53.960352,13.61703889,.02874217,99.2531,176.7647,104.3001,259.0235,0,U,36281,999,88360,.20423347E-2,.2025E-4,0
FENGYUN 1C DEB,1999-025DXL,2026-09-22T08:10:13.768032,15.22575129,.00465903,99.4206,303.0453,198.1305,161.8265,0,U,36283,999,70960,.7645618E-3,.18224E-3,0
FENGYUN 1C DEB,1999-025DXN,2026-09-19T05:43:44.867136,13.59819462,.02865,98.4430,7.3282,163.1099,197.9829,0,U,36644,999,65379,.76413E-3,.711E-5,0
FENGYUN 1C DEB,1999-025DXP,2026-09-23T06:42:46.429056,13.59534203,.02904122,98.5140,20.4520,17.0170,344.0470,0,U,36645,999,61412,.10553146E-2,.996E-5,0
FENGYUN 1C DEB,1999-025DXR,2026-09-14T20:50:58.453440,13.90819101,.02362032,96.1240,309.7292,213.0206,145.6024,0,U,36647,999,34248,.15836329E-2,.246E-4,0
FENGYUN 1C DEB,1999-025DXW,2026-09-22T12:24:02.699424,14.24763902,.00501971,98.9342,357.2832,254.3009,105.2629,0,U,36652,999,68363,.94943033E-3,.2195E-4,0
FENGYUN 1C DEB,1999-025DYA,2026-09-16T10:02:28.292928,13.55058505,.03350445,97.4284,327.4204,138.8659,223.8268,0,U,36656,999,62605,.73894974E-3,.704E-5,0
FENGYUN 1C DEB,1999-025DYB,2026-09-20T00:37:34.100832,14.67335247,.01010629,99.4286,100.5633,292.5759,66.4773,0,U,36657,999,70379,.24618862E-3,.1429E-4,0
FENGYUN 1C DEB,1999-025DYD,2026-09-21T19:51:56.338560,13.87766959,.01355558,99.8465,288.6927,49.8351,311.4583,0,U,36659,999,64351,.3264082E-3,.368E-5,0
FENGYUN 1C DEB,1999-025DYE,2026-09-14T17:43:44.973408,14.15039641,.00467778,98.6332,253.9950,160.9926,199.3007,0,U,36660,999,67284,.37760869E-3,.697E-5,0
FENGYUN 1C DEB,1999-025DYJ,2026-09-23T07:54:59.604192,14.18070147,.01722401,98.5833,286.9750,359.6452,0.4575,0,U,36664,999,67784,.59140355E-4,.97E-6,0
FENGYUN 1C DEB,1999-025DYN,2026-09-19T06:26:12.708960,14.16002137,.0052385,98.6078,268.1284,140.1423,220.3617,0,U,36668,999,61387,.34558E-3,.649E-5,0
FENGYUN 1C DEB,1999-025DYV,2026-09-21T07:13:29.125056,14.47342947,.00255616,99.2301,288.7000,15.5298,344.6670,0,U,36675,999,71310,.90996618E-3,.3296E-4,0
FENGYUN 1C DEB,1999-025DYW,2026-09-20T12:29:53.219904,14.43953552,.0095274,98.7511,176.1956,10.3037,164.9832,0,U,36676,999,69131,.24242E-3,.824E-5,0
FENGYUN 1C DEB,1999-025DYY,2026-09-18T04:34:11.614944,14.38540307,.01490591,98.3230,239.6458,232.6683,126.0846,0,U,36678,999,69006,.12104843E-3,.373E-5,0
FENGYUN 1C DEB,1999-025DYZ,2026-09-23T05:34:15.733056,14.05072577,.00856709,98.8512,260.1856,18.1427,342.2766,0,U,36679,999,28543,.23813755E-3,.354E-5,0
FENGYUN 1C DEB,1999-025DZA,2026-09-15T10:41:23.289216,14.19201642,.01880703,98.5689,246.2617,169.1916,343.6224,0,U,36680,999,68221,.20947116E-3,.48E-5,0
FENGYUN 1C DEB,1999-025DZB,2026-09-20T05:01:39.134208,14.10806050,.0042174,98.7102,257.9491,270.2011,89.4328,0,U,36681,999,76726,.34906E-3,.587E-5,0
FENGYUN 1C DEB,1999-025DZC,2026-09-19T02:53:30.539904,13.70793531,.02308724,98.4621,138.1356,247.8814,109.7682,0,U,36682,999,65233,.66376551E-3,.675E-5,0
FENGYUN 1C DEB,1999-025DZG,2026-09-23T09:21:05.795424,14.80646766,.00967935,98.9759,136.3396,238.6224,120.5488,0,U,36686,999,70060,.40876135E-3,.333E-4,0
FENGYUN 1C DEB,1999-025DZH,2026-09-21T00:24:59.716512,14.04701927,.00911776,98.6983,343.9599,192.0110,167.8884,0,U,36687,999,66685,.27394691E-3,.413E-5,0
FENGYUN 1C DEB,1999-025DZM,2026-09-09T17:19:12.941184,14.09005351,.01249399,98.6449,246.4800,187.1912,172.7471,0,U,36691,999,63423,.10862004E-2,.198E-4,0
FENGYUN 1C DEB,1999-025DZN,2026-09-11T00:45:07.940160,13.93787485,.01148922,99.9935,186.9280,12.8712,347.5336,0,U,36692,999,63598,.42051046E-3,.534E-5,0
FENGYUN 1C DEB,1999-025DZQ,2026-09-15T08:52:33.385440,14.21213601,.01016988,99.0454,312.9390,252.3760,106.6289,0,U,36694,999,67577,.4206508E-3,.917E-5,0
FENGYUN 1C DEB,1999-025DZR,2026-09-22T04:36:11.504448,14.44455258,.02540718,98.2537,242.9767,349.0162,10.5543,0,U,36695,999,93659,.222258E-3,.1082E-4,0
FENGYUN 1C DEB,1999-025DZS,2026-09-23T08:04:26.201568,14.42101979,.0022973,98.9819,294.7087,201.6630,158.3588,0,U,36696,999,68494,.82278259E-3,.2665E-4,0
FENGYUN 1C DEB,1999-025DZV,2026-09-21T04:51:46.799136,14.24610239,.00942259,98.5769,256.8235,27.9423,332.6771,0,U,36699,999,77348,.15188858E-3,.327E-5,0
FENGYUN 1C DEB,1999-025DZX,2026-09-22T10:09:11.510496,13.72580916,.02554468,102.7531,317.3412,326.8408,31.6937,0,U,36701,999,65029,.10855105E-2,.1185E-4,0
FENGYUN 1C DEB,1999-025DZZ,2026-09-21T03:36:49.815648,14.23979514,.00980624,97.8178,45.1620,188.7368,171.2110,0,U,36703,999,62287,.15179521E-2,.3626E-4,0
FENGYUN 1C DEB,1999-025EAD,2026-09-22T08:27:32.809248,14.18076266,.00485605,98.7256,311.8612,29.7386,330.6534,0,U,36707,999,68098,.39216872E-3,.77E-5,0
FENGYUN 1C DEB,1999-025EAG,2026-09-18T22:17:29.063040,14.52311523,.0064654,98.3546,322.6389,45.9943,314.6556,0,U,36710,999,69017,.61074E-3,.2505E-4,0
FENGYUN 1C DEB,1999-025EAH,2026-09-22T11:42:31.518720,14.46658574,.00945203,100.7906,5.7598,135.8227,225.0554,0,U,36711,999,68408,.15006404E-2,.5664E-4,0
FENGYUN 1C DEB,1999-025EAN,2026-09-22T14:08:22.636032,13.88570890,.01482154,99.2280,186.7846,184.5356,175.4468,0,U,36716,999,66870,.11559625E-3,.108E-5,0
FENGYUN 1C DEB,1999-025EAR,2026-09-01T05:06:23.777280,14.36274622,.0081708,98.5511,28.8244,50.9107,309.9309,0,U,36719,999,68117,.57639509E-3,.1705E-4,0
FENGYUN 1C DEB,1999-025EAW,2026-09-12T22:32:16.251936,14.27215012,.0102181,99.4549,314.5724,138.5372,35.1930,0,U,36724,999,61381,.82984E-3,.2094E-4,0
FENGYUN 1C DEB,1999-025EBB,2026-09-18T18:15:05.673312,14.10553928,.00459022,98.7376,240.2912,180.8357,179.2745,0,U,36729,999,91199,.11034867E-3,.156E-5,0
FENGYUN 1C DEB,1999-025EBF,2026-09-20T22:42:34.053408,14.10410432,.01259801,99.3275,264.9206,62.4369,298.9532,0,U,36733,999,69314,.11497356E-2,.2154E-4,0
FENGYUN 1C DEB,1999-025EBG,2026-09-22T09:13:34.991328,14.27652021,.00356802,99.0393,326.8106,124.7086,235.7463,0,U,36734,999,86779,.71423041E-3,.1725E-4,0
FENGYUN 1C DEB,1999-025EBJ,2026-09-22T10:43:28.088832,14.27204787,.00581777,98.7919,345.2445,37.2618,323.2577,0,U,36736,999,92660,.65873474E-3,.1593E-4,0
FENGYUN 1C DEB,1999-025EBR,2026-09-09T22:17:02.877792,14.30587232,.0045383,98.6348,304.2794,296.2558,63.3964,0,U,36743,999,64613,.62577E-3,.1607E-4,0
FENGYUN 1C DEB,1999-025EBS,2026-09-12T16:22:34.830048,14.16367449,.00858483,99.1334,333.5018,189.0604,170.9024,0,U,36986,999,85620,.10716257E-2,.216E-4,0
FENGYUN 1C DEB,1999-025EBT,2026-09-23T11:43:06.021696,13.46228293,.03193305,100.7969,174.6089,91.2073,272.5654,0,U,36987,999,64708,.89932325E-3,.686E-5,0
FENGYUN 1C DEB,1999-025EBW,2026-09-22T20:22:13.337472,13.57223368,.028901,96.5693,126.0979,325.5388,32.7312,0,U,36990,999,86741,.37195231E-3,.323E-5,0
FENGYUN 1C DEB,1999-025ECA,2026-09-21T07:38:39.816096,13.90877197,.01143217,98.6776,212.6228,235.8640,123.1635,0,U,36994,999,84835,.31799932E-4,.1E-7,0
FENGYUN 1C DEB,1999-025ECB,2026-09-03T20:11:54.261600,14.04922005,.00382056,98.3059,108.8280,277.2248,82.4579,0,U,36995,999,67279,.13440864E-3,.178E-5,0
FENGYUN 1C DEB,1999-025ECC,2026-09-23T14:39:56.255328,14.12926098,.02511553,98.2564,41.4000,246.5946,174.6004,0,U,36996,999,63713,.59800281E-3,.1459E-4,0
FENGYUN 1C DEB,1999-025ECK,2026-09-22T07:36:29.454912,13.96666875,.00972264,98.8288,282.7330,99.7948,273.0057,0,U,37003,999,64615,.26495005E-3,.341E-5,0
FENGYUN 1C DEB,1999-025ECQ,2026-09-20T01:43:09.960384,14.08651081,.00588864,99.1601,30.7249,191.1830,168.8034,0,U,37008,999,64274,.60646359E-3,.1014E-4,0
FENGYUN 1C DEB,1999-025ECU,2026-09-19T09:49:39.440928,13.99999090,.01885376,98.5359,107.5109,273.3564,84.6052,0,U,37012,999,62884,.94357143E-3,.1577E-4,0
FENGYUN 1C DEB,1999-025ECZ,2026-09-23T03:28:48.432000,14.43618469,.02708692,98.8183,225.1912,236.2414,121.2703,0,U,37017,999,65261,.32525259E-3,.166E-4,0
FENGYUN 1C DEB,1999-025EDA,2026-09-22T19:49:21.509760,14.48493460,.01848288,98.4978,125.0954,140.4770,221.0071,0,U,37018,999,67632,.203426E-2,.9439E-4,0
FENGYUN 1C DEB,1999-025EDB,2026-09-11T11:39:03.460608,14.36380023,.01662867,98.5710,342.0546,236.5506,121.9688,0,U,37019,999,68674,.50147675E-3,.1669E-4,0
FENGYUN 1C DEB,1999-025EDD,2026-09-22T19:18:32.325120,14.33442270,.01752626,98.3755,278.3961,127.3185,47.2819,0,U,37021,999,74122,.35391537E-3,.1115E-4,0
FENGYUN 1C DEB,1999-025EDL,2026-09-22T14:23:46.726368,14.24719775,.00354688,99.2409,192.7822,12.9475,347.2605,0,U,37028,999,64515,.92101939E-3,.211E-4,0
FENGYUN 1C DEB,1999-025EDU,2026-09-23T05:36:26.715456,14.03854183,.01228719,98.7363,252.6143,337.9324,21.6580,0,U,37036,999,67739,.21536603E-3,.32E-5,0
FENGYUN 1C DEB,1999-025EEA,2026-09-22T05:17:41.163648,14.85235223,.00446846,98.6088,50.2960,207.5771,152.3071,0,U,37042,999,76993,.15266325E-2,.13288E-3,0
FENGYUN 1C DEB,1999-025EEC,2026-09-21T00:17:31.324704,13.73653236,.04989994,98.9631,358.1677,132.2275,232.2353,0,U,37044,999,87730,.13646091E-2,.3117E-4,0
FENGYUN 1C DEB,1999-025EEE,2026-09-22T06:21:27.498240,14.25674414,.00487966,98.5365,277.0347,198.0810,161.8636,0,U,37046,999,68220,.37401542E-3,.855E-5,0
FENGYUN 1C DEB,1999-025EEF,2026-09-21T08:40:58.292256,13.84818667,.02330393,99.1237,314.4833,175.8275,184.4897,0,U,37047,999,65993,.14635427E-2,.1995E-4,0
FENGYUN 1C DEB,1999-025EEG,2026-09-20T08:35:42.340416,13.65324371,.0253367,98.8582,106.0159,131.7407,43.9524,0,U,37048,999,66012,.21743E-3,.183E-5,0
FENGYUN 1C DEB,1999-025EEH,2026-09-21T19:57:57.205440,14.44435708,.00337998,99.2526,284.5254,78.7099,281.7885,0,U,37049,999,67821,.77831343E-3,.2652E-4,0
FENGYUN 1C DEB,1999-025EEM,2026-09-22T04:39:05.054400,14.56942127,.00398953,99.1610,43.1097,39.4816,83.3640,0,U,37053,999,69161,.65522888E-3,.2918E-4,0
FENGYUN 1C DEB,1999-025EEN,2026-09-18T18:30:39.612384,14.19781227,.01003957,98.5796,240.1857,16.4091,344.0297,0,U,37054,999,68402,.19317279E-3,.388E-5,0
FENGYUN 1C DEB,1999-025EEQ,2026-09-23T02:12:38.812032,14.51479581,.02651006,98.9524,312.4430,9.9734,350.6576,0,U,37056,999,69535,.1798494E-3,.1067E-4,0
FENGYUN 1C DEB,1999-025EER,2026-09-22T19:29:22.865280,13.96460855,.02845809,98.9144,277.2207,76.3261,286.9414,0,U,37057,999,67562,.24417608E-3,.433E-5,0
FENGYUN 1C DEB,1999-025EEU,2026-09-20T23:52:59.453184,14.00929026,.00787873,99.0527,324.5093,289.0302,70.2340,0,U,37060,999,66658,.1055795E-3,.117E-5,0
FENGYUN 1C DEB,1999-025EEV,2026-09-12T06:03:55.866816,13.15572440,.07981655,98.0561,262.2991,46.6411,319.8455,0,U,37061,999,11749,.8929665E-3,.1772E-4,0
FENGYUN 1C DEB,1999-025EEY,2026-08-26T05:54:54.522432,14.19240305,.0102705,98.9052,36.0967,90.5440,270.7505,0,U,37064,999,85170,.21891E-2,.4796E-4,0
FENGYUN 1C DEB,1999-025EEZ,2026-09-16T11:52:23.167776,13.60256913,.02988376,103.2824,177.2539,0.0928,0.0208,0,U,37065,999,25977,.21004252E-2,.2042E-4,0
FENGYUN 1C DEB,1999-025EFB,2026-09-20T03:43:51.305952,14.03878231,.01405755,99.5042,222.4945,59.4765,302.0191,0,U,37067,999,61353,.36019384E-2,.6161E-4,0
FENGYUN 1C DEB,1999-025EFD,2026-09-21T10:07:36.145632,13.39083219,.04186602,95.8437,120.8429,214.2269,143.1230,0,U,37069,999,91490,.10250086E-2,.898E-5,0
FENGYUN 1C DEB,1999-025EFM,2026-09-22T05:04:51.392352,14.41811885,.00948387,99.0209,1.2398,209.5997,149.9803,0,U,37077,999,89039,.21565997E-3,.691E-5,0
FENGYUN 1C DEB,1999-025EFP,2026-09-17T16:59:43.118016,14.68860295,.00096818,98.8684,62.1130,1.0315,359.0906,0,U,37079,999,68700,.18248559E-2,.10629E-3,0
FENGYUN 1C DEB,1999-025EFR,2026-09-19T04:10:21.961920,14.22596305,.02470054,98.6797,54.3031,261.2643,96.0489,0,U,37081,999,62551,.30195612E-2,.9186E-4,0
FENGYUN 1C DEB,1999-025EFS,2026-09-22T18:29:21.869664,13.63955460,.0401345,98.8411,83.1392,112.3766,252.0415,0,U,37400,999,84065,.2671261E-3,.332E-5,0
FENGYUN 1C DEB,1999-025EFW,2026-09-22T23:13:56.159040,14.32542092,.00446892,98.4595,266.7062,43.0778,346.4458,0,U,37404,999,86809,.28885794E-3,.749E-5,0
FENGYUN 1C DEB,1999-025EFY,2026-09-22T20:16:52.080672,14.05026057,.01474382,98.4178,123.0509,181.0300,243.4833,0,U,37406,999,67221,.51929663E-3,.883E-5,0
FENGYUN 1C DEB,1999-025EGH,2026-09-22T11:11:15.591552,13.52247483,.0284845,98.9839,351.8983,177.9526,182.2851,0,U,37415,999,66156,.28233355E-3,.202E-5,0
FENGYUN 1C DEB,1999-025EGK,2026-09-23T05:28:53.880096,14.07656891,.00786807,98.8176,256.9255,179.2001,180.9308,0,U,37417,999,72352,.63643767E-4,.68E-6,0
FENGYUN 1C DEB,1999-025EGL,2026-09-20T04:38:13.716384,11.95468113,.1072129,98.6016,66.4021,123.0705,247.7950,0,U,37418,999,52847,.17098E-2,.688E-5,0
FENGYUN 1C DEB,1999-025EGN,2026-09-01T05:20:22.017984,13.99980753,.00719712,98.8792,231.2662,264.0665,95.2293,0,U,37420,999,63437,.85057613E-4,.84E-6,0
FENGYUN 1C DEB,1999-025EGP,2026-09-21T05:51:42.470784,13.40760214,.04080842,98.9084,190.8310,95.7790,269.0006,0,U,37421,999,64731,.29462761E-3,.231E-5,0
FENGYUN 1C DEB,1999-025EGQ,2026-09-21T04:30:06.565536,14.49082734,.00253992,98.8614,37.5276,261.0014,98.8303,0,U,37422,999,66917,.11425545E-2,.431E-4,0
FENGYUN 1C DEB,1999-025EGR,2026-09-23T09:18:30.583872,14.08160314,.0049016,98.7615,313.5843,78.8734,281.7942,0,U,37423,999,67615,.33923686E-3,.543E-5,0
FENGYUN 1C DEB,1999-025EGS,2026-09-23T11:03:43.751520,14.19064550,.02136756,97.2079,347.0210,150.1941,211.1613,0,U,37424,999,72610,.52594946E-3,.1348E-4,0
FENGYUN 1C DEB,1999-025EGV,2026-09-09T17:38:05.971776,15.02011798,.01696272,98.6400,69.5176,126.0229,235.6849,0,U,37427,999,64386,.26892291E-3,.4729E-4,0
FENGYUN 1C DEB,1999-025EGW,2026-09-07T19:27:57.798432,14.37341384,.0054673,97.7019,90.3966,3.6369,356.5207,0,U,37428,999,67298,.12057689E-2,.3625E-4,0
FENGYUN 1C DEB,1999-025EGX,2026-09-10T04:19:53.172192,14.10016285,.01025747,98.6619,238.0093,308.8038,50.4007,0,U,37429,999,66911,.30967102E-3,.531E-5,0
FENGYUN 1C DEB,1999-025EGY,2026-08-31T16:17:55.819392,14.30924255,.00173957,98.7514,324.3541,28.0460,332.1656,0,U,37430,999,65445,.93728918E-3,.2422E-4,0
FENGYUN 1C DEB,1999-025EHA,2026-09-22T18:10:58.685088,14.55268378,.01795141,98.1765,277.9502,128.4919,233.2534,0,U,37432,999,12505,.29687368E-3,.1545E-4,0
FENGYUN 1C DEB,1999-025EHB,2026-09-17T05:46:59.372544,14.09562841,.02068119,98.0901,77.4206,131.1496,230.7728,0,U,37433,999,27655,.21126706E-2,.4474E-4,0
FENGYUN 1C DEB,1999-025EHD,2026-09-19T08:31:11.212896,14.23448727,.0038827,98.6262,298.2517,278.8480,80.8303,0,U,37435,999,92930,.5229362E-3,.1154E-4,0
FENGYUN 1C DEB,1999-025EHE,2026-09-08T09:07:49.120896,14.06754112,.00595199,98.9077,307.0071,113.4938,247.2500,0,U,37436,999,67789,.40662482E-3,.643E-5,0
FENGYUN 1C DEB,1999-025EHF,2026-09-21T18:19:56.932896,14.19399140,.01106929,98.6066,253.2719,311.9631,224.5237,0,U,37437,999,68005,.26713924E-3,.553E-5,0
FENGYUN 1C DEB,1999-025EHG,2026-09-13T08:14:22.967232,14.16101687,.00296902,98.7143,294.6608,155.1817,205.0793,0,U,37438,999,64021,.37516368E-3,.701E-5,0
FENGYUN 1C DEB,1999-025EHH,2026-09-18T12:26:39.157728,14.19466710,.00530934,99.0275,354.6627,21.9117,45.6313,0,U,37439,999,65229,.72465749E-3,.1501E-4,0
FENGYUN 1C DEB,1999-025EHK,2026-09-21T17:16:40.050336,13.14726433,.05078775,99.1467,79.0226,99.6120,266.2736,0,U,37441,999,85890,.73835492E-3,.497E-5,0
FENGYUN 1C DEB,1999-025EHN,2026-09-23T13:17:06.603360,14.50110963,.02380897,99.0804,13.8854,216.5933,141.8792,0,U,37444,999,69276,.50754327E-3,.2772E-4,0
FENGYUN 1C DEB,1999-025EHP,2026-09-23T01:46:12.466560,14.28100687,.01677271,99.2505,0.9487,195.8216,163.7686,0,U,37445,999,68497,.3476223E-3,.952E-5,0
FENGYUN 1C DEB,1999-025EHR,2026-09-23T09:24:53.629632,14.18911871,.00405616,98.7597,328.0765,133.5333,226.9224,0,U,37447,999,67496,.39569734E-3,.788E-5,0
FENGYUN 1C DEB,1999-025EHS,2026-09-21T23:38:10.151808,13.88329674,.03017344,99.3005,334.1654,17.9789,343.1770,0,U,37448,999,66304,.5276667E-3,.864E-5,0
FENGYUN 1C DEB,1999-025EHX,2026-09-22T22:08:33.224928,13.68889289,.03557684,97.6307,148.9357,187.3241,172.2632,0,U,37453,999,93511,.95172483E-3,.1248E-4,0
FENGYUN 1C DEB,1999-025EJB,2026-09-09T11:20:37.861152,14.24553294,.00599719,99.0899,334.8355,21.2653,339.0997,0,U,37457,999,63923,.10230603E-2,.2372E-4,0
FENGYUN 1C DEB,1999-025EJE,2026-09-23T10:35:19.499424,14.51604473,.00528164,98.3913,85.9886,139.8640,220.6475,0,U,37460,999,86615,.1046038E-2,.4222E-4,0
FENGYUN 1C DEB,1999-025EJF,2026-09-23T09:57:56.135520,12.79839941,.06623518,99.8605,125.8343,61.8362,304.8027,0,U,37461,999,55675,.22042341E-2,.1235E-4,0
FENGYUN 1C DEB,1999-025EJJ,2026-09-15T18:00:06.524064,13.48687511,.04486278,102.7150,263.2541,229.7537,126.3530,0,U,37464,999,64654,.13340871E-2,.1481E-4,0
FENGYUN 1C DEB,1999-025EJU,2026-09-23T12:53:56.075712,14.80069192,.01208899,99.1324,155.2272,326.8588,32.5087,0,U,37474,999,66582,.69345617E-3,.5879E-4,0
FENGYUN 1C DEB,1999-025EJW,2026-09-21T01:04:14.583936,11.91565231,.10765783,98.9480,204.5044,36.8004,330.2258,0,U,37476,999,70805,.13313013E-2,.494E-5,0
FENGYUN 1C DEB,1999-025EJX,2026-09-19T19:00:54.275904,14.20419070,.00380234,98.6097,264.8412,16.0077,344.2292,0,U,37477,999,85903,.48556605E-3,.1006E-4,0
FENGYUN 1C DEB,1999-025EJY,2026-09-21T02:29:40.905888,13.03882029,.05493228,99.6576,222.8310,28.6113,334.4008,0,U,37478,999,60240,.36099711E-2,.2328E-4,0
FENGYUN 1C DEB,1999-025EKG,2026-09-13T07:24:13.078944,14.14838611,.00815208,98.1302,284.2300,340.9264,78.8754,0,U,37588,999,62134,.82651195E-3,.1608E-4,0
FENGYUN 1C DEB,1999-025EKH,2026-08-30T23:07:20.167968,14.10479981,.01125544,99.0681,152.5604,252.6063,106.2774,0,U,37589,999,86264,.15193837E-2,.2823E-4,0
FENGYUN 1C DEB,1999-025EKK,2026-09-22T01:56:22.154208,14.63033771,.00581817,98.4040,219.6981,196.5827,224.8435,0,U,37591,999,70595,.15634661E-2,.8173E-4,0
FENGYUN 1C DEB,1999-025EKM,2026-09-20T12:13:07.228416,14.38373591,.0147598,98.9956,159.2397,8.6743,116.0457,0,U,37593,999,90169,.61991E-3,.2091E-4,0
FENGYUN 1C DEB,1999-025EKN,2026-09-21T18:53:46.914720,14.11350111,.00857136,98.7080,291.0478,185.4286,174.5964,0,U,37594,999,81754,.1640378E-3,.265E-5,0
FENGYUN 1C DEB,1999-025EKP,2026-09-20T11:58:35.353056,14.87068722,.0015729,99.0390,153.0013,196.3869,291.1393,0,U,37595,999,66772,.21489E-2,.193E-3,0
FENGYUN 1C DEB,1999-025EKU,2026-09-22T16:16:53.763456,13.85722504,.03472296,98.9262,54.2057,1.4564,358.7523,0,U,37600,999,92416,.11293104E-2,.2031E-4,0
FENGYUN 1C DEB,1999-025EKX,2026-09-17T22:08:35.206080,13.72941843,.0226284,98.5840,243.4313,333.8255,25.1598,0,U,37682,999,66263,.1209E-2,.1301E-4,0
FENGYUN 1C DEB,1999-025EKY,2026-09-15T08:56:13.398720,13.32951822,.0580539,97.9829,123.6883,139.5062,33.5130,0,U,37683,999,32924,.90807995E-3,.1127E-4,0
FENGYUN 1C DEB,1999-025ELB,2026-09-05T18:28:16.472640,13.35566562,.03964772,99.0211,241.7246,99.5258,72.3688,0,U,37686,999,64191,.30754678E-3,.211E-5,0
FENGYUN 1C DEB,1999-025ELC,2026-09-19T06:05:54.253824,13.88041446,.0325008,98.1947,268.3261,303.2750,114.5001,0,U,37687,999,87142,.18532E-2,.3324E-4,0
FENGYUN 1C DEB,1999-025ELE,2026-09-20T02:46:02.747712,14.52920910,.002106,98.9075,325.6997,116.7669,243.5683,0,U,37689,999,61893,.11477907E-2,.4693E-4,0
FENGYUN 1C DEB,1999-025ELF,2026-09-23T08:39:08.056224,14.18005063,.00402427,98.7352,308.1750,198.2233,225.2725,0,U,37690,999,67798,.50181399E-3,.992E-5,0
FENGYUN 1C DEB,1999-025ELG,2026-09-16T00:39:48.019968,14.67124125,.02500879,98.3552,171.8808,4.7047,355.6423,0,U,37691,999,89688,.23053522E-2,.20777E-3,0
FENGYUN 1C DEB,1999-025ELJ,2026-09-21T05:14:28.254912,14.09008357,.00717484,98.7057,259.1784,358.1046,61.4754,0,U,37693,999,66126,.46558566E-3,.783E-5,0
FENGYUN 1C DEB,1999-025ELK,2026-09-23T08:56:18.470400,14.18546403,.01433539,98.1835,317.0089,343.9870,70.9413,0,U,37694,999,55737,.82115225E-3,.1842E-4,0
FENGYUN 1C DEB,1999-025ELL,2026-09-19T06:00:44.044128,13.65800966,.0458968,98.1874,268.2850,229.3257,140.4111,0,U,37695,999,93080,.50145E-3,.812E-5,0
FENGYUN 1C DEB,1999-025ELS,2026-09-11T02:37:23.328192,14.01548162,.02479929,97.6462,6.2448,143.3018,343.5032,0,U,37701,999,79875,.21716072E-2,.4268E-4,0
FENGYUN 1C DEB,1999-025ELV,2026-09-19T22:25:42.347424,13.71162997,.0240428,98.3389,63.9828,143.4426,7.8799,0,U,37704,999,66217,.92565E-3,.983E-5,0
FENGYUN 1C DEB,1999-025ELY,2026-09-22T10:58:41.284128,14.57772248,.01396769,100.1977,338.1527,278.3233,152.5904,0,U,37707,999,89698,.19800652E-3,.956E-5,0
FENGYUN 1C DEB,1999-025EMD,2026-09-22T16:13:57.249984,14.37138277,.00779448,98.8558,57.1987,234.7368,137.3524,0,U,37712,999,68038,.25287189E-3,.73E-5,0
FENGYUN 1C DEB,1999-025EMF,2026-09-18T13:41:38.378112,14.34809469,.0045689,98.9052,26.1308,342.5168,17.4441,0,U,37714,999,61519,.91301E-3,.2575E-4,0
FENGYUN 1C DEB,1999-025EMG,2026-09-22T21:25:38.182656,13.95780275,.01146127,98.9573,270.7352,51.9396,63.7907,0,U,37715,999,61767,.42885628E-3,.576E-5,0
FENGYUN 1C DEB,1999-025EMH,2026-09-12T10:44:14.407872,14.30542755,.00344207,98.6636,320.7036,128.2236,248.7885,0,U,37716,999,64482,.71085319E-3,.1822E-4,0
FENGYUN 1C DEB,1999-025EMJ,2026-09-22T19:54:05.255136,15.14488237,.00342879,98.7485,263.7634,246.9796,234.5278,0,U,37717,999,93670,.14580722E-2,.27228E-3,0
FENGYUN 1C DEB,1999-025EML,2026-08-26T23:56:18.370176,14.58494516,.00432352,99.4782,305.6856,211.2087,273.7744,0,U,37719,999,3986,.51890192E-3,.238E-4,0
FENGYUN 1C DEB,1999-025EMY,2026-09-19T08:19:51.412512,13.82504193,.02044829,98.7890,101.9743,298.6700,59.4032,0,U,37899,999,59547,.13496719E-2,.1674E-4,0
FENGYUN 1C DEB,1999-025EMZ,2026-09-16T05:02:32.039520,14.05088495,.02078749,102.3086,77.9198,272.1279,85.6086,0,U,37900,999,63709,.13269931E-2,.2525E-4,0
FENGYUN 1C DEB,1999-025ENB,2026-09-16T11:31:53.539392,13.53570920,.03190365,98.6726,91.0283,310.1151,47.2426,0,U,37902,999,66733,.15542494E-2,.1406E-4,0
FENGYUN 1C DEB,1999-025ENF,2026-09-23T10:15:16.900416,13.81087183,.01621973,99.5703,316.4760,0.4114,12.5053,0,U,37906,999,63385,.22949186E-3,.222E-5,0
FENGYUN 1C DEB,1999-025ENG,2026-09-23T03:20:13.953696,14.26087198,.00582458,99.0884,33.9967,89.7056,271.0797,0,U,37907,999,87323,.11095038E-2,.2654E-4,0
FENGYUN 1C DEB,1999-025ENH,2026-09-23T09:19:36.348960,14.37313704,.00739785,99.1198,320.6847,46.4764,314.2536,0,U,37908,999,68149,.24756684E-3,.713E-5,0
FENGYUN 1C DEB,1999-025ENL,2026-09-19T01:20:47.299200,13.98595706,.01376401,99.2883,349.8327,63.6673,297.8551,0,U,37911,999,80626,.81532332E-3,.1223E-4,0
FENGYUN 1C DEB,1999-025ENM,2026-09-22T21:55:11.103744,14.13460774,.00901227,99.2391,248.2356,346.0002,13.8672,0,U,37912,999,81300,.12313193E-2,.236E-4,0
FENGYUN 1C DEB,1999-025ENP,2026-09-15T19:08:06.549792,14.17099515,.00662122,99.2199,266.4217,293.0949,66.3254,0,U,37914,999,66111,.61445523E-3,.1216E-4,0
FENGYUN 1C DEB,1999-025ENS,2026-09-22T01:28:17.898528,14.14901459,.00452367,98.9320,8.0593,326.0174,33.8104,0,U,37917,999,67829,.51833865E-3,.966E-5,0
FENGYUN 1C DEB,1999-025ENT,2026-09-21T15:18:01.731456,14.35288787,.00547663,99.0594,232.3933,175.0953,185.0779,0,U,37918,999,7599,.25650661E-3,.699E-5,0
FENGYUN 1C DEB,1999-025ENU,2026-09-22T14:12:20.301696,14.27325474,.00474292,99.0843,218.9988,277.9268,81.6530,0,U,37919,999,68957,.23485856E-3,.534E-5,0
FENGYUN 1C DEB,1999-025ENV,2026-09-19T04:12:35.758368,14.27225861,.00552812,98.8276,343.8545,129.8276,261.0785,0,U,37920,999,68138,.91496424E-3,.2228E-4,0
FENGYUN 1C DEB,1999-025ENW,2026-09-21T21:52:23.663136,13.95297532,.00839713,98.9879,304.3204,43.0353,317.7336,0,U,37921,999,67096,.16934669E-3,.193E-5,0
FENGYUN 1C DEB,1999-025EPA,2026-09-21T11:30:11.164032,14.86169361,.00492128,99.0592,176.9360,168.1442,192.0941,0,U,37925,999,69875,.56680292E-3,.5014E-4,0
FENGYUN 1C DEB,1999-025EPB,2026-09-23T03:32:56.677344,14.25798108,.00535141,98.7035,332.2933,117.0238,273.3395,0,U,37926,999,78321,.70332581E-3,.1654E-4,0
FENGYUN 1C DEB,1999-025EPC,2026-09-22T07:48:19.138464,14.86535560,.00052854,98.8179,81.4384,92.7176,267.4642,0,U,37927,999,69311,.16616229E-2,.14678E-3,0
FENGYUN 1C DEB,1999-025EPD,2026-09-22T03:35:07.353024,14.37993661,.00702556,98.8811,154.6989,277.9827,81.3391,0,U,37928,999,85264,.28640781E-3,.843E-5,0
FENGYUN 1C DEB,1999-025EPL,2026-09-12T03:47:54.028608,14.02084822,.02537135,97.6988,36.0306,169.9089,190.7314,0,U,38115,999,27848,.259916E-2,.5235E-4,0
FENGYUN 1C DEB,1999-025EPM,2026-09-22T08:05:52.179072,14.17492015,.00715143,98.6849,303.0038,54.4144,6.2755,0,U,38116,999,68502,.15302586E-3,.276E-5,0
FENGYUN 1C DEB,1999-025EPQ,2026-09-22T09:07:23.006496,14.19805719,.02217441,98.5868,334.5168,133.0979,228.8990,0,U,38119,999,58028,.22146182E-2,.5965E-4,0
FENGYUN 1C DEB,1999-025EPS,2026-09-21T06:04:51.947328,14.22903855,.02036512,99.1467,71.0035,40.4708,321.1416,0,U,38121,999,87936,.3037234E-3,.794E-5,0
FENGYUN 1C DEB,1999-025EPT,2026-09-12T11:09:03.411648,14.43799987,.02251507,98.3228,256.8327,48.2119,313.8069,0,U,38122,999,71687,.381483E-3,.1717E-4,0
FENGYUN 1C DEB,1999-025EPV,2026-09-16T22:29:31.370496,13.41051704,.03554582,97.8123,155.1074,305.7706,51.0860,0,U,38124,999,58310,.15269076E-3,.9E-6,0
FENGYUN 1C DEB,1999-025EPW,2026-09-14T10:13:51.181248,13.31311504,.0408268,100.2188,326.8633,18.8735,342.7035,0,U,38125,999,85502,.52363295E-3,.352E-5,0
FENGYUN 1C DEB,1999-025EQB,2026-09-17T01:08:51.216000,13.78196854,.02060501,98.5879,290.6668,195.1839,164.3070,0,U,38130,999,73115,.10984693E-2,.1257E-4,0
FENGYUN 1C DEB,1999-025EQG,2026-09-23T10:17:49.757568,14.25950411,.02195376,98.6245,324.3730,321.1923,37.3663,0,U,38135,999,65097,.17653648E-3,.491E-5,0
FENGYUN 1C DEB,1999-025EQH,2026-09-12T08:33:24.934176,13.96688321,.0140501,98.5608,94.3947,55.6606,305.7761,0,U,38136,999,12602,.10018813E-2,.1471E-4,0
FENGYUN 1C DEB,1999-025EQJ,2026-09-22T08:53:42.540000,14.06391533,.00453652,98.8312,306.6695,354.5004,5.5660,0,U,38137,999,67695,.59940925E-4,.57E-6,0
FENGYUN 1C DEB,1999-025EQK,2026-09-19T02:40:50.220768,14.38903731,.00367157,98.8022,9.2440,219.7800,140.0694,0,U,38138,999,67832,.10453822E-2,.32E-4,0
FENGYUN 1C DEB,1999-025EQQ,2026-09-13T09:15:23.095008,14.05369407,.00555543,98.9971,315.5014,176.6372,183.5180,0,U,38143,999,64140,.56474074E-3,.884E-5,0
FENGYUN 1C DEB,1999-025EQR,2026-08-26T06:06:15.196320,13.59614696,.0287987,98.9863,46.6094,247.9915,109.0403,0,U,38144,999,64522,.10841E-2,.1015E-4,0
FENGYUN 1C DEB,1999-025EQT,2026-09-19T03:28:06.635136,14.62034305,.0193194,99.4908,28.1904,339.8797,196.1474,0,U,38146,999,35973,.29108307E-3,.1831E-4,0
FENGYUN 1C DEB,1999-025EQU,2026-09-18T20:09:16.989408,14.24106385,.0049622,98.5509,273.4725,202.5374,157.3626,0,U,38147,999,64373,.30601E-3,.67E-5,0
FENGYUN 1C DEB,1999-025EQV,2026-09-23T03:40:19.851456,13.97465908,.0153849,99.0613,21.9576,63.6807,298.0066,0,U,38148,999,63607,.77908708E-3,.1168E-4,0
FENGYUN 1C DEB,1999-025EQW,2026-09-22T17:14:55.533120,14.26209573,.00785071,98.3807,250.3261,48.0936,312.6906,0,U,38149,999,74535,.13967873E-3,.305E-5,0
FENGYUN 1C DEB,1999-025ERC,2026-09-20T12:02:45.000672,14.27980476,.0098786,98.4351,162.9796,21.2891,339.2357,0,U,38155,999,67793,.16325E-2,.4225E-4,0
FENGYUN 1C DEB,1999-025ERE,2026-09-23T01:42:31.053600,14.23056999,.02708871,99.6592,205.4783,35.0023,326.8630,0,U,38157,999,80290,.55432176E-3,.1764E-4,0
FENGYUN 1C DEB,1999-025ERF,2026-09-22T21:21:23.273280,13.72303942,.02142376,99.2647,288.6059,64.6400,297.6765,0,U,38158,999,60779,.68445178E-3,.695E-5,0
FENGYUN 1C DEB,1999-025ERG,2026-09-22T22:59:28.029120,14.03822894,.00555908,99.2913,169.1706,278.5724,80.9146,0,U,38159,999,87099,.35731031E-3,.524E-5,0
FENGYUN 1C DEB,1999-025ERL,2026-09-17T21:32:40.144704,14.06527361,.00761134,99.1025,304.2804,185.3111,174.7258,0,U,38163,999,28465,.55078459E-3,.891E-5,0
FENGYUN 1C DEB,1999-025ERP,2026-09-23T07:18:00.438336,14.34730605,.00500406,99.0823,28.0115,293.5190,66.0740,0,U,38166,999,67848,.14120799E-2,.401E-4,0
FENGYUN 1C DEB,1999-025ERR,2026-09-21T12:13:33.182112,14.37000399,.00388042,98.7928,7.5326,359.6127,0.5022,0,U,38168,999,68523,.78714277E-3,.2308E-4,0
FENGYUN 1C DEB,1999-025ERS,2026-09-23T07:15:08.922240,14.79884847,.00243377,98.9875,277.2088,257.0662,102.7828,0,U,38169,999,65467,.10721459E-2,.8071E-4,0
FENGYUN 1C DEB,1999-025ERV,2026-09-23T02:40:59.689344,13.55005690,.02796469,100.4280,18.2510,353.0605,6.6695,0,U,38172,999,65523,.48548945E-3,.379E-5,0
FENGYUN 1C DEB,1999-025ERW,2026-09-16T13:18:16.189056,14.39170251,.01599333,98.9860,177.9788,15.3799,345.2167,0,U,38173,999,64637,.11290333E-2,.4009E-4,0
FENGYUN 1C DEB,1999-025ESA,2026-09-18T05:36:01.357056,13.96695371,.0224669,98.9391,264.6711,336.6456,22.4624,0,U,38491,999,70361,.34729E-3,.552E-5,0
FENGYUN 1C DEB,1999-025ESB,2026-09-17T10:46:52.923360,13.96253407,.02251056,98.6141,319.0539,97.1790,265.5023,0,U,38492,999,59890,.23025913E-2,.3885E-4,0
FENGYUN 1C DEB,1999-025ESC,2026-09-14T13:33:26.604864,13.62581899,.04253675,99.1107,204.4980,249.5583,105.9410,0,U,38493,999,60254,.11838151E-3,.126E-5,0
FENGYUN 1C DEB,1999-025ESD,2026-09-13T18:06:45.635904,14.04188392,.03706322,98.4581,192.6591,311.8111,45.1943,0,U,38494,999,11009,.15533335E-2,.4512E-4,0
FENGYUN 1C DEB,1999-025ESE,2026-09-12T05:44:43.931040,13.70425779,.02494871,99.1556,263.7063,142.5475,219.3351,0,U,38495,999,64857,.15305682E-2,.1647E-4,0
FENGYUN 1C DEB,1999-025ESF,2026-09-18T06:26:57.338880,14.10716644,.0075673,98.7627,268.9410,295.3101,64.0245,0,U,38496,999,84961,.43355E-3,.752E-5,0
FENGYUN 1C DEB,1999-025ESH,2026-09-20T16:43:47.768160,12.97051759,.0554714,99.6976,258.3825,150.6533,212.6968,0,U,38498,999,57398,.75035E-3,.405E-5,0
FENGYUN 1C DEB,1999-025ESJ,2026-09-22T01:47:34.587168,13.76354015,.02263448,98.4026,133.1781,96.7161,265.9805,0,U,38499,999,79456,.94898281E-3,.1084E-4,0
FENGYUN 1C DEB,1999-025ESV,2026-09-15T05:27:28.239552,14.13909907,.00990137,98.6022,261.8471,79.3616,281.8690,0,U,38510,999,92576,.39062768E-3,.735E-5,0
FENGYUN 1C DEB,1999-025ESX,2026-09-22T09:25:45.668352,13.74639922,.02277931,98.3572,117.5474,59.9899,302.3646,0,U,38512,999,63466,.65361356E-3,.714E-5,0
FENGYUN 1C DEB,1999-025ESY,2026-09-18T10:39:12.862368,14.83242018,.0227572,97.5992,153.9271,50.1198,311.9786,0,U,38513,999,67794,.62413E-3,.8024E-4,0
FENGYUN 1C DEB,1999-025ESZ,2026-09-22T17:40:10.964064,14.21037321,.02481434,98.0458,274.7021,260.5971,96.7079,0,U,38514,999,92024,.82806766E-3,.2408E-4,0
FENGYUN 1C DEB,1999-025ETB,2026-09-17T04:32:08.368800,14.34248636,.01107169,98.4700,243.1087,19.0263,341.5009,0,U,38516,999,88864,.93139268E-4,.235E-5,0
FENGYUN 1C DEB,1999-025ETE,2026-09-16T04:48:53.346816,13.88574088,.01710281,99.5539,246.2613,23.5368,337.3499,0,U,38519,999,88587,.13851273E-2,.1826E-4,0
FENGYUN 1C DEB,1999-025ETJ,2026-09-09T08:15:46.572192,14.21400083,.00530929,99.1473,282.0861,303.8885,68.8898,0,U,38717,999,62269,.76423635E-3,.1646E-4,0
FENGYUN 1C DEB,1999-025ETP,2026-09-21T14:40:53.785632,14.66273462,.01287522,99.3632,45.4779,318.1728,40.9687,0,U,38722,999,74599,.86667758E-3,.5338E-4,0
FENGYUN 1C DEB,1999-025ETR,2026-09-20T23:18:27.355680,14.18499319,.011939,98.7341,272.9082,343.3922,16.3357,0,U,38724,999,60621,.19352753E-2,.4251E-4,0
FENGYUN 1C DEB,1999-025ETS,2026-09-17T14:42:32.196960,14.46851629,.00332032,98.8857,43.4358,145.0584,215.2795,0,U,38725,999,77380,.15325729E-2,.555E-4,0
FENGYUN 1C DEB,1999-025ETU,2026-09-22T22:26:31.848576,14.05423500,.01037295,98.6156,253.9030,139.2605,250.5779,0,U,38727,999,75823,.65372144E-3,.1073E-4,0
FENGYUN 1C DEB,1999-025ETV,2026-09-20T21:57:49.278816,14.74228210,.00682894,99.2583,295.5397,263.3310,219.6616,0,U,38728,999,69764,.3664818E-3,.2444E-4,0
FENGYUN 1C DEB,1999-025EUD,2026-09-22T13:14:19.129056,14.47363333,.02013491,98.8286,169.2808,253.8170,230.8970,0,U,38789,999,65949,.25252512E-3,.1131E-4,0
FENGYUN 1C DEB,1999-025EUK,2026-09-11T04:31:07.430880,13.30882081,.04941947,98.7047,240.8924,298.5404,56.6821,0,U,38795,999,82135,.71715458E-3,.631E-5,0
FENGYUN 1C DEB,1999-025EUM,2026-09-15T23:34:40.696608,13.61865269,.02442287,99.4544,148.9129,232.9755,124.8819,0,U,38797,999,63056,.63787875E-4,.15E-6,0
FENGYUN 1C DEB,1999-025EUN,2026-09-16T11:23:51.370368,13.29250777,.04099397,98.8257,350.4281,135.0304,228.4800,0,U,38798,999,22424,.53327667E-3,.359E-5,0
FENGYUN 1C DEB,1999-025EUP,2026-09-04T12:00:44.133120,14.50980737,.0158192,98.3857,327.0904,258.2663,100.0746,0,U,38799,999,67890,.34353E-3,.1542E-4,0
FENGYUN 1C DEB,1999-025EUR,2026-09-20T23:17:28.156128,14.26032408,.03422754,98.3381,306.9500,240.8505,241.4602,0,U,38801,999,68381,.19631011E-3,.814E-5,0
FENGYUN 1C DEB,1999-025EUZ,2026-09-18T06:42:27.370080,14.18846166,.0220088,98.5872,267.8295,240.6262,117.2777,0,U,38809,999,73169,.21966E-3,.534E-5,0
FENGYUN 1C DEB,1999-025EVD,2026-09-17T07:30:30.988224,14.20688047,.00067699,99.3459,278.2418,57.9796,302.2036,0,U,38813,999,52205,.28011377E-3,.555E-5,0
FENGYUN 1C DEB,1999-025EVH,2026-09-19T18:40:45.690240,13.58469001,.02905623,98.5761,103.4496,31.1984,330.6050,0,U,38817,999,69649,.84619499E-3,.776E-5,0
FENGYUN 1C DEB,1999-025EVJ,2026-09-22T09:53:37.267296,14.40136217,.0085677,98.2636,317.3342,325.4721,46.6483,0,U,38818,999,71330,.18064378E-3,.551E-5,0
FENGYUN 1C DEB,1999-025EVK,2026-09-19T06:23:55.974048,14.19843171,.0080963,98.6377,252.9618,104.9165,269.8154,0,U,38819,999,67458,.22639E-3,.454E-5,0
FENGYUN 1C DEB,1999-025EVQ,2026-09-22T08:48:06.606432,14.16799065,.00946671,99.2991,56.0890,127.1489,233.8377,0,U,38824,999,73150,.14300459E-2,.2945E-4,0
FENGYUN 1C DEB,1999-025EVT,2026-09-15T18:31:35.347296,14.34219298,.02131888,98.3690,278.1312,207.6484,151.3235,0,U,38827,999,65029,.33877596E-3,.1176E-4,0
FENGYUN 1C DEB,1999-025EVV,2026-09-15T20:08:21.067008,14.09710358,.00399333,98.7390,271.7933,327.2793,32.5905,0,U,38829,999,68036,.35971263E-3,.593E-5,0
FENGYUN 1C DEB,1999-025EVY,2026-09-23T02:49:05.875968,14.05354920,.00846398,99.2448,321.1627,336.4393,23.2907,0,U,38832,999,67751,.48512916E-3,.765E-5,0
FENGYUN 1C DEB,1999-025EWE,2026-09-21T08:31:56.810496,13.85348966,.01712831,99.1716,48.5732,302.9200,55.5580,0,U,39537,999,63168,.90239291E-3,.1106E-4,0
FENGYUN 1C DEB,1999-025EWH,2026-09-21T07:16:10.255872,13.37978857,.03989546,106.1868,301.9454,172.1346,256.6763,0,U,39540,999,72876,.23724789E-2,.1895E-4,0
FENGYUN 1C DEB,1999-025EWJ,2026-09-14T20:15:41.401152,14.21008442,.00702971,98.6508,299.5339,356.0246,4.0364,0,U,39541,999,62923,.35915568E-3,.755E-5,0
FENGYUN 1C DEB,1999-025EWL,2026-09-18T18:58:52.083840,13.70734108,.0338255,99.0200,280.1727,124.7903,238.5572,0,U,39543,999,53021,.51031572E-3,.642E-5,0
FENGYUN 1C DEB,1999-025EWM,2026-09-21T09:02:44.257632,14.05871927,.00534646,98.7041,138.0948,295.1717,64.3913,0,U,39544,999,60826,.28635659E-3,.432E-5,0
FENGYUN 1C DEB,1999-025EWU,2026-09-20T04:27:37.027008,13.84075023,.01413432,99.0053,45.5423,354.1046,5.8441,0,U,40688,999,33810,.22927495E-3,.233E-5,0
FENGYUN 1C DEB,1999-025EWV,2026-09-22T11:53:35.246976,13.65529013,.03102793,99.1166,172.0530,83.4542,280.1822,0,U,40689,999,58755,.1096103E-2,.1205E-4,0
FENGYUN 1C DEB,1999-025EWW,2026-09-09T21:16:03.271872,13.95966549,.00941571,99.3935,298.5089,132.1281,228.7930,0,U,40690,999,65158,.66178692E-4,.48E-6,0
FENGYUN 1C DEB,1999-025EWX,2026-09-13T07:23:16.404000,13.90063343,.01276779,99.0284,285.9282,285.5437,73.1657,0,U,40691,999,59250,.11216973E-3,.104E-5,0
FENGYUN 1C DEB,1999-025EXB,2026-09-21T04:02:30.096960,14.51930387,.02773602,99.4621,62.4425,214.1329,144.1757,0,U,40695,999,35963,.18374286E-3,.1148E-4,0
FENGYUN 1C DEB,1999-025EXC,2026-09-19T17:15:19.535040,13.96868754,.00789133,98.9832,247.5937,304.3613,55.0103,0,U,40696,999,59602,.27452375E-4,-.5E-7,0
FENGYUN 1C DEB,1999-025EXD,2026-09-14T10:07:50.341152,14.04965814,.0057701,99.1029,328.8122,210.8778,148.8991,0,U,40999,999,85431,.47221404E-3,.726E-5,0
FENGYUN 1C DEB,1999-025EXH,2026-09-21T15:05:59.436960,14.88567131,.00555961,98.9668,222.1245,114.1720,246.5319,0,U,41003,999,56608,.19943837E-2,.19077E-3,0
FENGYUN 1C DEB,1999-025EXK,2026-09-11T19:03:36.046080,13.51635310,.05702098,98.9372,272.4299,113.7901,252.4085,0,U,41005,999,56068,.70679049E-3,.126E-4,0
FENGYUN 1C DEB,1999-025EXL,2026-09-22T04:03:38.714976,13.86975684,.01844594,102.3638,230.9187,55.8487,305.9999,0,U,41006,999,61416,.1616279E-2,.2095E-4,0
FENGYUN 1C DEB,1999-025EXM,2026-09-14T08:24:21.000384,13.86665336,.01706042,99.9526,306.6282,42.6595,318.7663,0,U,41007,999,61217,.80531918E-3,.1002E-4,0
FENGYUN 1C DEB,1999-025EXN,2026-09-21T05:20:16.043424,13.61537098,.05013282,99.3556,50.1183,148.8931,214.2943,0,U,41008,999,60288,.55797166E-3,.952E-5,0
FENGYUN 1C DEB,1999-025EXP,2026-09-21T19:51:20.892960,14.55354881,.001083,99.2048,272.3741,322.4024,37.6412,0,U,41009,999,63099,.10562032E-2,.4535E-4,0
FENGYUN 1C DEB,1999-025EXR,2026-09-21T11:41:21.359328,14.44601174,.03036152,99.1334,336.1408,240.5483,116.5097,0,U,41011,999,61237,.23323861E-3,.1351E-4,0
FENGYUN 1C DEB,1999-025EXW,2026-09-22T23:19:49.941984,14.13639069,.01447196,98.2482,325.5452,78.4946,283.2439,0,U,41016,999,64023,.75294887E-3,.1533E-4,0
FENGYUN 1C DEB,1999-025EXY,2026-09-15T01:53:02.370624,13.53112874,.03043331,99.9536,208.6199,155.1432,206.4717,0,U,41018,999,91911,.15634906E-2,.1356E-4,0
FENGYUN 1C DEB,1999-025EXZ,2026-09-22T03:21:48.616992,14.26439618,.00550536,98.7133,334.9076,118.2300,242.4454,0,U,41822,999,51411,.71805041E-3,.1712E-4,0
FENGYUN 1C DEB,1999-025EYA,2026-09-23T04:05:17.353536,14.25007073,.00548619,98.6991,332.0045,124.2625,236.3768,0,U,41823,999,51407,.70036549E-3,.1622E-4,0
FENGYUN 1C DEB,1999-025EYB,2026-09-22T23:38:05.844768,14.25769035,.00572355,98.7118,333.2200,123.4862,237.1806,0,U,41824,999,51408,.72415487E-3,.1707E-4,0
FENGYUN 1C DEB,1999-025EYC,2026-09-23T04:02:25.490976,14.26773090,.00553763,98.7237,339.2530,115.4780,245.2143,0,U,41825,999,51402,.7676653E-3,.1846E-4,0
FENGYUN 1C DEB,1999-025EYD,2026-09-20T22:30:18.209664,14.25221245,.00556936,98.7152,332.8083,126.1830,234.4519,0,U,41826,999,51378,.65237591E-3,.1515E-4,0
FENGYUN 1C DEB,1999-025EYE,2026-09-23T03:41:43.551456,14.26988870,.00578748,98.7262,339.5246,110.2617,250.4797,0,U,41827,999,51385,.80849901E-3,.1958E-4,0
FENGYUN 1C DEB,1999-025EYF,2026-09-22T08:55:44.380416,14.60627631,.00316117,98.9192,58.2443,33.6271,326.6925,0,U,41828,999,51593,.16479583E-2,.8027E-4,0
FENGYUN 1C DEB,1999-025EYG,2026-09-23T03:52:55.859232,14.26778855,.00559264,98.7280,339.5169,113.3324,247.3755,0,U,41829,999,51361,.73417304E-3,.1764E-4,0
FENGYUN 1C DEB,1999-025EYH,2026-09-22T03:22:10.393248,14.28293606,.00538864,98.7378,342.2192,112.9925,247.6953,0,U,41830,999,51317,.77896992E-3,.193E-4,0
FENGYUN 1C DEB,1999-025EYJ,2026-09-21T22:36:35.134848,14.26219661,.00559181,98.7163,335.3256,119.9921,240.6825,0,U,41831,999,51294,.65230039E-3,.1545E-4,0
FENGYUN 1C DEB,1999-025EYK,2026-09-22T16:48:36.433152,14.25856007,.00554516,98.7101,332.9088,122.1675,238.4901,0,U,41832,999,51395,.73510858E-3,.1734E-4,0
FENGYUN 1C DEB,1999-025EYL,2026-09-23T03:54:16.300224,14.27644102,.00538131,98.7319,340.3458,117.4963,243.1702,0,U,41833,999,51420,.83978043E-3,.2057E-4,0
FENGYUN 1C DEB,1999-025EYM,2026-09-22T03:25:50.223360,14.25397265,.00550352,98.7156,332.7145,126.4701,234.1568,0,U,43213,999,44408,.69676294E-3,.1626E-4,0
FENGYUN 1C DEB,1999-025EYN,2026-09-23T03:37:01.115040,14.25717578,.00551301,98.7174,334.2175,122.9110,237.7391,0,U,43214,999,44454,.73209561E-3,.1722E-4,0
FENGYUN 1C DEB,1999-025EYP,2026-09-23T03:52:09.872832,13.41038492,.03640276,98.6928,351.7423,203.2868,155.1406,0,U,43358,999,57542,.13364705E-2,.1056E-4,0
FENGYUN 1C DEB,1999-025EYQ,2026-09-23T04:37:44.073408,14.25584796,.0071959,99.0469,359.7071,275.8332,83.4647,0,U,43359,999,51799,.10857147E-2,.2594E-4,0
FENGYUN 1C DEB,1999-025EYR,2026-09-21T18:25:07.867488,14.27876212,.00533886,98.7482,342.1358,120.4682,240.1787,0,U,45526,999,47413,.85511187E-3,.2105E-4,0
FENGYUN 1C DEB,1999-025EYS,2026-09-23T03:17:19.669344,14.26140480,.00549283,98.7198,336.3842,121.3928,239.2641,0,U,45527,999,43631,.75234253E-3,.1785E-4,0
FENGYUN 1C DEB,1999-025EYU,2026-09-17T18:05:11.916096,14.22642189,.01195398,98.5513,244.1564,316.5936,42.5876,0,U,46439,999,64330,.19506666E-3,.426E-5,0
FENGYUN 1C DEB,1999-025EYV,2026-09-22T21:01:56.253792,14.20703558,.01752933,98.5696,289.6558,32.9151,89.2359,0,U,46440,999,66403,.18952993E-3,.434E-5,0
FENGYUN 1C DEB,1999-025EYY,2026-09-23T10:49:37.053984,14.12464468,.00956566,99.2017,345.7525,277.7291,141.0137,0,U,46443,999,63613,.89326703E-3,.1675E-4,0
FENGYUN 1C DEB,1999-025EYZ,2026-09-22T20:09:11.255040,14.27818434,.00839591,98.5206,265.6473,39.0789,82.6625,0,U,46444,999,66635,.33191401E-3,.809E-5,0
FENGYUN 1C DEB,1999-025EZC,2026-09-12T06:07:51.203136,14.32486433,.01621357,98.4721,248.2993,334.3456,24.9748,0,U,46447,999,83137,.29047722E-3,.862E-5,0
FENGYUN 1C DEB,1999-025EZD,2026-09-21T00:24:44.472960,14.24250172,.00632177,99.0701,337.9904,13.3297,346.9533,0,U,46448,999,65982,.88825201E-3,.2045E-4,0
FENGYUN 1C DEB,1999-025EZE,2026-09-21T07:21:26.186976,14.19669427,.02026229,98.6154,296.6175,174.5949,185.7483,0,U,46449,999,61645,.20819943E-3,.496E-5,0
FENGYUN 1C DEB,1999-025EZF,2026-09-19T23:21:11.498400,14.05416861,.01798215,98.0646,93.8352,337.3033,22.0257,0,U,46450,999,65067,.95334566E-3,.175E-4,0
FENGYUN 1C DEB,1999-025EZG,2026-09-22T06:34:41.143584,14.23619867,.01661577,98.1453,268.2244,72.6795,302.0614,0,U,46451,999,61037,.14516623E-2,.3777E-4,0
FENGYUN 1C DEB,1999-025EZK,2026-09-23T01:34:55.252992,14.26748955,.00449574,98.8802,2.5633,129.4760,354.5433,0,U,46468,999,77868,.93873808E-3,.2252E-4,0
FENGYUN 1C DEB,1999-025EZL,2026-09-15T20:05:07.578528,14.47988880,.0105291,98.2183,280.0974,85.8800,275.4419,0,U,46986,999,67409,.27048157E-3,.1031E-4,0
FENGYUN 1C DEB,1999-025EZM,2026-09-22T20:49:34.305888,14.48863260,.00310791,98.9187,56.0782,212.0062,147.9243,0,U,46987,999,61450,.14109189E-2,.5321E-4,0
FENGYUN 1C DEB,1999-025EZP,2026-09-22T17:31:13.260576,13.82038715,.02322003,99.5252,74.7251,309.9549,61.0710,0,U,46989,999,74962,.16271225E-2,.2101E-4,0
FENGYUN 1C DEB,1999-025EZQ,2026-09-18T19:34:08.850144,14.32279133,.03286564,98.2165,95.6976,308.9276,60.6041,0,U,46990,999,12529,.13085797E-2,.6393E-4,0
FENGYUN 1C DEB,1999-025EZS,2026-09-18T05:40:33.117888,14.01039093,.007209,98.9572,246.7026,105.0053,255.9106,0,U,46992,999,64870,.20598E-3,.273E-5,0
FENGYUN 1C DEB,1999-025EZT,2026-09-23T13:04:14.736864,13.69396202,.02618249,98.7392,3.7381,265.1111,105.3635,0,U,46993,999,64155,.34949662E-3,.346E-5,0
FENGYUN 1C DEB,1999-025EZV,2026-09-22T02:49:55.237152,13.87775416,.01836317,98.5899,329.4572,61.9053,300.0534,0,U,46995,999,64397,.94343202E-3,.1241E-4,0
FENGYUN 1C DEB,1999-025EZX,2026-09-21T09:10:59.776320,14.29240902,.00247946,98.5361,304.0020,222.3268,150.6539,0,U,46997,999,66487,.49161991E-3,.121E-4,0
FENGYUN 1C DEB,1999-025FAB,2026-09-20T12:26:50.717184,14.40775837,.0048962,99.2870,350.2641,304.7065,54.9514,0,U,47001,999,77969,.67432E-3,.2137E-4,0
FENGYUN 1C DEB,1999-025FAD,2026-09-10T11:20:54.754080,13.42963027,.0334024,98.8517,157.7703,94.4416,269.4951,0,U,47003,999,68953,.42813E-3,.306E-5,0
FENGYUN 1C DEB,1999-025FAF,2026-09-17T13:25:35.217696,14.13167418,.00631964,99.6007,14.0846,190.1008,183.9943,0,U,47005,999,86703,.1608104E-2,.3017E-4,0
FENGYUN 1C DEB,1999-025FAG,2026-08-31T23:10:27.100416,13.98490353,.0083995,99.1689,307.4153,78.2728,282.7845,0,U,47006,999,86432,.48228616E-3,.667E-5,0
FENGYUN 1C DEB,1999-025FAH,2026-09-22T19:11:46.198464,13.99296418,.02323188,98.1898,103.1628,332.5474,26.3573,0,U,47007,999,82819,.11797065E-2,.2123E-4,0
FENGYUN 1C DEB,1999-025FAK,2026-09-21T02:27:14.087232,13.37441838,.03516498,98.9727,219.6850,275.7793,80.3355,0,U,47009,999,62583,.74009987E-4,.15E-6,0
FENGYUN 1C DEB,1999-025FAN,2026-09-16T09:37:58.332576,13.78147801,.01635344,98.7173,121.0486,38.7531,322.5221,0,U,47012,999,58397,.19311482E-3,.176E-5,0
FENGYUN 1C DEB,1999-025FAP,2026-09-04T21:18:21.311424,14.26626688,.00572808,98.0633,301.7526,95.6132,265.1586,0,U,47013,999,77052,.64570164E-3,.1549E-4,0
FENGYUN 1C DEB,1999-025FAR,2026-09-23T05:02:36.453696,14.91569885,.01617664,98.6840,356.0951,275.1123,83.1648,0,U,47015,999,68617,.31756859E-3,.4014E-4,0
FENGYUN 1C DEB,1999-025FAU,2026-09-22T13:21:03.256416,14.63000680,.00182628,98.9097,15.5276,208.5140,215.9895,0,U,47018,999,82452,.1975731E-2,.10109E-3,0
FENGYUN 1C DEB,1999-025FBB,2026-09-18T21:58:10.281792,14.49659285,.0035611,99.0195,132.5186,242.5029,130.4274,0,U,47025,999,66797,.86896E-3,.3317E-4,0
FENGYUN 1C DEB,1999-025FBF,2026-09-21T09:30:39.725568,15.16531928,.00932996,98.9250,317.0203,136.1614,224.7069,0,U,47029,999,7336,.11448348E-2,.24941E-3,0
FENGYUN 1C DEB,1999-025FBN,2026-09-21T09:17:57.939360,14.15320252,.00678118,98.6859,305.9787,10.4564,2.2470,0,U,47036,999,63925,.74239026E-4,.105E-5,0
FENGYUN 1C DEB,1999-025FBT,2026-09-08T09:55:36.806016,15.31857379,.0006163,98.2257,307.0156,354.9479,5.1697,0,U,47041,999,75282,.2609164E-2,.80991E-3,0
FENGYUN 1C DEB,1999-025FBU,2026-09-15T23:20:08.154240,14.23111856,.0053947,98.9790,167.2793,319.3707,99.3659,0,U,47042,999,66464,.14727497E-3,.291E-5,0
FENGYUN 1C DEB,1999-025FBY,2026-09-23T12:52:29.856288,14.55468579,.00811954,99.0119,112.9700,215.1589,144.4232,0,U,47100,999,30906,.84404049E-3,.3782E-4,0
FENGYUN 1C DEB,1999-025FBZ,2026-09-23T09:36:53.328672,14.22524225,.01017126,98.8184,331.4181,320.4285,38.9498,0,U,47101,999,38703,.15935999E-2,.3706E-4,0
FENGYUN 1C DEB,1999-025FCA,2026-09-21T13:55:33.008160,14.18275810,.0116314,98.4454,194.3788,315.1413,219.4074,0,U,47102,999,65948,.58275499E-3,.124E-4,0
FENGYUN 1C DEB,1999-025FCC,2026-09-12T07:44:02.307552,14.19650908,.00396063,98.8805,291.0216,272.4937,87.1705,0,U,47104,999,66254,.12192673E-3,.214E-5,0
FENGYUN 1C DEB,1999-025FCG,2026-09-22T03:32:30.847200,14.11390403,.01307992,99.2649,240.0512,28.2089,332.6086,0,U,48518,999,64165,.13331055E-2,.2568E-4,0
FENGYUN 1C DEB,1999-025FCJ,2026-09-19T06:46:30.964512,14.01461741,.01344981,98.7248,84.9872,127.4246,233.9249,0,U,49389,999,26776,.12520724E-2,.2006E-4,0
