OBJECT_NAME,OBJECT_ID,EPOCH,MEAN_MOTION,ECCENTRICITY,INCLINATION,RA_OF_ASC_NODE,ARG_OF_PERICENTER,MEAN_ANOMALY,EPHEMERIS_TYPE,CLASSIFICATION_TYPE,NORAD_CAT_ID,ELEMENT_SET_NO,REV_AT_EPOCH,BSTAR,MEAN_MOTION_DOT,MEAN_MOTION_DDOT
SYNCOM 2 (A 26),1963-031A,2026-09-23T14:44:04.208640,1.00277970,.00071008,29.7737,299.0422,214.8026,135.0161,0,U,634,999,23134,0,.5E-7,0
SYNCOM 3,1964-047A,2026-09-22T18:55:14.728224,1.00360236,.00046794,7.1991,63.4322,162.6121,179.2098,0,U,858,999,5444,0,-.359E-5,0
INTELSAT 1-F1,1965-028A,2026-09-23T08:37:27.655968,1.00221881,.00086498,7.3907,62.6717,147.9260,132.2292,0,U,1317,999,12815,0,.13E-5,0
ATS 1,1966-110A,2026-09-23T14:02:32.011872,1.00287657,.00071023,5.2135,68.8637,185.7659,116.7431,0,U,2608,999,13578,0,-.122E-5,0
INTELSAT 2-F2,1967-001A,2026-09-23T11:11:27.731616,1.00151303,.00070757,3.4987,76.0646,191.5988,168.7002,0,U,2639,999,12022,0,-.141E-5,0
INTELSAT 2-F3,1967-026A,2026-09-22T18:08:08.903904,1.00392613,.0017863,4.3175,67.2062,222.1454,49.8414,0,U,2717,999,12487,0,-.25E-6,0
INTELSAT 2-F4,1967-094A,2026-09-22T20:00:24.971040,1.00329145,.00127946,4.3183,73.0935,146.3242,33.1967,0,U,2969,999,11629,0,-.28E-5,0
ATS 3,1967-111A,2026-09-23T13:20:03.660288,1.00271902,.00151729,3.4244,77.1564,40.6733,339.4655,0,U,3029,999,21562,0,-.88E-6,0
LES-6,1968-081D,2026-09-23T13:26:21.045984,1.00350773,.00078687,1.7237,44.8398,288.3559,117.9643,0,U,3431,999,12177,0,-.53E-6,0
OPS 0757 (TACSAT),1969-013A,2026-09-23T14:06:44.336160,1.00442138,.00224239,3.0932,73.5927,175.5400,13.4929,0,U,3691,999,11509,0,.101E-5,0
SKYNET 1A,1969-101A,2026-09-23T12:09:13.876704,1.00267757,.00262771,0.6874,80.6642,160.9939,198.3830,0,U,4250,999,13549,0,-.92E-6,0
NATO 2A,1970-021A,2026-09-23T12:12:09.031104,1.00278315,.00037812,0.3151,342.5948,244.8100,216.4517,0,U,4353,999,12675,0,-.114E-5,0
INTELSAT 3-F7,1970-032A,2026-09-22T20:11:43.008864,1.00277696,.00031782,2.6739,85.8229,198.0076,162.5166,0,U,4376,999,4834,0,-.267E-5,0
ATLAS AGENA D R/B,1970-046B,2026-09-23T13:22:51.643488,1.00442283,.00306724,1.9466,82.7913,310.9598,49.5301,0,U,4511,999,2654,0,-.19E-6,0
NATO 2B,1971-009A,2026-09-23T13:21:59.391360,1.00271408,.00032769,0.9241,238.5141,283.1173,296.4888,0,U,4902,999,11962,0,-.92E-6,0
OPS 9431 (DSCS 2-1),1971-095A,2026-09-23T13:17:55.651776,1.00260299,.00066038,1.3497,249.6303,358.7201,211.0029,0,U,5587,999,12300,0,-.106E-5,0
OPS 9432 (DSCS 2-2),1971-095B,2026-09-23T13:49:11.685216,1.00157869,.00029138,1.3091,251.3641,44.8847,12.6509,0,U,5588,999,4835,0,-.282E-5,0
INTELSAT 4-F4,1972-003A,2026-09-23T08:13:07.332672,0.99837486,.00009388,6.5210,293.6189,193.1862,359.7394,0,U,5775,999,13837,0,-.86E-6,0
OPS 1570 (DSP 3),1972-010A,2026-09-23T08:12:07.428960,0.99783534,.00096678,0.6576,92.1098,177.9410,212.6003,0,U,5851,999,2691,0,-.109E-5,0
INTELSAT 4-F5,1972-041A,2026-09-23T10:16:04.969056,1.00121064,.00047163,5.4961,285.8827,296.0154,63.7543,0,U,6052,999,4764,0,-.359E-5,0
OPS 6063,1973-013A,2026-09-23T12:18:55.003104,1.00269210,.0022327,0.1951,192.8642,344.5386,85.8548,0,U,6380,999,2741,0,-.99E-6,0
ANIK A2 (TELESAT 2),1973-023A,2026-09-23T13:46:34.059648,0.99799147,.00088164,6.7087,295.1441,77.1492,43.4059,0,U,6437,999,4813,0,.97E-6,0
OPS 6157 (DSP 4),1973-040A,2026-09-23T13:52:58.701216,0.99822421,.00071198,0.7634,205.6772,69.3931,141.4699,0,U,6691,999,2692,0,.112E-5,0
WESTAR 1,1974-022A,2026-09-23T13:42:34.551072,0.99897796,.00038362,6.8893,297.2786,23.7407,99.6762,0,U,7250,999,12331,0,.112E-5,0
MOLNIYA 1-S,1974-060A,2026-09-23T13:50:11.588928,1.00234934,.00090714,1.1433,244.9497,294.6678,133.2989,0,U,7392,999,13516,0,-.318E-5,0
WESTAR 2,1974-075A,2026-09-22T15:20:06.847296,0.99848644,.00047068,7.0466,299.0473,241.1909,98.8017,0,U,7466,999,13862,0,.126E-5,0
INTELSAT 4-F8,1974-093A,2026-09-23T12:07:49.560672,0.99779455,.00037032,7.7660,303.9091,234.1725,71.1785,0,U,7544,999,12618,0,.65E-6,0
SKYNET 2B,1974-094A,2026-09-23T13:57:18.406656,1.00328336,.0003135,3.3291,279.9391,248.9481,170.7536,0,U,7547,999,12575,0,-.347E-5,0
SYMPHONIE 1,1974-101A,2026-09-23T11:39:27.978336,0.99965949,.00033073,4.3298,275.8012,329.5338,101.7477,0,U,7578,999,11818,0,-.95E-6,0
ANIK A3 (TELESAT 3),1975-038A,2026-09-23T12:56:17.680128,1.00037715,.00013063,7.4909,302.1017,287.9578,239.9867,0,U,7790,999,13094,0,-.183E-5,0
SYMPHONIE 2,1975-077A,2026-09-23T06:30:09.706752,0.99981743,.00039749,3.7921,273.2498,9.2985,176.7484,0,U,8132,999,14343,0,-.67E-6,0
INTELSAT 4A-F1,1975-091A,2026-09-23T13:46:21.040032,0.99929129,.00061691,7.6660,303.6578,268.4063,205.9248,0,U,8330,999,12245,0,.109E-5,0
COSMOS 775,1975-097A,2026-09-23T04:58:03.540288,1.00293003,.00100715,2.1152,258.2267,199.8264,15.1825,0,U,8357,999,13274,0,.15E-5,0
GOES 1 (SMS-C),1975-100A,2026-09-23T13:30:48.904128,1.00293928,.0005407,4.3626,276.2450,334.5785,188.4129,0,U,8366,999,18605,0,.3E-6,0
OPS 3165 (DSP 5),1975-118A,2026-09-23T11:46:28.089696,1.00455527,.00335707,2.0505,254.9525,29.1353,50.9966,0,U,8482,999,2744,0,-.11E-5,0
RADUGA 1,1975-123A,2026-09-23T13:39:13.563072,1.00265081,.00056308,2.5537,264.4898,305.8291,61.4563,0,U,8513,999,19580,0,.8E-7,0
TITAN 3C TRANSTAGE R/B,1975-118C,2026-09-23T00:21:09.311904,1.00553726,.00115002,2.0288,255.3180,227.3849,131.8341,0,U,8516,999,2676,0,-.86E-6,0
CTS,1976-004A,2026-09-23T13:38:48.274656,1.00241568,.00173499,3.6823,270.5257,286.4396,230.4420,0,U,8585,999,12328,0,.102E-5,0
INTELSAT 4A-F2,1976-010A,2026-09-22T09:50:37.030848,0.99693168,.00074199,7.6963,303.2472,300.0519,237.4976,0,U,8620,999,62158,0,-.265E-5,0
LES-8,1976-023A,2026-09-23T09:32:56.997888,1.00268603,.00323636,22.5693,35.7709,162.4926,200.4519,0,U,8746,999,13067,0,-.88E-6,0
LES-9,1976-023B,2026-09-23T08:48:10.235232,1.00269806,.00240998,22.5307,35.7842,185.4910,169.3611,0,U,8747,999,13065,0,-.107E-5,0
COMSTAR 1,1976-042A,2026-09-15T20:40:47.348832,0.99826774,.00044843,7.7825,304.0481,336.2828,42.4282,0,U,8838,999,12148,0,.3E-6,0
TITAN 3C TRANSTAGE R/B,1976-059C,2026-09-23T02:35:48.529248,1.00550944,.00095626,2.4854,258.9566,284.8501,74.4889,0,U,8918,999,2643,0,.88E-6,0
PALAPA 1,1976-066A,2026-09-16T08:30:58.883616,1.00109281,.0005116,7.7053,304.4443,246.7458,280.4630,0,U,9009,999,12885,0,-.132E-5,0
COMSTAR 2,1976-073A,2026-09-23T13:36:59.413248,0.99972506,.00016334,7.7192,304.5149,278.1778,211.0007,0,U,9047,999,4819,0,.86E-6,0
RADUGA 2,1976-092A,2026-09-23T10:16:40.486368,1.00298607,.00282233,3.2293,267.9228,40.5235,282.2411,0,U,9416,999,13032,0,-.92E-6,0
KIKU-2 (ETS-II),1977-014A,2026-09-23T06:30:09.706752,1.00020924,.00013001,5.0340,282.2185,265.9203,271.2485,0,U,9852,999,12820,0,-.62E-6,0
TITAN 3C TRANSTAGE R/B,1977-007C,2026-09-22T23:58:07.317120,1.00339259,.00161499,3.1463,266.1816,46.6715,313.0481,0,U,9855,999,2634,0,-.164E-5,0
PALAPA 2,1977-018A,2026-09-23T13:00:24.784992,1.00035414,.00025386,8.4760,309.6929,155.2924,20.6231,0,U,9862,999,14409,0,-.253E-5,0
RADUGA 3,1977-071A,2026-09-23T14:09:41.925312,1.00344782,.00099825,3.8699,272.0743,306.1211,90.3105,0,U,10159,999,17803,0,-.279E-5,0
SIRIO,1977-080A,2026-09-23T01:43:44.674176,1.00270437,.0005803,7.0094,298.4693,170.2191,353.8118,0,U,10294,999,11890,0,-.97E-6,0
EKRAN 2,1977-092A,2026-09-22T23:14:09.373920,1.00216056,.00373871,3.9911,273.3477,6.9014,146.6270,0,U,10365,999,13583,0,-.97E-6,0
METEOSAT-1,1977-108A,2026-09-23T12:04:27.680160,1.00378700,.00073697,4.8345,280.0818,97.0945,223.9321,0,U,10489,999,13819,0,.38E-6,0
INTELSAT 4A-F3,1978-002A,2026-09-23T12:47:10.503744,0.99911725,.00051651,8.8128,312.0819,293.1298,73.7062,0,U,10557,999,4973,0,-.365E-5,0
INTELSAT 4A-F6,1978-035A,2026-09-23T12:47:52.998720,1.00215372,.00086807,8.5893,311.0867,308.8829,62.7439,0,U,10778,999,12315,0,-.36E-5,0
OPS 8790,1978-038A,2026-09-23T13:06:27.989856,1.00465227,.00191502,3.4735,326.3370,272.3854,134.7027,0,U,10787,999,2625,0,.36E-6,0
YURI (BS),1978-039A,2026-09-22T20:28:35.392224,1.00276198,.00212996,5.2350,282.9534,316.9989,109.6383,0,U,10792,999,11974,0,.137E-5,0
RADUGA 4,1978-073A,2026-09-23T03:23:20.124096,1.00196579,.00108255,4.5430,277.4243,30.3809,169.2057,0,U,10987,999,12058,0,.19E-6,0
EKRAN 3,1979-015A,2026-09-23T13:48:49.221216,1.00292534,.00415919,4.8782,280.5518,9.1525,17.8646,0,U,11273,999,13600,0,-.303E-5,0
RADUGA 5,1979-035A,2026-09-23T10:20:02.662368,1.00268026,.00040816,5.0523,281.3642,240.6051,80.7596,0,U,11343,999,13034,0,-.197E-5,0
GORIZONT 2,1979-062A,2026-09-23T13:37:51.195360,1.00270501,.0006343,5.4992,284.9311,337.0376,4.6235,0,U,11440,999,13900,0,.4E-6,0
WESTAR 3,1979-072A,2026-09-23T12:17:16.627200,0.99935370,.00032388,10.1056,320.5425,301.0208,9.0253,0,U,11484,999,14149,0,-.115E-5,0
EKRAN 4,1979-087A,2026-09-23T14:09:18.413280,1.00231049,.00101561,5.3554,283.7853,234.3826,144.6470,0,U,11561,999,4836,0,-.213E-5,0
SL-12 R/B(2),1975-123F,2026-09-23T09:45:28.476576,1.00488169,.00138158,2.2984,261.6225,226.4002,345.1259,0,U,11568,999,12298,0,-.222E-5,0
EKRAN 2 DEB,1977-092H,2026-09-23T14:09:41.844096,1.00372236,.00193787,3.8932,272.6731,273.9997,121.6489,0,U,11581,999,10535,0,-.283E-5,0
GORIZONT 3,1979-105A,2026-09-22T20:28:35.456160,1.00252618,.00126125,5.6955,286.9074,275.3240,147.3880,0,U,11648,999,12346,0,.137E-5,0
OPS 6393 (FLTSATCOM 3),1980-004A,2026-09-23T13:36:57.832992,1.00170632,.00234327,5.9769,306.5446,249.8496,238.5389,0,U,11669,999,17084,0,.69E-6,0
SL-12 R/B(2),1975-097F,2026-09-23T12:47:52.982304,1.00118441,.00217029,2.1117,258.6257,234.0002,188.3720,0,U,11676,999,12012,0,-.359E-5,0
RADUGA 6,1980-016A,2026-09-23T13:32:44.185920,1.00267868,.00029735,5.4798,285.6992,321.3382,0.1097,0,U,11708,999,12314,0,.135E-5,0
RADUGA 7,1980-081A,2026-09-23T08:05:23.075232,1.00282992,.00123176,5.7167,288.3503,317.1901,211.6079,0,U,12003,999,12429,0,-.206E-5,0
SBS 1,1980-091A,2026-09-22T05:04:25.366080,0.99817059,.00086705,9.8316,317.1716,208.8544,319.5642,0,U,12065,999,4744,0,.121E-5,0
EKRAN 6,1980-104A,2026-09-23T03:23:12.635808,1.00317214,.00044462,6.0153,289.8236,65.9641,120.5699,0,U,12120,999,12839,0,-.2E-7,0
ESIAFI 1 (COMSTAR 4),1981-018A,2026-09-22T15:51:20.235168,1.00282135,.00013169,8.5201,310.6195,75.2740,284.7072,0,U,12309,999,16842,0,-.68E-6,0
SL-12 R/B(2),1980-081F,2026-09-22T11:27:03.845376,0.99968122,.0004541,5.9430,289.4564,38.0243,155.8382,0,U,12447,999,16535,0,-.292E-5,0
GOES 5,1981-049A,2026-09-23T08:21:23.477760,1.00229756,.0004201,9.1898,315.0888,311.3198,87.7122,0,U,12472,999,12383,0,.66E-6,0
APPLE,1981-057B,2026-09-23T14:26:29.606784,1.00050366,.00269596,6.8135,296.0869,232.3329,185.1455,0,U,12545,999,12337,0,-.347E-5,0
EKRAN 7,1981-061A,2026-09-23T14:04:23.532672,1.00214553,.00037371,6.3018,292.2780,37.1334,317.2426,0,U,12564,999,13049,0,-.69E-6,0
RADUGA 9,1981-069A,2026-09-23T05:00:18.324288,1.00220018,.00016248,6.3669,292.7770,247.6611,301.1455,0,U,12618,999,4832,0,.128E-5,0
SBS 2,1981-096A,2026-09-15T20:41:17.301120,1.00143869,.0007555,10.1237,320.9022,248.5267,115.4204,0,U,12855,999,11952,0,.86E-6,0
RADUGA 10,1981-102A,2026-09-23T01:45:51.970752,1.00289561,.00038751,6.4871,294.1099,268.5635,267.9088,0,U,12897,999,11832,0,-.174E-5,0
SATCOM 3R,1981-114A,2026-09-23T12:43:17.133888,1.00140564,.00054204,11.9789,331.2264,299.8479,82.0261,0,U,12967,999,12905,0,-.153E-5,0
EKRAN 2 DEB,1977-092J,2026-09-23T13:46:00.781824,1.00042042,.00235175,4.0583,273.5466,292.7511,212.0935,0,U,12996,999,8549,0,.123E-5,0
WESTAR 4,1982-014A,2026-09-23T11:28:26.105088,0.99776323,.000552,12.5391,334.2841,281.1024,245.7748,0,U,13069,999,4742,0,-.275E-5,0
INSAT-1A,1982-031A,2026-09-23T12:46:26.706720,1.00268100,.00076922,6.9164,297.7180,79.5100,297.0727,0,U,13129,999,16742,0,-.373E-5,0
COSMOS 1366,1982-044A,2026-09-23T14:01:42.161664,1.00267614,.00065971,8.0803,296.3954,132.3029,226.2160,0,U,13177,999,13459,0,-.169E-5,0
ANIK D1 (TELESAT 6),1982-082A,2026-09-18T20:37:17.336352,1.00109611,.00056814,12.1076,332.2856,321.9295,50.4320,0,U,13431,999,4754,0,.13E-5,0
EKRAN 9,1982-093A,2026-09-23T12:09:42.458688,1.00206837,.00270625,6.8730,299.0242,10.6721,303.4088,0,U,13554,999,12098,0,-.24E-6,0
GORIZONT 6,1982-103A,2026-09-23T13:46:21.031392,1.00341057,.00033371,7.1321,301.2668,337.2847,138.6339,0,U,13624,999,12193,0,.117E-5,0
SL-12 R/B(2),1982-103E,2026-09-23T11:39:54.258624,1.00321373,.00116486,7.0906,301.1443,200.7420,204.6117,0,U,13630,999,12249,0,-.34E-6,0
SATCOM C5,1982-105A,2026-09-23T04:17:44.905344,1.00274065,.00018554,11.9898,331.8265,63.7059,285.7663,0,U,13631,999,12735,0,-.104E-5,0
SBS 3,1982-110B,2026-09-23T01:12:40.152672,0.99936196,.00054191,12.4023,333.7037,142.8479,229.7585,0,U,13651,999,4752,0,-.272E-5,0
ANIK C3 (TELESAT 5),1982-110C,2026-09-19T09:08:15.031392,0.99909942,.00014892,12.3794,333.5449,253.1496,107.8509,0,U,13652,999,4745,0,.79E-6,0
RADUGA 12,1983-028A,2026-09-23T12:07:49.545120,1.00280172,.0001838,7.9989,305.6576,324.3177,340.0145,0,U,13974,999,17036,0,-.17E-6,0
SL-12 R/B(2),1983-028F,2026-09-23T13:21:35.074080,1.00034692,.00242742,8.0278,305.7207,228.0408,284.6598,0,U,13983,999,15879,0,-.74E-6,0
SATCOM 1R,1983-030A,2026-09-23T12:38:17.166912,0.99863002,.00064236,13.1233,337.8102,156.8243,217.8545,0,U,13984,999,13146,0,-.201E-5,0
GOES 6,1983-041A,2026-09-23T08:24:43.022880,1.00268521,.00032859,10.0411,320.6340,266.2263,127.1385,0,U,14050,999,21700,0,.65E-6,0
SL-12 R/B(2),1982-044F,2026-09-22T20:12:23.821632,1.00275502,.00155388,7.9658,295.6571,206.6434,155.2590,0,U,14114,999,4832,0,-.74E-6,0
PALAPA B1,1983-059C,2026-09-22T23:34:34.220064,1.00206322,.00012502,11.4682,328.8512,163.7687,204.8358,0,U,14134,999,12177,0,-.169E-5,0
GALAXY 1 (G-1),1983-065A,2026-09-23T08:31:07.072608,1.00121219,.00036888,13.5297,340.9506,271.7616,92.9502,0,U,14158,999,4761,0,.104E-5,0
SL-12 R/B(2),1981-102F,2026-09-23T09:00:47.889792,1.00244663,.0009491,6.3835,293.6409,240.1072,119.6728,0,U,14195,999,12398,0,-.165E-5,0
INSAT-1B,1983-089B,2026-09-15T20:45:09.430272,1.00205070,.0013047,11.0476,326.4456,243.2893,129.6728,0,U,14318,999,12612,0,.131E-5,0
GALAXY 2 (G-2),1983-098A,2026-09-23T07:57:21.142944,1.00235146,.00027963,13.5460,341.2498,138.6486,171.4346,0,U,14365,999,13321,0,-.5E-6,0
EKRAN 11,1983-100A,2026-09-22T13:56:36.769632,1.00228416,.00036215,7.5702,303.9131,314.0723,45.8381,0,U,14377,999,4835,0,-.26E-5,0
INTELSAT 507,1983-105A,2026-09-23T10:03:09.918720,0.99697622,.00024685,11.8549,330.4911,165.8338,214.3814,0,U,14421,999,13821,0,.46E-6,0
RADUGA 14,1984-016A,2026-09-23T14:28:27.266304,1.00278167,.00017942,8.3851,310.2328,210.2385,145.3960,0,U,14725,999,11908,0,-.212E-5,0
COSMOS 1540,1984-022A,2026-09-23T12:15:34.430688,1.00277916,.00088178,9.1155,303.6467,293.2548,29.2472,0,U,14783,999,12200,0,-.152E-5,0
COSMOS 1546,1984-031A,2026-09-23T03:24:42.491808,1.00270801,.00241856,8.4953,310.8866,17.3213,153.7580,0,U,14867,999,4835,0,-.43E-6,0
STTW-T2,1984-035A,2026-09-23T13:48:34.244640,1.00169319,.00071388,9.2927,317.3499,205.3022,143.9025,0,U,14899,999,4835,0,-.28E-5,0
GORIZONT 9,1984-041A,2026-09-23T14:09:52.504128,1.00249528,.00062423,8.5671,311.7690,294.4717,63.1018,0,U,14940,999,12292,0,-.275E-5,0
ZHONGXING-5,1984-049A,2026-09-23T12:16:39.468288,0.99979992,.00124875,14.3136,347.5560,237.0039,56.4493,0,U,14985,999,13228,0,-.219E-5,0
RADUGA 15,1984-063A,2026-09-23T04:57:33.588000,1.00205059,.00036137,8.5500,311.2258,237.3504,282.3561,0,U,15057,999,14208,0,.136E-5,0
GORIZONT 10,1984-078A,2026-09-23T10:07:02.438400,1.00279493,.00037158,8.7111,312.8083,328.7172,62.2842,0,U,15144,999,15556,0,.87E-6,0
HIMAWARI-3 (GMS-3),1984-080A,2026-09-23T14:41:22.207776,0.99825973,.00050378,10.4841,323.0661,159.9629,155.5378,0,U,15152,999,15362,0,.101E-5,0
SL-12 R/B(2),1984-078F,2026-09-23T13:53:26.278368,1.00245377,.00220582,8.7946,313.1696,218.8678,152.9227,0,U,15181,999,12400,0,-.372E-5,0
TELSTAR 302,1984-093D,2026-09-23T11:49:06.448800,0.99788344,.00045398,14.0792,344.6212,201.3300,159.1671,0,U,15237,999,4741,0,-.175E-5,0
GALAXY 3 (G-3),1984-101A,2026-09-16T04:50:48.404832,0.99832150,.00035008,14.0483,344.4202,33.3025,310.2816,0,U,15308,999,4738,0,-.85E-6,0
ZHONGXING-5R,1984-114A,2026-09-15T20:46:39.286272,0.99757469,.00060503,14.6443,351.3171,100.5595,252.6655,0,U,15385,999,12787,0,.95E-6,0
GORIZONT 11,1985-007A,2026-09-23T11:24:26.486784,1.00203233,.00041916,8.9882,314.9871,265.7077,264.3939,0,U,15484,999,15361,0,-.297E-5,0
ARABSAT-1A,1985-015A,2026-09-22T23:14:50.348256,1.00189360,.00360003,11.7271,330.6144,241.1181,167.1624,0,U,15560,999,12699,0,.126E-5,0
COSMOS 1629,1985-016A,2026-09-23T08:33:47.308320,1.00351759,.00078244,8.9565,313.9067,273.7902,113.8604,0,U,15574,999,15144,0,.109E-5,0
GSTAR 1,1985-035A,2026-09-23T08:09:25.920576,1.00272145,.000398,14.2851,347.9627,174.3666,216.9966,0,U,15677,999,12619,0,-.107E-5,0
TELECOM 1B,1985-035B,2026-09-15T23:52:46.992576,1.00306546,.000238,9.9983,320.3519,299.8210,63.9496,0,U,15678,999,13793,0,-.222E-5,0
ARABSAT-1B,1985-048C,2026-09-23T11:49:30.728928,1.00384594,.00113105,12.2760,333.4242,18.5075,345.3632,0,U,15825,999,13642,0,-.123E-5,0
TELSTAR 303,1985-048D,2026-09-22T12:47:00.954816,0.99868794,.0004981,14.1512,345.5416,251.5971,217.5368,0,U,15826,999,4747,0,-.91E-6,0
INTELSAT 511,1985-055A,2026-09-17T18:43:52.065408,1.00071989,.00104533,13.1184,338.0750,114.8889,253.9782,0,U,15873,999,12544,0,-.14E-6,0
RADUGA 16,1985-070A,2026-09-23T07:51:40.343328,1.00338969,.00031355,9.2496,316.2349,298.9005,71.5569,0,U,15946,999,12321,0,.115E-5,0
OPTUS A1 (AUSSAT 1),1985-076B,2026-09-20T01:21:10.596096,0.99766988,.00026823,13.2123,338.1664,338.8818,26.2594,0,U,15993,999,12054,0,-.284E-5,0
ASC 1,1985-076C,2026-09-23T04:22:36.938208,1.00300260,.00016611,13.7403,342.6016,158.3093,199.0687,0,U,15994,999,11895,0,-.212E-5,0
COSMOS 1700,1985-102A,2026-09-23T13:47:34.340928,1.00287162,.00063417,9.5520,318.2784,247.9445,96.4667,0,U,16199,999,15265,0,-.274E-5,0
SL-12 R/B(2),1985-102D,2026-09-23T12:17:16.627200,1.00637334,.00192396,9.2864,317.4420,164.0366,149.6506,0,U,16214,999,12583,0,-.265E-5,0
RADUGA 17,1985-107A,2026-09-15T20:45:16.917696,1.00148395,.00140107,9.4580,317.8452,236.6212,145.2098,0,U,16250,999,15258,0,.132E-5,0
OPTUS A2 (AUSSAT 2),1985-109C,2026-09-21T23:34:49.471392,0.99952599,.00053097,13.2859,339.4306,300.5115,46.4239,0,U,16275,999,4749,0,-.253E-5,0
STTW-1,1986-010A,2026-09-23T14:44:24.159264,1.00218495,.00038654,10.4648,322.9397,295.3433,26.0529,0,U,16526,999,15644,0,.32E-6,0
GSTAR 2,1986-026A,2026-09-23T00:02:30.774048,0.99801124,.00015862,14.1490,345.1178,19.3525,6.9674,0,U,16649,999,11762,0,-.41E-6,0
BRASILSAT 2,1986-026B,2026-09-15T03:16:59.956320,0.99643890,.00021966,14.5040,349.7318,323.2436,47.5336,0,U,16650,999,4728,0,-.296E-5,0
COSMOS 1738,1986-027A,2026-09-18T22:07:08.719680,1.00274687,.00107058,10.1028,317.1429,166.3739,198.7556,0,U,16667,999,14829,0,-.73E-6,0
GORIZONT 12,1986-044A,2026-09-23T01:53:13.765056,1.00252798,.00051334,9.8979,320.5591,309.4441,228.4066,0,U,16769,999,14824,0,-.356E-5,0
SL-12 R/B(2),1986-090D,2026-09-23T13:49:50.121984,1.00204527,.0008658,10.1948,322.1318,194.9518,165.0145,0,U,17125,999,14585,0,-.365E-5,0
GOES 7,1987-022A,2026-09-21T01:16:38.387712,0.99904279,.00017362,12.8409,336.9670,13.7188,347.2345,0,U,17561,999,12792,0,-.29E-5,0
AGILA 1 (PALAPA B2P),1987-029A,2026-09-23T09:50:44.009376,0.99908743,.0000687,14.3310,347.4300,17.3146,4.6459,0,U,17706,999,4351,0,.99E-6,0
SL-12 R/B(2),1976-092F,2026-09-23T11:53:38.687424,1.00253871,.00155913,3.2139,268.4996,205.7652,120.5196,0,U,17872,999,11990,0,.87E-6,0
SL-12 R/B(2),1979-035E,2026-09-23T09:48:13.213728,1.00187893,.00272066,4.9788,280.9253,258.9491,304.0459,0,U,17873,999,18615,0,-.211E-5,0
SL-12 R/B(2),1984-016F,2026-09-23T14:28:27.225696,1.00321442,.00353111,8.3886,310.3133,233.2449,122.1684,0,U,17874,999,12383,0,-.22E-5,0
COSMOS 1888,1987-084A,2026-09-22T23:14:50.347392,1.00194445,.00031811,10.6648,325.4966,261.0062,152.1066,0,U,18384,999,14267,0,.123E-5,0
SL-12 R/B(2),1987-084D,2026-09-15T20:46:09.333984,1.00040668,.00301381,10.8304,326.1207,253.6631,123.3992,0,U,18387,999,14968,0,.127E-5,0
COSMOS 1894,1987-091A,2026-09-18T11:42:30.489696,1.00223663,.00029481,10.6251,324.9687,0.7653,169.0049,0,U,18443,999,12175,0,-.269E-5,0
SL-12 R/B(2),1987-091D,2026-09-23T15:24:08.540064,1.00146465,.00235383,10.6520,325.1096,268.8530,87.8689,0,U,18446,999,13098,0,-.203E-5,0
COSMOS 1897,1987-096A,2026-09-23T14:20:12.032736,1.00278041,.00062766,10.8946,326.2847,165.9019,182.7360,0,U,18575,999,14217,0,-.302E-5,0
SL-12 R/B(2),1987-096D,2026-09-23T13:14:22.910784,1.00559628,.0023563,10.6840,325.5510,251.8414,121.5052,0,U,18578,999,13902,0,-.26E-5,0
RADUGA 21,1987-100A,2026-09-23T13:02:47.058144,1.00326079,.00018408,11.1681,324.5997,291.9771,237.8785,0,U,18631,999,14207,0,-.297E-5,0
STTW-2,1988-014A,2026-09-22T21:15:15.395040,1.00283827,.00046616,13.1848,338.9786,192.4426,237.3993,0,U,18922,999,14109,0,-.228E-5,0
SPACENET 3R,1988-018A,2026-09-21T06:56:12.073632,0.99664372,.00051246,14.7137,358.9439,251.7518,172.4275,0,U,18951,999,12557,0,-.288E-5,0
SL-12 R/B(2),1988-034D,2026-09-23T13:55:56.038944,1.00103798,.0023284,11.1407,326.9329,197.0729,170.4728,0,U,19076,999,14009,0,-.372E-5,0
INSAT-1C,1988-063A,2026-09-22T21:24:38.568384,1.00245117,.00078171,11.1973,327.1476,178.2942,237.5842,0,U,19330,999,12132,0,.33E-6,0
COSMOS 1961,1988-066A,2026-09-22T21:37:55.756128,1.00260323,.00036289,11.3462,329.0936,190.0331,242.7690,0,U,19344,999,13999,0,-.108E-5,0
GORIZONT 16,1988-071A,2026-09-23T13:13:43.229856,0.99985712,.00107819,11.4124,329.1862,88.0717,282.5797,0,U,19397,999,13922,0,-.334E-5,0
SL-12 R/B(2),1988-071D,2026-09-16T09:41:45.397824,1.00550751,.00205047,11.1424,328.4632,244.4175,147.0406,0,U,19400,999,13362,0,.64E-6,0
GSTAR 3,1988-081A,2026-09-23T13:20:23.723232,1.00272293,.00069885,10.9272,317.5946,223.8673,275.7160,0,U,19483,999,13558,0,-.106E-5,0
SBS 5,1988-081B,2026-09-15T22:30:02.426112,0.99788461,.0006197,14.6256,0.2276,308.2592,65.2420,0,U,19484,999,4737,0,.103E-5,0
TDRS 3,1988-091B,2026-09-23T05:16:57.948960,1.00271585,.00382982,12.5298,340.3419,351.7026,60.4868,0,U,19548,999,12637,0,-.293E-5,0
IUS R/B(2),1988-091D,2026-08-27T22:30:17.180640,1.00487315,.00204116,12.1279,330.4812,306.2733,90.9359,0,U,19550,999,13083,0,.41E-6,0
RADUGA 22,1988-095A,2026-09-15T20:43:32.085120,1.00208390,.00060065,11.4416,329.5558,202.4587,161.2429,0,U,19596,999,12256,0,.12E-5,0
SKYNET 4B,1988-109A,2026-09-22T01:16:47.192736,0.99675565,.00055061,13.0115,336.2126,279.1639,94.8276,0,U,19687,999,11913,0,-.271E-5,0
STTW-3,1988-111A,2026-09-22T23:37:00.283584,1.00273421,.00048881,14.0003,344.8214,199.0183,209.3399,0,U,19710,999,13182,0,.13E-5,0
IUS R/B(2),1989-021D,2026-09-23T09:46:35.870304,1.00602973,.00232423,8.5562,320.1198,197.7246,319.2650,0,U,19913,999,12664,0,-.196E-5,0
RADUGA 23,1989-030A,2026-09-22T21:37:55.776864,1.00179485,.00204869,11.6932,331.3427,213.5965,216.7549,0,U,19928,999,13583,0,-.85E-6,0
SUPERBIRD-A,1989-041A,2026-09-15T20:42:24.693120,0.99751839,.00043546,12.0765,331.6991,194.5635,162.6482,0,U,20040,999,13536,0,.42E-6,0
DFS 1,1989-041B,2026-09-19T23:57:38.759328,1.00655420,.0014535,13.9453,345.8232,299.1959,35.8907,0,U,20041,999,12544,0,-.223E-5,0
TVSAT 2,1989-062A,2026-09-23T11:59:42.205920,0.99840445,.00098341,14.6892,355.0222,212.1367,34.3251,0,U,20168,999,13548,0,.83E-6,0
FLTSATCOM 8 (USA 46),1989-077A,2026-09-22T18:53:33.776736,1.00269105,.00030606,12.3964,350.5637,230.8311,189.3810,0,U,20253,999,26154,0,-.362E-5,0
GORIZONT 19,1989-081A,2026-09-22T23:35:02.544576,1.00217063,.00055703,11.9723,332.8450,282.0272,147.2215,0,U,20263,999,4832,0,.116E-5,0
RADUGA 24,1989-098A,2026-09-23T12:27:26.341632,1.00228602,.00037222,12.3995,333.0982,294.0357,19.4636,0,U,20367,999,13395,0,-.288E-5,0
COSMOS 2054,1989-101A,2026-09-23T10:08:29.158080,1.00305280,.00040315,12.1391,333.5750,236.1898,132.2679,0,U,20391,999,13485,0,.8E-6,0
STTW-4,1990-011A,2026-09-22T21:26:14.561376,1.00246241,.00030343,14.1079,345.6679,186.4314,245.9931,0,U,20473,999,13402,0,-.274E-5,0
RADUGA 25,1990-016A,2026-09-23T08:13:33.530016,1.00165466,.00063057,12.2217,334.0355,224.4622,173.8881,0,U,20499,999,13389,0,-.38E-6,0
INSAT-1D,1990-051A,2026-09-23T14:04:30.792000,1.00260457,.00175653,14.5969,353.1918,198.5541,100.5692,0,U,20643,999,11973,0,-.137E-5,0
GORIZONT 20,1990-054A,2026-09-22T21:18:29.153088,1.00302755,.00064901,12.5880,335.3808,250.0169,188.3315,0,U,20659,999,13267,0,-.265E-5,0
SL-12 R/B(2),1990-054D,2026-09-22T19:18:09.468000,1.00512349,.00126579,12.4269,334.7930,108.6252,251.5458,0,U,20662,999,13277,0,.97E-6,0
COSMOS 2085,1990-061A,2026-09-18T17:21:27.988704,1.00276584,.00129899,12.5833,335.8434,30.7964,321.7599,0,U,20693,999,13243,0,-.62E-6,0
SL-12 R/B(2),1990-061D,2026-09-23T13:52:41.350368,1.00213381,.00333655,12.5420,335.6744,223.2864,122.4737,0,U,20696,999,13138,0,-.356E-5,0
SL-12 R/B(2),1974-060F,2026-09-23T12:39:53.776800,1.00213076,.00149463,1.1293,242.8115,242.7312,176.5588,0,U,20836,999,4699,0,-.347E-5,0
GALAXY 6 (G-6),1990-091B,2026-09-23T11:07:45.661152,0.99758187,.00066032,14.0911,9.2592,231.6527,155.0677,0,U,20873,999,4743,0,.88E-6,0
GORIZONT 21,1990-094A,2026-09-22T21:03:50.130720,1.00149366,.00073393,12.6448,336.0808,270.3400,143.0102,0,U,20923,999,13143,0,-.45E-6,0
GORIZONT 22,1990-102A,2026-09-23T13:16:29.248320,1.00222852,.00047357,12.6357,336.5436,344.5212,10.6876,0,U,20953,999,13135,0,-.349E-5,0
RADUGA 26,1990-112A,2026-09-22T23:34:38.915904,1.00291979,.00026199,12.7513,337.2241,128.5965,304.4337,0,U,21016,999,13124,0,.64E-6,0
SL-12 R/B(2),1990-112D,2026-09-23T12:21:05.160384,1.00012163,.00258864,12.8110,337.3882,188.8474,113.9317,0,U,21019,999,12091,0,-.208E-5,0
RADUGA-1 2,1990-116A,2026-09-22T21:24:38.533824,1.00225935,.00039142,12.7917,337.2479,147.3345,258.2104,0,U,21038,999,4832,0,.39E-6,0
ITALSAT 1,1991-003A,2026-09-23T12:40:58.829088,0.99961195,.00090598,14.5257,350.7400,55.9648,256.2620,0,U,21055,999,11806,0,-.325E-5,0
COSMOS 2133,1991-010A,2026-09-23T14:04:06.258720,1.00260003,.00063373,13.1803,342.0683,209.6022,97.9387,0,U,21111,999,13042,0,-.111E-5,0
SL-12 R/B(2),1991-010F,2026-09-23T13:56:11.014656,1.00128132,.00185924,13.0866,341.6698,236.1090,117.3922,0,U,21129,999,13065,0,-.368E-5,0
RADUGA 27,1991-014A,2026-09-22T18:54:00.312768,1.00300819,.00015913,13.2482,336.1192,280.0919,155.0937,0,U,21132,999,13029,0,-.357E-5,0
TDRS 5,1991-054B,2026-09-23T12:45:31.562784,1.00266584,.00089108,14.0600,353.0364,246.5933,146.6754,0,U,21639,999,12870,0,.91E-6,0
IUS R/B(2),1991-054D,2026-09-22T23:32:26.922624,1.00313454,.00367779,13.6402,332.1525,346.9035,10.1979,0,U,21641,999,4834,0,-.199E-5,0
COSMOS 2155,1991-064A,2026-09-18T11:02:04.365600,1.00244217,.0003998,13.0459,338.5999,245.3563,118.8985,0,U,21702,999,12827,0,.24E-6,0
SL-12 R/B(2),1991-064B,2026-09-23T07:35:48.410592,0.99886265,.000222,13.2478,339.2355,347.6131,19.2078,0,U,21703,999,12113,0,.76E-6,0
SL-12 R/B(2),1991-074D,2026-09-18T22:12:15.729984,0.99708786,.0003002,13.3815,340.6954,245.5791,115.1363,0,U,21762,999,12061,0,-.48E-6,0
INTELSAT 601 (IS-601),1991-075A,2026-09-23T01:20:24.410976,0.99595704,.00020219,13.4864,16.1978,276.1674,82.6273,0,U,21765,999,12734,0,-.176E-5,0
COSMOS 2172,1991-079A,2026-09-23T01:12:40.152672,1.00228668,.00024884,13.1736,339.6480,358.9828,7.7832,0,U,21789,999,4834,0,-.252E-5,0
RADUGA 28,1991-087A,2026-09-23T14:26:13.507872,1.00361553,.00052551,13.2927,340.3376,203.2166,118.0711,0,U,21821,999,12730,0,-.194E-5,0
PALAPA B4,1992-027A,2026-09-22T07:41:30.489792,0.99933542,.00004302,13.3357,16.5578,299.2477,79.8548,0,U,21964,999,4816,0,-.199E-5,0
INSAT-2A,1992-041A,2026-09-23T13:06:57.892032,1.00230526,.00109557,14.4701,351.0616,276.0082,83.4345,0,U,22027,999,12503,0,-.211E-5,0
COSMOS 2209,1992-059A,2026-09-22T03:31:12.476352,1.00170071,.00115286,13.5200,341.9246,342.8026,8.4191,0,U,22112,999,12458,0,-.231E-5,0
SL-12 R/B(2),1992-059D,2026-08-28T16:10:46.294752,0.99793020,.0011921,13.7755,342.9423,329.3335,304.3649,0,U,22115,999,12300,0,.108E-5,0
HELLAS-SAT 1 (DFS 3),1992-066A,2026-09-23T14:29:11.158368,0.99737892,.00022425,14.2949,6.3122,214.9210,154.2601,0,U,22175,999,12153,0,-.256E-5,0
GALAXY 7 (G-7),1992-072A,2026-09-22T06:46:27.071328,0.99701330,.00041257,14.5462,2.5377,47.7506,329.7536,0,U,22205,999,11785,0,-.161E-5,0
EKRAN 20,1992-074A,2026-09-22T21:39:01.799424,1.00327752,.00051752,13.6315,343.5820,227.6724,190.7832,0,U,22210,999,4835,0,-.121E-5,0
GORIZONT 27,1992-082A,2026-09-17T23:48:29.478240,1.00210462,.00114562,13.6602,343.2905,30.6832,317.4329,0,U,22245,999,12804,0,-.202E-5,0
COSMOS 2224,1992-088A,2026-09-14T01:59:33.450720,1.00207658,.00075299,13.6040,347.3239,264.3259,84.9201,0,U,22269,999,12297,0,-.305E-5,0
SL-12 R/B(2),1992-088D,2026-09-23T10:03:22.597920,1.00069017,.00091073,13.7059,347.7266,175.7084,185.8375,0,U,22272,999,4827,0,.85E-6,0
TDRS 6,1993-003B,2026-09-22T11:29:36.612672,1.00272223,.00096869,14.1861,356.3246,203.3146,288.3437,0,U,22314,999,12338,0,-.29E-5,0
RADUGA 29,1993-013A,2026-09-22T20:27:03.485088,1.00296465,.00043334,13.7849,344.3781,193.2362,263.4923,0,U,22557,999,12266,0,-.332E-5,0
HGS-4 (GALAXY 4),1993-039A,2026-09-23T14:31:05.698848,1.00270039,.00111205,14.5618,354.3746,50.1239,247.5984,0,U,22694,999,11998,0,-.74E-6,0
HISPASAT 1B,1993-048A,2026-09-22T20:05:50.286048,0.99719377,.00036638,13.8027,12.3586,280.8512,114.1955,0,U,22723,999,12081,0,-.242E-5,0
INSAT-2B,1993-048B,2026-09-23T05:55:13.609056,0.99988463,.00178315,14.4813,1.8374,226.3274,38.9157,0,U,22724,999,12155,0,-.48E-6,0
UFO 2 (USA 95),1993-056A,2026-09-22T23:37:23.761920,1.00274596,.00023737,11.9309,2.9992,245.3986,136.4587,0,U,22787,999,11953,0,.13E-5,0
RADUGA 30,1993-062A,2026-09-23T14:05:30.097824,1.00258951,.00052798,13.9710,346.4088,318.2555,345.6335,0,U,22836,999,4698,0,-.115E-5,0
SL-12 R/B(2),1993-062D,2026-09-15T22:21:25.753248,1.00316718,.00073793,13.9116,346.1862,96.3783,258.4172,0,U,22839,999,11976,0,.49E-6,0
SL-12 R/B(2),1993-069D,2026-08-29T04:08:09.267936,1.00477697,.0002855,13.8260,346.1437,47.4557,324.4585,0,U,22883,999,11980,0,-.26E-5,0
GORIZONT 29,1993-072A,2026-09-21T21:16:36.819264,1.00151739,.00106244,13.9470,346.6157,358.3296,349.4065,0,U,22907,999,12013,0,.54E-6,0
SOLIDARIDAD 1,1993-073A,2026-09-23T08:47:29.711904,1.00276848,.00101929,14.4090,1.6219,245.0008,145.4448,0,U,22911,999,11885,0,-.127E-5,0
TELSTAR 401,1993-077A,2026-09-23T08:07:32.729664,1.00286626,.00084547,14.4257,350.1024,170.0000,221.1941,0,U,22927,999,11956,0,-.124E-5,0
GALS 1,1994-002A,2026-09-22T21:40:13.189152,1.00356101,.0013117,14.5177,353.0889,230.3550,187.7436,0,U,22963,999,11969,0,-.21E-5,0
RADUGA-1 3,1994-008A,2026-09-23T12:24:01.888992,1.00296944,.00022088,14.1307,347.4672,242.3984,56.9494,0,U,22981,999,11946,0,-.308E-5,0
TITAN 4 CENTAUR R/B,1994-009B,2026-09-18T02:35:28.570848,1.00583799,.00148456,16.9533,21.7660,240.2443,119.6257,0,U,22989,999,2622,0,-.82E-6,0
RADUGA 31,1994-012A,2026-09-12T22:13:43.157280,1.00255395,.00015621,14.1014,347.5731,182.7363,200.0861,0,U,23010,999,11923,0,.98E-6,0
GORIZONT 30,1994-030A,2026-09-23T13:05:48.442848,1.00159742,.00056251,14.0203,347.4510,280.8480,175.2131,0,U,23108,999,11844,0,-.27E-6,0
UFO 3 (USA 104),1994-035A,2026-09-23T01:19:24.507264,1.00271340,.00045416,12.4125,5.0979,241.3815,124.8198,0,U,23132,999,13268,0,-.101E-5,0
COSMOS 2282,1994-038A,2026-09-16T09:11:36.296736,1.00310953,.00057077,13.8534,352.0344,143.6990,189.5267,0,U,23168,999,11791,0,.84E-6,0
COSMOS 2291,1994-060A,2026-09-16T22:27:41.817888,1.00287097,.00077349,14.1216,348.9320,230.0079,108.6041,0,U,23267,999,11711,0,-.68E-6,0
SL-12 R/B(2),1994-060D,2026-09-18T17:10:10.180704,1.00053610,.00076318,14.2276,349.3755,161.5228,173.7529,0,U,23270,999,11647,0,-.14E-6,0
EXPRESS 1,1994-067A,2026-09-23T13:10:10.983936,0.99833971,.00065256,14.5466,1.2556,246.6123,98.6923,0,U,23319,999,11655,0,-.304E-5,0
SL-12 R/B(2),1994-067D,2026-09-23T04:25:06.697920,1.00168263,.00065345,13.8102,344.1487,160.3928,204.7549,0,U,23322,999,11699,0,-.238E-5,0
ELEKTRO (GOMS 1),1994-069A,2026-09-23T14:24:39.769056,1.00273368,.0009742,14.4431,348.5299,267.4227,44.9041,0,U,23327,999,11685,0,-.172E-5,0
SL-12 R/B(2),1994-069D,2026-09-23T11:39:14.602752,1.00141887,.00212721,14.4440,348.5743,159.9311,200.0687,0,U,23330,999,11663,0,-.56E-6,0
LUCH,1994-082A,2026-09-17T08:59:25.379520,1.00175937,.00069824,14.7375,353.8700,212.1580,147.8225,0,U,23426,999,11618,0,.73E-6,0
RADUGA 32,1994-087A,2026-09-22T21:06:22.930848,1.00261445,.00093811,14.2814,350.2358,265.7722,139.1786,0,U,23448,999,13386,0,-.119E-5,0
SL-12 R/B(2),1994-087D,2026-09-22T06:03:25.766784,1.00062805,.00085443,14.3036,350.2536,151.7968,225.9940,0,U,23451,999,4825,0,-.203E-5,0
UFO 4 (USA 108),1995-003A,2026-09-23T13:03:43.286400,1.00270661,.00029538,9.7062,12.7524,169.2541,188.6317,0,U,23467,999,11593,0,-.17E-6,0
TITAN 4 CENTAUR R/B,1995-022B,2026-09-22T20:26:30.929568,1.00561001,.00068418,18.3438,5.1989,342.1836,17.8223,0,U,23568,999,2688,0,-.6E-7,0
TDRS 7,1995-035B,2026-09-23T12:16:20.881920,1.00271106,.00106617,13.2973,347.5043,98.4575,189.7298,0,U,23613,999,11423,0,-.234E-5,0
IUS R/B(2),1995-035D,2026-08-28T02:32:40.388928,1.00483056,.00095394,15.6073,341.0353,187.5761,178.9991,0,U,23615,999,11413,0,-.183E-5,0
KOREASAT 1,1995-041A,2026-09-22T17:58:21.605952,0.99666962,.00058603,14.7277,357.8639,242.3153,144.3038,0,U,23639,999,11350,0,-.293E-5,0
COSMOS 2319,1995-045A,2026-09-14T20:53:55.436064,1.00161290,.00067818,14.3331,352.0375,258.9219,109.7224,0,U,23653,999,11369,0,.74E-6,0
SL-12 R/B(2),1995-045D,2026-09-23T12:21:28.517760,1.00188029,.00171806,14.3942,352.2668,58.1607,288.8538,0,U,23656,999,11364,0,-.218E-5,0
TELSTAR 4 (TELSTAR 402R),1995-049A,2026-09-23T09:01:36.117408,1.00260238,.00017707,13.6618,11.9398,255.9423,139.2846,0,U,23670,999,11349,0,-.19E-5,0
LUCH-1,1995-054A,2026-09-23T12:01:37.675200,1.00271489,.00065234,15.0486,358.4489,162.0746,94.8771,0,U,23680,999,11333,0,-.82E-6,0
SL-12 R/B(2),1995-054D,2026-08-29T21:28:00.672672,1.00173622,.00182777,15.0068,358.4721,105.8561,247.5741,0,U,23683,999,11310,0,.91E-6,0
USA 115 (MILSTAR-1 2),1995-060A,2026-09-23T00:49:35.728320,1.00274307,.00062744,14.1079,3.0036,161.2662,120.0752,0,U,23712,999,3386,0,-.197E-5,0
GALS 2,1995-063A,2026-09-16T10:09:58.235616,0.99878938,.00064736,14.5107,1.8951,314.0321,69.4658,0,U,23717,999,11254,0,.34E-6,0
INSAT-2C,1995-067B,2026-09-23T08:33:02.069280,0.99782158,.00014776,14.3629,7.5023,25.6567,313.1049,0,U,23731,999,11238,0,.99E-6,0
GALAXY 3R (G-3R),1995-069A,2026-09-23T09:01:36.189984,1.00321581,.00037762,13.3817,15.4867,152.2642,239.3810,0,U,23741,999,11280,0,-.197E-5,0
ABS-1A,1996-003A,2026-09-23T11:38:48.572160,0.99803405,.00039829,12.7379,24.7767,159.0273,163.9693,0,U,23768,999,11215,0,-.123E-5,0
GORIZONT 31,1996-005A,2026-09-19T17:59:19.767840,0.99898000,.00222158,14.3966,353.8831,250.3965,33.5753,0,U,23775,999,11199,0,-.26E-6,0
INMARSAT 3-F1,1996-020A,2026-09-22T13:44:51.546912,1.00003795,.00071508,10.8013,45.7071,157.3261,170.1643,0,U,23839,999,11122,0,-.123E-5,0
GORIZONT 32,1996-034A,2026-09-22T20:20:11.834880,1.00176124,.00084872,14.3780,354.2312,358.4499,76.0059,0,U,23880,999,11101,0,-.369E-5,0
TURKSAT 1C,1996-040B,2026-09-23T14:25:43.014720,1.00298054,.00080864,12.2075,29.3746,182.6608,134.5295,0,U,23949,999,11066,0,-.347E-5,0
UFO 7 (USA 127),1996-042A,2026-09-22T06:51:34.602624,1.00177130,.00060232,11.2113,16.5308,137.6025,238.3102,0,U,23967,999,11046,0,-.265E-5,0
INMARSAT 3-F2,1996-053A,2026-09-22T23:53:32.400960,0.99980948,.00056353,10.0742,52.9149,127.8426,227.7532,0,U,24307,999,10989,0,.134E-5,0
ECHOSTAR 2,1996-055A,2026-09-22T07:51:19.608192,1.00296196,.00108415,12.1178,30.7676,105.6383,280.4357,0,U,24313,999,10999,0,-.291E-5,0
EXPRESS 2,1996-058A,2026-09-23T12:33:03.623040,1.00265518,.00091915,14.5570,353.5854,350.8524,309.0157,0,U,24435,999,10979,0,-.329E-5,0
SL-12 R/B(2),1996-058D,2026-08-29T19:41:17.846880,1.00322045,.00074642,14.3555,350.4936,137.8824,187.6003,0,U,24438,999,10957,0,.117E-5,0
AFRICASAT-2 (MEASAT-2),1996-063B,2026-09-18T01:37:41.507328,0.99660675,.00062256,12.3954,28.2523,197.8751,155.5601,0,U,24653,999,10920,0,-.125E-5,0
INMARSAT 3-F3,1996-070A,2026-09-23T07:57:01.377216,0.99989372,.00062345,10.5272,48.6805,159.3917,217.8957,0,U,24674,999,10889,0,-.279E-5,0
DFH 3-2,1997-021A,2026-09-22T23:27:04.680000,1.00177303,.00074619,13.5858,13.0622,136.4025,297.2162,0,U,24798,999,10750,0,-.246E-5,0
USA 134,1997-065A,2026-09-23T10:55:46.566048,1.00268889,.00029879,12.9001,20.9627,260.9172,132.0910,0,U,25019,999,3394,0,-.56E-6,0
KUPON,1997-070A,2026-09-22T18:07:07.616928,1.00235314,.00043055,14.5413,353.8698,298.1844,61.8094,0,U,25045,999,10562,0,-.148E-5,0
INDOSTAR 1,1997-071B,2026-09-23T12:00:51.241248,1.00357719,.00027395,13.0650,19.2842,264.2312,321.3748,0,U,25050,999,10578,0,-.2E-7,0
GALAXY 8 (G-8),1997-078A,2026-09-15T22:31:32.283840,0.99697557,.00044224,14.1091,9.2061,77.7901,292.1934,0,U,25086,999,10485,0,.103E-5,0
INTELSAT 804 (IS-804),1997-083A,2026-09-23T11:44:11.027328,1.00271588,.00062953,13.2508,16.8701,25.1927,300.1315,0,U,25110,999,10531,0,-.91E-6,0
INMARSAT 3-F5,1998-006B,2026-09-23T07:57:31.328640,1.00271371,.0004631,9.9072,52.2491,132.1472,243.2234,0,U,25153,999,10488,0,-.286E-5,0
UFO 8 (USA 138),1998-016A,2026-09-23T14:56:16.604160,1.00253032,.00054904,11.2509,22.1275,228.0289,126.0757,0,U,25258,999,10484,0,-.216E-5,0
COSMOS 2350,1998-025A,2026-09-23T14:08:27.769056,1.00278098,.00069962,13.9989,3.1152,181.2585,110.9172,0,U,25315,999,10399,0,-.158E-5,0
SL-12 R/B(2),1998-025D,2026-09-15T20:54:46.007712,1.00032726,.002986,14.0202,3.2071,138.4327,234.4836,0,U,25318,999,10368,0,0,0
TITAN 4B CENTAUR R/B,1998-029B,2026-09-22T13:28:03.112896,1.00269449,.00467742,7.5642,342.3003,180.9085,179.0995,0,U,25337,999,2682,0,-.301E-5,0
BADR-3 (ARABSAT-3A),1999-009A,2026-09-23T13:11:42.524736,1.00179461,.00013688,12.0939,31.6709,340.4773,342.2115,0,U,25638,999,10094,0,-.191E-5,0
RADUGA-1 4,1999-010A,2026-09-23T14:31:50.379744,1.00189882,.00062951,15.6623,0.7858,277.7779,14.1789,0,U,25642,999,10093,0,-.62E-6,0
TELKOM 1,1999-042A,2026-09-23T12:13:05.767392,1.00254760,.00144153,7.9154,65.1042,258.5019,286.2910,0,U,25880,999,9937,0,.17E-6,0
ABS-7,1999-046A,2026-09-23T06:25:40.137888,0.99977847,.00037728,6.7186,69.5411,147.9318,224.8313,0,U,25894,999,9806,0,-.171E-5,0
YAMAL 102,1999-047B,2026-09-23T11:42:47.422368,1.00001856,.00011445,13.7693,11.9503,342.5562,346.8033,0,U,25897,999,9897,0,-.152E-5,0
ABS-6,1999-053A,2026-09-23T15:24:07.862688,1.00272146,.00012166,0.0174,132.7236,39.3283,220.4930,0,U,25924,999,9882,0,-.121E-5,0
UFO 10 (USA 146),1999-063A,2026-09-22T12:33:24.779808,1.00275006,.00042498,9.9297,26.6807,196.9148,303.2586,0,U,25967,999,9832,0,-.184E-5,0
GARUDA 1,2000-011A,2026-09-19T05:01:28.991712,0.99920319,.00041945,9.8783,62.6878,157.7588,219.3338,0,U,26089,999,4260,0,-.26E-6,0
SL-12 R/B(2),2000-013D,2026-09-17T12:40:38.640000,1.00755925,.00058155,14.3504,0.0814,79.6753,305.1238,0,U,26101,999,9757,0,.97E-6,0
ASIASTAR,2000-016A,2026-09-23T08:42:49.484736,1.00271010,.00040483,9.3535,57.0720,130.5628,50.3157,0,U,26107,999,9690,0,-.329E-5,0
GALAXY 4R (G-4R),2000-020A,2026-09-21T23:13:46.819200,0.99843358,.00077095,12.8691,23.3055,209.9516,99.7407,0,U,26298,999,9658,0,-.202E-5,0
IUS R/B(2),2000-024D,2026-09-22T15:44:15.861696,0.99711290,.00055764,13.4010,11.8893,188.2825,171.7464,0,U,26359,999,2634,0,-.348E-5,0
GORIZONT 33,2000-029A,2026-09-21T21:10:53.318784,1.00209076,.00035059,13.9273,6.0791,241.0350,90.4619,0,U,26372,999,9639,0,.87E-6,0
FENGYUN 2B,2000-032A,2026-09-16T08:08:46.013280,1.00071813,.00032171,13.3594,16.2085,285.3464,87.1815,0,U,26382,999,9584,0,-.183E-5,0
TDRS 8,2000-034A,2026-09-23T12:11:06.277056,1.00269266,.00009966,12.8373,30.4690,131.4635,107.9533,0,U,26388,999,9616,0,-.187E-5,0
COSMOS 2371,2000-036A,2026-09-23T14:31:27.972768,1.00280770,.00033137,14.0458,6.7642,193.4270,91.8041,0,U,26394,999,9602,0,-.73E-6,0
SL-12 R/B(2),2000-036D,2026-09-16T03:16:38.889408,1.00196590,.00158398,14.0108,6.6925,81.5438,282.3944,0,U,26397,999,4824,0,-.264E-5,0
FENGYUN 2B AKM,2000-032C,2026-09-22T15:47:41.346816,1.00173326,.00217914,14.4755,5.4680,44.7289,315.4805,0,U,26460,999,12316,0,-.361E-5,0
RADUGA-1 5,2000-049A,2026-09-15T20:53:31.128288,1.00210855,.00008624,14.0181,7.3782,98.2017,265.1349,0,U,26477,999,9533,0,.1E-6,0
NSS-11,2000-059A,2026-09-23T10:06:51.965856,1.00273015,.00029682,2.3723,80.1070,99.7477,150.1509,0,U,26554,999,4227,0,.25E-6,0
USA 153,2000-065A,2026-09-22T19:00:40.121856,1.00267533,.00016306,11.7913,34.5849,143.7370,242.8503,0,U,26575,999,3391,0,-.32E-5,0
AMC-6,2000-067A,2026-09-23T13:36:55.068192,1.00271995,.0004448,0.3971,83.5134,108.7323,239.3746,0,U,26580,999,9487,0,.87E-6,0
USA 157 (MILSTAR-2 2),2001-009A,2026-09-23T13:46:20.957088,1.00269679,.00430382,11.6509,19.1270,179.9957,219.8746,0,U,26715,999,3393,0,.115E-5,0
TITAN 4 CENTAUR R/B,2001-009B,2026-09-22T18:27:10.222848,1.00491981,.00147134,12.7026,11.6735,151.7250,208.3948,0,U,26716,999,2723,0,-.303E-5,0
IUS R/B(2),2001-033D,2026-09-22T19:55:50.397888,0.99884739,.00063583,13.0181,16.0162,9.8169,350.2353,0,U,26883,999,2676,0,-.26E-6,0
COSMOS 2379,2001-037A,2026-09-22T20:20:29.114880,1.00226631,.0006745,13.3446,13.5417,235.8037,182.9087,0,U,26892,999,9184,0,-.362E-5,0
SL-12 R/B(2),2001-037D,2026-09-15T22:33:21.612672,1.00219829,.00192646,13.3383,13.8405,85.6749,274.4288,0,U,26895,999,9170,0,.12E-5,0
INTELSAT 902 (IS-902),2001-039A,2026-09-23T07:58:38.720640,1.00272790,.00039409,6.3590,70.5389,112.5152,248.6923,0,U,26900,999,9168,0,-.28E-5,0
SL-12 R/B(2),2001-045D,2026-08-29T21:58:00.808032,1.00249947,.00252884,13.9446,11.5149,31.2756,312.6353,0,U,26939,999,9146,0,.105E-5,0
ECHOSTAR 7,2002-006A,2026-09-23T12:44:52.240416,0.99846978,.00023301,4.2597,76.1277,119.6678,188.7162,0,U,27378,999,5151,0,.52E-6,0
INTELSAT 904 (IS-904),2002-007A,2026-09-23T08:03:53.219232,1.00271188,.00032177,7.1579,67.9628,118.1571,265.5818,0,U,27380,999,5275,0,-.222E-5,0
DIRECTV 5 (TEMPO 1),2002-023A,2026-09-23T13:22:03.174816,1.00272071,.00032238,5.1216,74.0313,103.0135,275.8004,0,U,27426,999,8911,0,-.55E-6,0
INTELSAT 905 (IS-905),2002-027A,2026-09-23T12:27:04.217184,1.00273336,.00034727,6.9934,68.5705,143.4075,199.9853,0,U,27438,999,5234,0,.97E-6,0
GALAXY 3C (G-3C),2002-030A,2026-09-23T00:19:56.444736,1.00272127,.00015414,3.9870,76.7395,47.1928,148.0991,0,U,27445,999,4747,0,-.152E-5,0
INTELSAT 906 (IS-906),2002-041A,2026-09-23T12:13:03.121824,1.00271774,.00032641,6.0464,71.6641,130.0491,48.0609,0,U,27513,999,8801,0,.16E-6,0
EUTELSAT 33B,2002-051A,2026-09-23T13:26:14.807904,1.00288605,.00089127,9.2069,58.7717,334.6930,189.1331,0,U,27554,999,4978,0,.116E-5,0
NIMIQ 2,2002-062A,2026-09-23T13:22:16.233312,1.00273517,.00058988,9.6677,55.8210,123.0970,274.8685,0,U,27632,999,4517,0,-.64E-6,0
USA 167,2003-008A,2026-09-23T13:28:28.872192,1.00273223,.00029411,11.1525,42.4952,281.9554,118.0387,0,U,27691,999,776,0,.11E-6,0
TITAN 4 CENTAUR R/B,2003-012B,2026-09-22T21:51:36.757440,1.00594938,.00233887,11.2867,22.6277,278.6638,81.1227,0,U,27712,999,2677,0,.31E-6,0
INSAT-3A,2003-013A,2026-09-23T13:05:33.938880,0.99813487,.00041689,9.0602,59.8852,337.8392,318.4281,0,U,27714,999,8570,0,-.22E-5,0
ASIASAT 4,2003-014A,2026-09-23T13:10:17.433696,1.00271872,.00027156,4.9496,74.4577,113.2252,159.8629,0,U,27718,999,4628,0,-.22E-5,0
SL-12 R/B(2),2003-015F,2026-09-23T12:33:03.586752,1.00185775,.00092373,12.8598,19.6475,42.6250,234.0007,0,U,27780,999,8548,0,-.33E-5,0
GSAT-2,2003-018A,2026-09-22T20:36:42.510240,0.99857785,.00100288,11.3629,40.8086,345.9556,71.4576,0,U,27807,999,8541,0,-.29E-5,0
HELLAS-SAT 2,2003-020A,2026-09-22T06:30:28.763136,1.00272801,.00081498,7.5890,66.6827,143.8631,238.2748,0,U,27811,999,4382,0,-.82E-6,0
THURAYA-2,2003-026A,2026-09-19T12:02:50.235648,1.00272666,.00003838,8.9843,31.5004,73.5759,118.0583,0,U,27825,999,8529,0,.124E-5,0
OPTUS C1,2003-028B,2026-09-23T13:04:32.211264,1.00272038,.00055698,7.1287,68.1747,112.7079,173.4291,0,U,27831,999,5404,0,-.147E-5,0
USA 170,2003-040A,2026-09-23T01:29:16.062144,1.00273599,.00017973,10.7034,46.9888,161.3564,199.9994,0,U,27875,999,3398,0,.131E-5,0
GALAXY 13 (HORIZONS-1),2003-044A,2026-09-23T13:44:53.981664,1.00273011,.00016862,1.6670,82.4506,111.8594,224.3386,0,U,27954,999,4755,0,.132E-5,0
YAMAL 202,2003-053A,2026-09-23T14:34:44.891328,1.00272126,.00045293,6.5847,69.7013,122.0907,192.9256,0,U,28089,999,8368,0,-.76E-6,0
YAMAL 201,2003-053B,2026-09-23T12:20:37.312800,1.00291171,.00069261,9.8333,54.4874,137.8709,85.2845,0,U,28094,999,8586,0,-.232E-5,0
UFO 11 (USA 174),2003-057A,2026-09-23T15:09:50.322816,1.00271429,.00038609,9.0408,33.2944,163.1114,108.9406,0,U,28117,999,8343,0,-.98E-6,0
SL-12 R/B(2),2003-060D,2026-09-15T20:54:23.543712,1.00322021,.0019233,13.6376,13.0472,236.7131,124.0113,0,U,28139,999,8294,0,-.33E-6,0
IUS R/B(2),2004-004D,2026-09-23T12:18:26.585280,0.99824477,.00042619,12.3127,25.5386,25.5213,334.5478,0,U,28161,999,2637,0,.72E-6,0
ABS-4 (MOBISAT-1),2004-007A,2026-09-22T23:57:09.554400,1.00269896,.00052346,6.2828,70.7706,114.3680,237.0310,0,U,28184,999,5331,0,.41E-6,0
RADUGA-1 7,2004-010A,2026-09-16T00:06:00.725184,1.00256697,.00054982,13.7829,20.0052,232.7810,121.1714,0,U,28194,999,8232,0,.8E-6,0
SL-12 R/B(2),2004-015D,2026-09-23T03:46:38.756928,1.00709125,.00164813,13.4044,13.6184,331.2319,212.7584,0,U,28240,999,8239,0,-.219E-5,0
INTELSAT 10-02,2004-022A,2026-09-23T06:30:02.219328,1.00272557,.00000934,0.0307,252.2696,13.1060,193.2756,0,U,28358,999,8153,0,-.13E-6,0
ANIK F2,2004-027A,2026-09-23T13:29:59.002080,1.00272703,.00030593,3.5337,78.1389,90.5792,285.1130,0,U,28378,999,4225,0,-.49E-6,0
AMC-15,2004-041A,2026-09-23T13:21:59.327424,1.00269490,.00019467,0.0113,163.7581,16.8082,277.2937,0,U,28446,999,8029,0,0,0
SL-12 R/B(2),2004-043D,2026-09-15T20:54:31.032000,1.00105889,.00079849,13.3012,15.7798,170.6851,187.7728,0,U,28466,999,8001,0,.5E-7,0
NSS-10,2005-003A,2026-09-23T08:02:15.874080,1.00271387,.00031541,6.6894,69.2209,112.6374,263.4745,0,U,28526,999,5414,0,-.248E-5,0
INMARSAT 4-F1,2005-009A,2026-09-23T12:29:05.287776,1.00271907,.00028363,5.3043,42.8107,146.7667,178.2007,0,U,28628,999,7865,0,.36E-6,0
SL-12 R/B(2),2005-010F,2026-09-17T23:54:30.142944,1.00291005,.00223446,13.2218,17.7021,268.8089,115.6539,0,U,28634,999,7863,0,.102E-5,0
DIRECTV 8,2005-019A,2026-09-23T13:26:55.567104,1.00273338,.00030352,0.0137,225.9629,315.1147,264.0380,0,U,28659,999,7805,0,-.1E-7,0
GALAXY 28 (G-28),2005-022A,2026-09-23T08:05:08.098656,1.00272682,.00018118,3.5452,77.6497,106.2792,272.4584,0,U,28702,999,5296,0,-.199E-5,0
SL-12 R/B(2),2005-023H,2026-09-22T23:53:50.273664,1.00810580,.00111345,13.0088,18.0880,329.0935,44.1113,0,U,28704,999,7819,0,.113E-5,0
THAICOM 4,2005-028A,2026-09-23T08:46:56.589600,1.00271672,.00003673,0.4912,84.4200,59.2989,109.7225,0,U,28786,999,5323,0,-.364E-5,0
ANIK F1R,2005-036A,2026-09-23T13:20:49.943040,1.00272381,.0002837,4.5573,75.2992,63.6625,316.3732,0,U,28868,999,4744,0,-.73E-6,0
SYRACUSE 3A,2005-041B,2026-09-11T12:27:56.057184,1.00275934,.00024575,4.8548,74.7263,106.5771,42.9291,0,U,28885,999,7661,0,.114E-5,0
INMARSAT 4-F2,2005-044A,2026-09-23T10:30:26.140320,1.00271470,.00026314,5.2220,43.7169,143.2564,116.4467,0,U,28899,999,7650,0,-.258E-5,0
METEOSAT-9 (MSG-2),2005-049B,2026-09-22T23:52:47.472960,1.00278880,.00016623,9.5780,53.1705,350.2430,2.4992,0,U,28912,999,797,0,.127E-5,0
EUTELSAT 174A,2005-052A,2026-09-23T13:33:33.655968,1.00270422,.00061524,4.4604,75.2518,104.0429,200.5629,0,U,28924,999,5331,0,.11E-6,0
ECHOSTAR 10,2006-003A,2026-09-23T13:21:56.602368,1.00271287,.00023567,0.0146,356.0505,139.7809,316.8859,0,U,28935,999,7544,0,-.57E-6,0
SPAINSAT,2006-007A,2026-09-23T01:53:03.252768,1.00270844,.000497,0.8085,84.7612,102.7852,172.4633,0,U,28945,999,7519,0,-.219E-5,0
EKRAN 2 DEB,1977-092K,2026-09-23T13:16:42.699072,1.00139732,.002059,3.8865,272.9209,348.7753,69.1426,0,U,29014,999,4826,0,-.356E-5,0
JCSAT-5A,2006-010A,2026-09-23T11:56:37.567392,1.00274341,.00020677,1.3543,82.8937,42.9233,187.7635,0,U,29045,999,7475,0,-.328E-5,0
ASTRA 1KR,2006-012A,2026-09-23T13:26:14.807904,1.00272469,.00035818,0.7201,82.5722,100.3721,40.0297,0,U,29055,999,4668,0,.118E-5,0
GALAXY 16 (G-16),2006-023A,2026-09-23T13:15:56.928672,1.00272831,.00027338,0.0140,191.5546,344.3780,286.4816,0,U,29236,999,7395,0,-.129E-5,0
EUTELSAT 33F,2006-032A,2026-09-23T13:30:14.425344,1.00272825,.00033909,1.9078,80.9921,98.2749,58.8083,0,U,29270,999,4829,0,.155E-5,0
JCSAT-3A,2006-033A,2026-09-23T13:57:18.406656,1.00271957,.00020822,0.0155,252.5760,286.6989,160.5064,0,U,29272,999,4872,0,-.346E-5,0
KOREASAT 5 (MUGUNGWHA 5),2006-034A,2026-09-23T13:53:03.814368,1.00270406,.0002191,2.0300,81.5960,150.5155,91.6632,0,U,29349,999,4230,0,-.358E-5,0
ZHONGXING-22A,2006-038A,2026-09-22T18:45:51.693120,1.00081236,.00043325,11.6650,36.5048,157.9284,201.5686,0,U,29398,999,7335,0,-.345E-5,0
OPTUS D1,2006-043B,2026-09-23T10:25:02.706240,1.00271962,.0003679,3.2798,78.3593,99.5831,132.6099,0,U,29495,999,7310,0,-.182E-5,0
BADR-4,2006-051A,2026-09-23T11:48:01.725696,1.00275422,.00049614,2.2506,79.9098,104.0010,29.9707,0,U,29526,999,5225,0,.156E-5,0
MEASAT-3,2006-056A,2026-09-23T14:02:31.943616,0.99754902,.00041968,4.9743,74.8565,174.0337,121.8525,0,U,29648,999,5136,0,-.226E-5,0
SKYNET 5A,2007-007B,2026-09-23T08:40:04.747584,1.00269616,.00035261,5.5444,72.4918,121.6284,33.3252,0,U,30794,999,7168,0,-.269E-5,0
ANIK F3,2007-009A,2026-09-23T13:30:26.008992,1.00272011,.00027283,1.4442,82.5026,92.9995,270.8372,0,U,31102,999,4755,0,-.2E-7,0
ASTRA 1L,2007-016A,2026-09-23T09:48:35.677728,1.00271689,.00049243,1.5673,80.5662,101.9447,302.4262,0,U,31306,999,4597,0,-.185E-5,0
GALAXY 17 (G-17),2007-016B,2026-09-23T12:56:32.655840,1.00272520,.00036461,3.2124,78.5830,131.2259,261.7503,0,U,31307,999,7079,0,-.206E-5,0
NIGCOMSAT 1,2007-018A,2026-09-16T18:22:25.385376,1.00208383,.00062521,12.0137,32.1100,127.8949,170.4275,0,U,31395,999,7097,0,.45E-6,0
WGS F1 (USA 195),2007-046A,2026-09-23T08:00:46.018080,1.00271503,.00005631,0.0198,118.0664,78.3351,243.4748,0,U,32258,999,5331,0,-.269E-5,0
SKYNET 5B,2007-056B,2026-09-23T03:12:06.199776,1.00273925,.00037292,5.4943,72.2801,116.0666,246.7743,0,U,32294,999,6918,0,.142E-5,0
ASTRA 4A,2007-057A,2026-09-23T13:22:07.703040,1.00270213,.00026046,0.0161,146.9798,44.5667,16.1971,0,U,32299,999,5263,0,0,0
HORIZONS-2,2007-063B,2026-09-23T04:15:38.464992,1.00274440,.0001655,2.8467,79.3343,106.8984,165.9331,0,U,32388,999,6879,0,-.254E-5,0
THURAYA-3,2008-001A,2026-09-23T11:56:23.423712,1.00271928,.00026243,6.1541,35.8203,176.9326,32.4296,0,U,32404,999,6847,0,.12E-6,0
EXPRESS-AM33,2008-003A,2026-09-23T15:03:42.041952,1.00246317,.00146269,5.0453,74.0483,171.9452,342.9461,0,U,32478,999,5472,0,-.3E-7,0
THOR 5,2008-006A,2026-09-23T08:12:44.868672,1.00272424,.00024212,0.0135,206.5546,336.0645,302.0224,0,U,32487,999,6830,0,-.11E-6,0
KIZUNA (WINDS),2008-007A,2026-09-23T00:15:17.721792,1.00334256,.00031489,8.7624,61.0342,138.0339,186.1923,0,U,32500,999,6787,0,.125E-5,0
AMC-14,2008-011A,2026-09-22T18:17:23.040672,1.00435744,.00351004,24.1221,19.3404,1.0622,12.8246,0,U,32708,999,6915,0,-.352E-5,0
DIRECTV 11,2008-013A,2026-09-23T10:48:22.023360,1.00264258,.00006566,0.0223,50.2893,335.7542,39.1827,0,U,32729,999,4657,0,-.126E-5,0
ICO G1,2008-016A,2026-09-23T10:44:08.907648,1.00273728,.00026303,5.5387,35.8080,128.6914,265.9908,0,U,32763,999,6753,0,-.169E-5,0
VINASAT-1,2008-018A,2026-09-23T12:49:11.341920,1.00267128,.00021358,0.0168,193.0454,11.5415,122.0384,0,U,32767,999,6757,0,0,0
STAR ONE C2,2008-018B,2026-09-23T11:19:41.942208,1.00272077,.00024586,1.4836,81.3268,97.4954,288.4507,0,U,32768,999,6764,0,-.277E-5,0
AMOS-3,2008-022A,2026-09-23T13:43:04.772064,1.00272381,.00019696,0.7010,84.5655,57.2932,144.3695,0,U,32794,999,8332,0,-.118E-5,0
GALAXY 18 (G-18),2008-024A,2026-09-23T13:29:55.439808,1.00271533,.0003057,0.0030,159.0220,25.0959,257.7849,0,U,32951,999,4683,0,.24E-6,0
ZHONGXING-9,2008-028A,2026-09-23T14:18:51.740352,1.00273203,.00067489,1.0122,83.8707,137.7766,87.9281,0,U,33051,999,6702,0,-.25E-5,0
SKYNET 5C,2008-030A,2026-09-23T09:50:20.511168,1.00272337,.00050257,4.0330,75.8010,116.7309,299.5563,0,U,33055,999,6694,0,-.138E-5,0
TURKSAT 3A,2008-030B,2026-09-23T13:32:51.674208,1.00271364,.00042481,0.0533,80.3165,85.2264,82.0850,0,U,33056,999,5334,0,.145E-5,0
COSMOS 2440,2008-033A,2026-09-23T12:10:29.000640,1.00260679,.00056319,10.7674,40.2705,194.3261,26.9711,0,U,33108,999,6677,0,-.105E-5,0
SL-12 R/B(2),2008-033D,2026-09-23T14:07:00.497280,1.00308281,.00303278,10.7493,40.4013,341.0583,269.4078,0,U,33111,999,6679,0,-.117E-5,0
ECHOSTAR 11,2008-035A,2026-09-23T13:21:56.584224,1.00271563,.00025699,1.2516,82.8501,82.6267,287.6490,0,U,33207,999,5220,0,-.59E-6,0
SUPERBIRD-C2,2008-038A,2026-09-23T11:54:42.579360,1.00272850,.00056664,2.6067,79.9441,73.3175,163.8065,0,U,33274,999,10671,0,-.305E-5,0
INMARSAT 4-F3,2008-039A,2026-09-23T15:28:45.451200,1.00267176,.00030881,4.3873,31.7604,163.3166,301.6414,0,U,33278,999,4753,0,-.138E-5,0
NIMIQ 4,2008-044A,2026-09-23T12:57:25.072128,1.00273941,.00018531,0.0406,90.4717,89.9748,294.2971,0,U,33373,999,6597,0,-.222E-5,0
GALAXY 19 (G-19),2008-045A,2026-09-23T13:14:57.172704,1.00273194,.00025456,0.0309,241.5698,304.0904,278.4908,0,U,33376,999,6588,0,-.141E-5,0
ASTRA 1M,2008-057A,2026-09-23T03:10:28.856352,1.00270087,.00036362,0.5415,82.5331,93.7056,252.7896,0,U,33436,999,4671,0,.119E-5,0
FENGYUN 2D DEB,2006-053D,2026-09-22T23:52:52.139424,1.00293188,.00262184,11.8344,36.3058,28.9067,2.3091,0,U,33458,999,6636,0,-.29E-6,0
EUTELSAT HOTBIRD 13C,2008-065A,2026-09-23T07:58:38.720640,1.00273071,.00036116,3.1953,77.9403,107.3186,246.3082,0,U,33459,999,4832,0,-.282E-5,0
EXPRESS-AM44,2009-007A,2026-09-23T08:09:45.156672,1.00272509,.00033814,3.7081,77.1234,98.2151,298.3218,0,U,33595,999,5327,0,-.88E-6,0
NSS-9,2009-008A,2026-09-23T14:00:59.478336,1.00271205,.00021992,1.5078,81.4856,86.5586,227.7296,0,U,33749,999,6450,0,.71E-6,0
TELSTAR 11N,2009-009A,2026-09-23T11:27:33.687936,1.00268418,.00026413,0.0256,168.1484,17.5931,310.9314,0,U,34111,999,4723,0,0,0
RADUGA-1 8,2009-010A,2026-09-22T20:10:22.431360,0.99821091,.00101831,12.3018,40.7636,29.2456,344.1013,0,U,34264,999,6415,0,-.291E-5,0
SL-12 R/B(2),2009-010B,2026-09-23T12:33:03.614400,0.99999153,.00023007,12.2952,40.6872,290.6934,324.5720,0,U,34265,999,6417,0,-.293E-5,0
WGS F2 (USA 204),2009-017A,2026-09-23T15:11:33.341856,1.00269429,.00006332,0.0225,175.0960,2.6600,110.1247,0,U,34713,999,4660,0,0,0
SES-7 (PROTOSTAR 2),2009-027A,2026-09-23T00:10:38.261856,1.00270134,.0001767,0.0420,74.6603,141.2675,256.8625,0,U,34941,999,6361,0,-.347E-5,0
MEASAT-3A,2009-032A,2026-09-23T14:18:47.841984,1.00271268,.00019241,0.0456,341.0786,217.0410,179.0294,0,U,35362,999,901,0,-.112E-5,0
EWS-G3 (GOES 14),2009-033A,2026-09-23T08:34:50.250720,1.00070598,.00022294,1.9356,81.6444,98.0108,28.2490,0,U,35491,999,757,0,-.62E-6,0
FM-5,2009-034A,2026-09-23T12:56:17.680128,1.00271043,.00004626,0.0302,258.1274,176.5040,35.6996,0,U,35493,999,4763,0,-.202E-5,0
TERRESTAR-1,2009-035A,2026-09-23T08:52:13.127232,1.00271491,.00021804,5.2347,48.6496,110.2069,225.4281,0,U,35496,999,6311,0,-.54E-6,0
ASIASAT 5,2009-042A,2026-09-23T16:28:20.758368,1.00269518,.00016423,0.0221,126.3911,51.6635,172.0708,0,U,35696,999,6270,0,-.308E-5,0
JCSAT-12 (JCSAT-RA),2009-044A,2026-09-23T00:17:22.615584,1.00281860,.00015899,0.0259,265.3585,307.5604,285.3722,0,U,35755,999,6259,0,-.329E-5,0
OPTUS D3,2009-044B,2026-09-23T15:23:34.145952,1.00272198,.00042666,0.7984,267.8945,274.4086,207.2492,0,U,35756,999,6255,0,-.148E-5,0
NIMIQ 5,2009-050A,2026-09-23T11:17:27.157344,1.00268701,.00029216,0.0260,163.5896,24.2002,271.2008,0,U,35873,999,6232,0,0,0
AMAZONAS 2,2009-054A,2026-09-23T11:17:42.133056,1.00270402,.00033389,2.0614,81.6615,97.5997,280.4932,0,U,35942,999,6217,0,-.259E-5,0
COMSATBW-1,2009-054B,2026-09-23T13:38:51.099072,1.00272735,.00031595,0.0287,143.8381,48.4837,77.8203,0,U,35943,999,6229,0,.23E-6,0
NSS-12,2009-058A,2026-09-23T13:37:06.267360,1.00273575,.00029635,0.0383,76.9189,67.4334,119.3678,0,U,36032,999,6190,0,.7E-6,0
THOR 6,2009-058B,2026-09-23T08:12:44.868672,1.00271659,.00020157,0.0115,173.4581,27.7810,283.3117,0,U,36033,999,6199,0,-.12E-6,0
INTELSAT 14 (IS-14),2009-064A,2026-09-23T09:42:43.741152,1.00270575,.00024924,0.1611,84.2059,101.3330,277.4083,0,U,36097,999,6159,0,-.275E-5,0
EUTELSAT 36B,2009-065A,2026-09-23T13:35:13.945632,1.00274564,.0005825,0.7319,81.0812,100.8247,74.8469,0,U,36101,999,6169,0,.111E-5,0
INTELSAT 15 (IS-15),2009-067A,2026-09-23T10:19:55.174080,1.00272096,.0002411,0.0157,249.5817,301.4875,51.3600,0,U,36106,999,4221,0,-.187E-5,0
WGS F3 (USA 211),2009-068A,2026-09-23T15:41:28.212000,1.00293017,.00011549,0.3043,84.9200,151.6882,239.0195,0,U,36108,999,4758,0,.17E-6,0
DIRECTV 12,2009-075A,2026-09-23T13:17:57.068736,1.00268160,.00002796,0.0052,96.8792,20.2480,342.0520,0,U,36131,999,4754,0,0,0
BEIDOU-2 G1,2010-001A,2026-09-23T15:43:38.212032,1.00272501,.00020123,4.5200,59.9794,252.9063,66.0412,0,U,36287,999,6115,0,-.277E-5,0
SDO,2010-005A,2026-09-22T10:29:49.318368,1.00274759,.00015379,34.8516,84.8638,87.5741,244.7479,0,U,36395,999,6103,0,-.51E-6,0
EWS-G2 (GOES 15),2010-008A,2026-09-23T11:56:15.936288,1.00272683,.0005147,1.5415,81.7723,84.4012,78.5591,0,U,36411,999,6062,0,.21E-6,0
ECHOSTAR 14,2010-010A,2026-09-23T13:26:55.580928,1.00269364,.00020025,0.0235,175.5341,3.8432,265.8616,0,U,36499,999,4753,0,0,0
SES-1,2010-016A,2026-09-23T13:16:56.992224,1.00271895,.00026797,0.0406,284.7950,267.5914,268.2725,0,U,36516,999,6002,0,-.116E-5,0
ASTRA 3B,2010-021A,2026-09-23T04:54:18.899424,1.00270092,.00033322,1.7157,82.1921,70.8954,306.0569,0,U,36581,999,5985,0,.136E-5,0
COMSATBW-2,2010-021B,2026-09-23T06:34:01.835904,1.00269920,.00027199,0.0099,164.7651,31.1676,277.9468,0,U,36582,999,5994,0,.86E-6,0
BEIDOU-2 G3,2010-024A,2026-09-23T00:02:24.051264,1.00273283,.00048169,4.7427,60.9857,0.4457,20.6910,0,U,36590,999,5975,0,-.135E-5,0
BADR-5,2010-025A,2026-09-23T13:29:29.497344,1.00270724,.00079887,0.0509,121.8694,94.3752,19.0506,0,U,36592,999,5420,0,.152E-5,0
ARABSAT-5A,2010-032B,2026-09-23T13:29:36.984768,1.00274894,.00040036,0.2856,77.3394,102.9611,55.0411,0,U,36745,999,5963,0,.152E-5,0
ECHOSTAR 15,2010-034A,2026-09-23T13:30:26.033184,1.00262863,.0002612,0.0185,172.0462,324.2837,309.8989,0,U,36792,999,5930,0,0,0
NILESAT 201,2010-037A,2026-09-23T04:45:42.223968,1.00272155,.00057111,0.0216,207.3443,336.9225,242.2310,0,U,36830,999,5935,0,-.59E-6,0
RASCOM-QAF 1R,2010-037B,2026-09-22T20:15:16.046208,1.00273548,.0005125,0.0358,107.3759,76.0451,125.0228,0,U,36831,999,5928,0,.17E-6,0
AEHF-1 (USA 214),2010-039A,2026-09-23T13:29:29.497344,1.00268789,.0003993,8.4651,66.7524,119.3666,48.6599,0,U,36868,999,5464,0,.152E-5,0
ZHONGXING-6A,2010-042A,2026-09-23T13:47:47.427936,0.99701184,.00021164,4.4718,75.9403,172.2194,166.1994,0,U,37150,999,5885,0,.97E-6,0
XM-5,2010-053A,2026-09-23T06:41:07.177920,1.00270188,.00006315,0.0720,270.3172,235.6155,201.2951,0,U,37185,999,5846,0,-.25E-6,0
BSAT-3B,2010-056B,2026-09-23T12:41:33.388224,1.00270116,.00044111,0.0387,236.1868,333.2622,93.1658,0,U,37207,999,5308,0,-.352E-5,0
BEIDOU-2 G4,2010-057A,2026-09-23T12:32:47.220864,1.00271218,.0008176,3.8849,68.2358,179.9087,102.3973,0,U,37210,999,5827,0,-.111E-5,0
SKYTERRA 1,2010-061A,2026-09-23T13:18:10.446912,1.00271797,.00012234,5.3312,50.6135,167.7494,242.3149,0,U,37218,999,5818,0,-.116E-5,0
HYLAS 1,2010-065A,2026-09-23T08:49:11.373600,1.00634407,.00040965,5.8844,71.7623,160.5339,29.3654,0,U,37237,999,787,0,-.304E-5,0
INTELSAT 17 (IS-17),2010-065B,2026-09-23T13:39:43.515360,1.00272874,.00025247,0.0032,178.0421,13.7665,81.5556,0,U,37238,999,5423,0,-.3E-7,0
EUTELSAT KA-SAT 9A,2010-069A,2026-09-23T13:23:22.583328,1.00273872,.00051683,0.0760,355.3475,167.6343,49.2732,0,U,37258,999,4499,0,.6E-6,0
HISPASAT 30W-5,2010-070A,2026-09-23T08:04:23.170656,1.00272275,.00056456,0.0355,117.8463,54.6800,280.7816,0,U,37264,999,5416,0,-.218E-5,0
KOREASAT 6,2010-070B,2026-09-23T14:15:47.560608,1.00272219,.00022165,0.0202,146.4123,54.2512,175.6160,0,U,37265,999,5775,0,-.113E-5,0
ELEKTRO-L 1 (GOMS 2),2011-001A,2026-09-23T12:33:02.401344,1.00186294,.00034589,9.9043,53.4699,47.3371,301.5745,0,U,37344,999,5746,0,.127E-5,0
BEIDOU-2 IGSO-3,2011-013A,2026-09-22T20:04:53.160096,1.00290302,.00349281,62.5532,39.2417,183.8448,186.3288,0,U,37384,999,5664,0,-.156E-5,0
INTELSAT 28 (IS-28),2011-016A,2026-09-23T08:03:53.219232,1.00271055,.00037273,2.0517,81.2915,106.1002,264.1112,0,U,37392,999,5427,0,-.225E-5,0
YAHSAT 1A,2011-016B,2026-09-23T13:35:51.386208,1.00273380,.00020656,0.0131,173.5837,357.7464,87.5709,0,U,37393,999,4339,0,.99E-6,0
SBIRS GEO-1 (USA 230),2011-019A,2026-09-23T01:37:07.807872,1.00272397,.00017594,4.7503,52.9771,137.4150,247.6320,0,U,37481,999,5638,0,.101E-5,0
GSAT-8,2011-022A,2026-09-23T14:45:00.042912,1.00271263,.00066008,2.3773,80.5076,159.2307,39.0823,0,U,37605,999,5420,0,.85E-6,0
ST-2,2011-022B,2026-09-23T14:08:39.603264,1.00272351,.00017907,0.0181,155.4699,39.8163,107.3602,0,U,37606,999,5626,0,-.213E-5,0
SES-3,2011-035A,2026-09-23T13:18:57.076992,1.00271926,.00026065,1.5729,81.8203,117.1983,260.1504,0,U,37748,999,5558,0,-.102E-5,0
KAZSAT-2,2011-035B,2026-09-23T03:29:27.037248,1.00271034,.00014653,0.0091,243.2344,350.4397,267.2274,0,U,37749,999,5438,0,-.2E-5,0
ASTRA 1N,2011-041A,2026-09-23T03:10:28.856352,1.00271710,.0004763,0.0836,31.6906,121.7705,275.3506,0,U,37775,999,4550,0,.118E-5,0
BSAT-3C (JCSAT-110R),2011-041B,2026-09-23T12:09:37.154592,1.00271317,.0000501,0.0205,60.8343,195.3186,38.5794,0,U,37776,999,5145,0,-.352E-5,0
ZHONGXING-1A,2011-047A,2026-09-23T14:31:41.111616,1.00023821,.00014083,3.9637,77.0688,222.4777,332.3891,0,U,37804,999,2831,0,.13E-5,0
COSMOS 2473,2011-048A,2026-09-23T12:42:52.229088,1.00295809,.00066854,5.8201,72.2104,139.1354,176.2780,0,U,37806,999,845,0,.124E-5,0
SES-2,2011-049A,2026-09-23T09:30:44.888832,1.00271513,.00029463,0.3029,87.1327,93.3815,237.4385,0,U,37809,999,5494,0,-.197E-5,0
ARABSAT-5C,2011-049B,2026-09-23T04:53:18.993984,1.00271821,.00039189,0.0570,9.8304,181.9780,263.5796,0,U,37810,999,5502,0,.121E-5,0
EUTELSAT 7 WEST A,2011-051A,2026-09-23T06:28:09.897600,1.00272772,.00061158,0.0686,10.4364,169.3751,272.0597,0,U,37816,999,5486,0,-.62E-6,0
QUETZSAT 1,2011-054A,2026-09-23T12:58:54.928992,1.00268323,.00028108,0.0157,172.0829,17.6707,290.3730,0,U,37826,999,5086,0,0,0
INTELSAT 18 (IS-18),2011-056A,2026-09-23T14:29:33.248256,1.00271745,.00021113,0.0231,248.8410,299.2964,211.7194,0,U,37834,999,5479,0,.51E-6,0
EUTELSAT 16A,2011-057A,2026-09-23T06:34:54.252192,1.00274177,.00054897,0.1138,66.6453,115.8946,294.3317,0,U,37836,999,832,0,.102E-5,0
VIASAT-1,2011-059A,2026-09-23T06:00:03.308256,1.00268466,.00024563,0.0254,180.7875,354.2475,161.9729,0,U,37843,999,4830,0,0,0
ASIASAT 7,2011-069A,2026-09-23T12:39:09.972864,1.00271599,.0001679,0.0222,98.2470,57.1893,142.2546,0,U,37933,999,4584,0,-.335E-5,0
AMOS-5,2011-074A,2026-09-19T21:28:26.819040,1.00189613,.00023967,9.0411,59.6771,91.2683,213.4313,0,U,37950,999,5394,0,.137E-5,0
LUCH-5A,2011-074B,2026-09-23T12:16:43.914432,1.00274134,.00042596,8.9960,72.3401,129.3518,151.8637,0,U,37951,999,5403,0,-.44E-6,0
NIGCOMSAT 1R,2011-077A,2026-09-23T04:59:48.372000,1.00271323,.00027373,0.0365,232.5216,102.5017,144.5156,0,U,38014,999,5394,0,.143E-5,0
WGS F4 (USA 233),2012-003A,2026-09-23T12:26:02.660640,1.00273582,.00001513,0.0149,158.8580,273.6690,204.7770,0,U,38070,999,4513,0,-.217E-5,0
SES-4,2012-007A,2026-09-23T09:49:20.605728,1.00271508,.00025247,0.0164,59.1431,132.4899,295.9684,0,U,38087,999,5321,0,-.17E-5,0
BEIDOU-2 G5,2012-008A,2026-09-23T14:44:42.768960,1.00272064,.00068704,3.8128,68.9730,238.0322,335.3133,0,U,38091,999,5335,0,.59E-6,0
INTELSAT 22 (IS-22),2012-011A,2026-09-23T13:41:13.372224,1.00269181,.00017557,0.0260,139.5422,61.1502,79.1266,0,U,38098,999,817,0,0,0
COSMOS 2479,2012-012A,2026-09-23T12:26:38.527872,1.00394779,.00054324,9.0736,55.3403,215.9602,10.7672,0,U,38101,999,5307,0,-.275E-5,0
SL-12 R/B(2),2012-012D,2026-09-23T13:16:30.410400,1.00387186,.00111342,9.0615,55.5329,302.1538,104.3367,0,U,38104,999,5305,0,-.142E-5,0
APSTAR-7,2012-013A,2026-09-23T03:26:49.789248,1.00272044,.00026163,0.0055,167.8641,8.2938,314.0738,0,U,38107,999,5280,0,-.104E-5,0
YAHSAT 1B,2012-016A,2026-09-23T14:06:59.316192,1.00273782,.00012634,0.1026,88.0664,97.8058,75.9471,0,U,38245,999,4659,0,.125E-5,0
AEHF-2 (USA 235),2012-019A,2026-09-23T06:25:32.649600,1.00271059,.00026596,6.8729,56.7003,142.0254,243.3193,0,U,38254,999,797,0,-.132E-5,0
JCSAT-13,2012-023A,2026-09-23T13:56:11.014656,1.00270453,.00024662,0.0242,172.0862,5.3644,158.0325,0,U,38331,999,5253,0,0,0
VINASAT-2,2012-023B,2026-09-23T12:49:11.342784,1.00271139,.00020723,0.0375,310.5586,225.0951,150.8961,0,U,38332,999,4764,0,-.33E-5,0
NIMIQ 6,2012-026A,2026-09-23T12:05:53.585952,1.00269611,.00029555,0.0199,164.2896,19.7905,268.6459,0,U,38342,999,5140,0,0,0
ZHONGXING-2A,2012-028A,2026-09-23T16:26:43.796832,1.00273787,.00011048,1.7012,82.4701,157.7068,107.3172,0,U,38352,999,5228,0,-.293E-5,0
INTELSAT 19 (IS-19),2012-030A,2026-09-23T11:44:56.597280,1.00268742,.00032269,0.0207,180.7815,11.1850,152.6230,0,U,38356,999,5143,0,0,0
ECHOSTAR 17,2012-035A,2026-09-23T13:20:56.645088,1.00269245,.00022024,0.0259,157.1482,31.7796,266.6207,0,U,38551,999,5204,0,0,0
METEOSAT-10 (MSG-3),2012-035B,2026-09-23T06:30:17.195040,1.00273017,.0000963,4.8983,60.4597,113.5248,285.7922,0,U,38552,999,5184,0,-.4E-7,0
SES-5,2012-036A,2026-09-23T13:22:07.703040,1.00272118,.00020626,0.0183,25.0702,156.2320,26.6371,0,U,38652,999,4544,0,.32E-6,0
INTELSAT 20 (IS-20),2012-043A,2026-09-23T03:24:35.004384,1.00285106,.00028932,0.0170,121.9131,63.4597,296.2887,0,U,38740,999,5173,0,-.3E-6,0
HYLAS 2,2012-043B,2026-09-23T09:51:50.367168,1.00522051,.00040178,2.6717,79.7560,159.5605,257.6346,0,U,38741,999,5176,0,-.61E-6,0
INTELSAT 21 (IS-21),2012-045A,2026-09-23T13:04:16.914144,1.00270011,.00021014,0.0209,103.9837,75.7214,320.7727,0,U,38749,999,5151,0,-.286E-5,0
ASTRA 2F,2012-051A,2026-09-23T11:46:09.404832,1.00271495,.00039616,0.0683,256.7677,305.8870,4.4221,0,U,38778,999,4212,0,.148E-5,0
GSAT-10,2012-051B,2026-09-23T13:44:34.628064,1.00272479,.00052,0.0260,255.1590,221.5441,174.9134,0,U,38779,999,5108,0,-.167E-5,0
INTELSAT 23 (IS-23),2012-057A,2026-09-23T07:57:46.305216,1.00260149,.00012164,0.0352,267.5255,351.3234,169.8157,0,U,38867,999,5093,0,-.287E-5,0
BEIDOU-2 G6,2012-059A,2026-09-23T12:22:46.092864,1.00268917,.00066767,4.6639,72.3973,323.1753,236.4365,0,U,38953,999,5089,0,-.172E-5,0
LUCH-5B,2012-061A,2026-09-23T14:58:57.497376,1.00273193,.00061055,10.6919,48.8759,165.7871,356.2562,0,U,38977,999,5059,0,-.131E-5,0
YAMAL 300K,2012-061B,2026-09-23T14:00:52.814304,1.00272212,.00001482,0.0096,163.2955,202.8173,29.5082,0,U,38978,999,5061,0,.7E-6,0
STAR ONE C3,2012-062A,2026-09-23T11:16:49.716768,1.00270724,.000207,0.0434,84.0304,95.1875,277.3198,0,U,38991,999,5075,0,-.251E-5,0
EUTELSAT 21B,2012-062B,2026-09-23T06:36:24.109056,1.00274547,.00028618,0.0715,345.0346,195.5381,302.2791,0,U,38992,999,5081,0,.128E-5,0
ECHOSTAR 16,2012-065A,2026-09-23T11:20:41.845920,1.00268725,.00021923,0.0266,165.9157,20.9963,284.0938,0,U,39008,999,5063,0,0,0
ZHONGXING-12,2012-067A,2026-09-23T13:45:49.509216,1.00272933,.00027315,0.0188,130.6822,42.3070,123.4188,0,U,39017,999,5049,0,-.209E-5,0
EUTELSAT 70B,2012-069A,2026-09-23T00:47:38.441184,1.00271458,.00036894,0.0658,1.8579,181.1534,261.2925,0,U,39020,999,5049,0,-.46E-6,0
YAMAL 402,2012-070A,2026-09-23T16:05:37.971168,1.00272807,.00036111,1.5100,82.7540,97.0345,119.0546,0,U,39022,999,5038,0,.85E-6,0
SKYNET 5D,2012-075A,2026-09-23T13:35:51.386208,1.00271564,.00039376,0.0723,356.8717,192.0993,70.1647,0,U,39034,999,5014,0,.98E-6,0
MEXSAT 3,2012-075B,2026-09-23T13:54:43.590816,1.00276034,.00019549,0.0268,163.8427,73.0467,219.4282,0,U,39035,999,803,0,0,0
TDRS 11,2013-004A,2026-09-23T13:58:52.936032,1.00271400,.00031221,3.6716,32.6912,41.0725,323.9736,0,U,39070,999,4768,0,.81E-6,0
AMAZONAS 3,2013-006A,2026-09-23T13:03:24.497856,1.00273147,.00052553,0.0274,214.2725,343.6028,299.4074,0,U,39078,999,4591,0,-.284E-5,0
AZERSPACE 1,2013-006B,2026-09-23T01:35:30.463584,1.00269031,.00016836,0.0245,153.5718,47.3959,230.8285,0,U,39079,999,4978,0,0,0
SBIRS GEO-2 (USA 241),2013-011A,2026-09-23T13:14:43.424736,1.00272851,.00024525,4.7000,52.4376,144.8687,266.9931,0,U,39120,999,4952,0,-.143E-5,0
EUTELSAT 117 WEST A,2013-012A,2026-09-23T13:29:05.332128,1.00269834,.00029975,0.0129,159.8050,26.5233,261.5532,0,U,39122,999,4941,0,0,0
ANIK G1,2013-014A,2026-09-23T13:20:56.587200,1.00271900,.0003068,0.0039,87.6649,108.3618,259.3344,0,U,39127,999,4923,0,-.76E-6,0
ZHONGXING-11,2013-020A,2026-09-23T16:24:15.090336,1.00269427,.00009918,0.0378,329.3046,155.2532,221.9416,0,U,39157,999,4888,0,-.291E-5,0
EUTELSAT 7B,2013-022A,2026-09-23T06:34:54.252192,1.00268937,.00040858,0.0693,346.2916,122.4722,8.1350,0,U,39163,999,4893,0,.102E-5,0
WGS F5 (USA 243),2013-024A,2026-09-23T07:58:01.280928,1.00269384,.00006383,0.0241,179.6332,7.1536,242.4191,0,U,39168,999,4815,0,0,0
SES-6,2013-026A,2026-09-23T11:26:41.271648,1.00273299,.00024593,0.0417,320.0948,225.2300,308.1895,0,U,39172,999,4871,0,-.263E-5,0
IRNSS-1A,2013-034A,2026-09-19T19:28:43.318272,1.00276768,.00201805,35.9295,62.5184,178.6911,104.7739,0,U,39199,999,4831,0,.84E-6,0
ALPHASAT,2013-038A,2026-09-23T04:54:41.363424,1.00272929,.00038517,3.0036,0.5667,191.2269,268.8284,0,U,39215,999,4500,0,.135E-5,0
INSAT-3D,2013-038B,2026-09-23T10:32:31.465248,1.00275248,.00019578,2.1718,81.1914,123.1460,85.6074,0,U,39216,999,4806,0,-.339E-5,0
WGS F6 (USA 244),2013-041A,2026-09-23T05:24:02.744928,1.00272410,.00000519,0.0167,176.9027,28.2992,102.7084,0,U,39222,999,4704,0,.87E-6,0
ES'HAIL 1,2013-044A,2026-09-23T03:12:13.688928,1.00268968,.00023001,0.0637,348.6335,183.0591,263.8656,0,U,39233,999,4760,0,.141E-5,0
GSAT-7,2013-044B,2026-09-23T13:58:39.747072,1.00272318,.00054834,0.3266,86.5895,165.6717,33.8667,0,U,39234,999,4624,0,-.79E-6,0
AMOS-4,2013-045A,2026-09-23T13:39:21.051360,1.00272019,.0001166,0.0206,223.0303,310.4671,98.7759,0,U,39237,999,4794,0,.6E-7,0
ASTRA 2E,2013-056A,2026-09-23T13:28:59.545056,1.00270689,.00021644,0.0903,306.0019,235.6100,51.5403,0,U,39285,999,4740,0,.149E-5,0
FM-6,2013-058A,2026-09-23T13:29:05.294976,1.00272830,.00009945,0.0198,236.6914,28.9425,182.7091,0,U,39360,999,4705,0,-.17E-6,0
RADUGA-1M 3,2013-062A,2026-09-23T13:30:51.865056,1.00273497,.00019724,6.2041,71.0784,299.0471,229.9776,0,U,39375,999,4709,0,.156E-5,0
SES-8,2013-071A,2026-09-23T14:11:22.673760,1.00268786,.00020888,0.0494,286.6801,229.4318,154.1816,0,U,39460,999,4541,0,-.271E-5,0
INMARSAT 5-F1,2013-073A,2026-09-23T03:22:50.171808,1.00268143,.00002618,0.0253,161.4709,20.9566,292.9140,0,U,39476,999,4656,0,0,0
TKSAT-1 (TUPAC KATARI),2013-075A,2026-09-23T09:30:44.888832,1.00271380,.00021358,0.0439,24.3788,144.0640,249.3128,0,U,39481,999,4658,0,-.197E-5,0
EXPRESS-AM5,2013-077A,2026-09-23T15:43:23.236320,1.00271882,.0002084,0.0287,249.7908,238.9748,249.6415,0,U,39487,999,4734,0,-.281E-5,0
GSAT-14,2014-001A,2026-09-23T13:58:27.117120,1.00269988,.00057128,0.0265,169.8136,52.6798,63.5619,0,U,39498,999,4636,0,0,0
THAICOM 6,2014-002A,2026-09-23T13:43:12.260352,1.00272922,.00034974,0.0556,111.7657,47.5327,127.4748,0,U,39500,999,4644,0,-.123E-5,0
TDRS 12,2014-004A,2026-09-23T06:18:33.320160,1.00266845,.00068687,4.0806,20.5619,216.0818,179.0729,0,U,39504,999,4526,0,-.269E-5,0
ABS-2,2014-006A,2026-09-23T13:58:39.755712,1.00269227,.0003558,0.0249,157.8036,25.7285,103.4958,0,U,39508,999,4626,0,0,0
ATHENA-FIDUS,2014-006B,2026-09-23T13:31:36.793056,1.00272262,.00015114,0.0104,149.0504,46.6643,47.4099,0,U,39509,999,4607,0,.153E-5,0
TURKSAT 4A,2014-007A,2026-09-23T13:32:51.674208,1.00274247,.00039578,0.0803,284.5722,320.0040,3.0753,0,U,39522,999,4595,0,.144E-5,0
EXPRESS-AT1,2014-010A,2026-09-23T13:59:41.923968,1.00315427,.00049514,0.5036,84.3460,85.1983,119.3384,0,U,39612,999,4580,0,-.113E-5,0
EXPRESS-AT2,2014-010B,2026-09-23T11:54:08.638848,1.00272454,.00003728,0.0169,240.1599,227.0974,129.6331,0,U,39613,999,4548,0,.77E-6,0
AMAZONAS 4A,2014-011A,2026-09-22T09:06:27.035712,1.00270753,.00062067,0.0525,160.2813,27.9536,235.6387,0,U,39616,999,4568,0,-.255E-5,0
ASTRA 5B,2014-011B,2026-09-23T04:54:18.899424,1.00273798,.00033685,0.1026,293.6896,265.8729,259.6019,0,U,39617,999,4565,0,.135E-5,0
IRNSS-1B,2014-017A,2026-09-22T23:55:32.209248,1.00273186,.00198809,28.7586,238.7232,191.5745,345.4831,0,U,39635,999,4577,0,.105E-5,0
LUCH-5V,2014-023A,2026-09-23T12:30:03.014208,1.00267632,.00029009,5.3718,68.6661,142.5515,73.3241,0,U,39727,999,4534,0,-.265E-5,0
KAZSAT-3,2014-023B,2026-09-23T13:37:28.731360,1.00272164,.00003341,0.0161,252.2765,359.8652,13.1597,0,U,39728,999,4344,0,.59E-6,0
EUTELSAT 3B,2014-030A,2026-09-23T01:23:16.636416,1.00271866,.0004213,0.0641,359.0737,180.1912,206.5796,0,U,39773,999,4504,0,.18E-6,0
ASIASAT 8 (AMOS-7),2014-046A,2026-09-23T14:29:49.531200,1.00270747,.00016257,0.0183,104.1918,75.1365,145.9076,0,U,40107,999,10313,0,-.334E-5,0
ASIASAT 6,2014-052A,2026-09-23T13:55:03.622656,1.00267772,.00010592,0.0215,168.4955,24.6800,137.9408,0,U,40141,999,4406,0,0,0
OPTUS 10,2014-054A,2026-09-23T15:22:24.775392,1.00273469,.00019319,0.1062,25.7061,152.4850,210.9201,0,U,40146,999,4401,0,-.148E-5,0
MEASAT-3B,2014-054B,2026-09-23T00:02:38.504256,1.00268954,.00009701,0.0521,50.3018,67.1796,336.5249,0,U,40147,999,4390,0,-.243E-5,0
HIMAWARI-8,2014-060A,2026-09-23T13:17:43.794240,1.00272681,.00010497,0.0212,105.0999,93.5567,143.8675,0,U,40267,999,4374,0,-.277E-5,0
IRNSS-1C,2014-061A,2026-09-23T00:03:23.955840,1.00269559,.0019793,6.7615,87.0454,10.3859,348.2850,0,U,40269,999,4366,0,-.159E-5,0
INTELSAT 30 (IS-30),2014-062A,2026-09-23T13:13:56.945856,1.00267425,.00013635,0.0187,147.1605,263.9392,54.7440,0,U,40271,999,778,0,0,0
ARSAT 1,2014-062B,2026-09-23T11:17:42.133056,1.00267942,.00017313,0.0161,143.3835,33.6021,282.9602,0,U,40272,999,4361,0,0,0
EUTELSAT 53A,2014-064A,2026-09-23T13:35:58.873632,1.00268754,.00022395,0.0250,187.5073,6.3946,65.4993,0,U,40277,999,4255,0,0,0
GSAT-16,2014-078A,2026-09-23T05:03:25.524576,1.00270883,.00055397,0.0204,154.9910,322.7812,15.2432,0,U,40332,999,4310,0,.83E-6,0
DIRECTV 14,2014-078B,2026-09-23T05:17:09.523104,1.00270041,.00008625,0.0153,164.5284,291.1696,246.4355,0,U,40333,999,4302,0,0,0
YAMAL 401,2014-082A,2026-09-23T14:56:26.503008,1.00272762,.00004538,0.0196,231.4856,336.6951,108.3717,0,U,40345,999,4290,0,-.23E-5,0
ASTRA 2G,2014-089A,2026-09-23T11:46:09.404832,1.00268859,.00026062,0.0213,350.8026,109.1513,107.1090,0,U,40364,999,4295,0,0,0
FENGYUN 2G,2014-090A,2026-09-23T16:24:32.390208,1.00270475,.00037723,5.8809,71.5757,185.1799,91.6889,0,U,40367,999,4298,0,-.299E-5,0
INMARSAT 5-F2,2015-005A,2026-09-23T11:22:34.166784,1.00268161,.00004307,0.0195,153.0677,348.1993,336.6585,0,U,40384,999,4198,0,-.287E-5,0
ABS-3A,2015-010A,2026-09-23T08:12:07.428960,1.00271123,.00019759,0.0050,170.9265,310.6129,0.6818,0,U,40424,999,4236,0,-.28E-6,0
EUTELSAT 115 WEST B,2015-010B,2026-09-23T06:57:48.384576,1.00272600,.00002044,0.0398,13.2770,259.9103,78.5165,0,U,40425,999,4236,0,-.27E-6,0
EXPRESS-AM7,2015-012A,2026-09-23T15:15:41.041152,1.00270290,.00033059,0.0252,165.9732,22.6739,82.7423,0,U,40505,999,4199,0,0,0
BEIDOU-3S IGSO-1S,2015-019A,2026-09-23T12:32:26.388096,1.00287329,.00389488,49.0086,294.2693,201.5353,150.9890,0,U,40549,999,4205,0,-.142E-5,0
THOR 7,2015-022A,2026-09-23T08:12:44.868672,1.00273206,.00026668,0.0192,228.3334,314.7786,301.6399,0,U,40613,999,4180,0,-.1E-6,0
TURKMENALEM52E/MONACOSAT,2015-023A,2026-09-23T05:02:25.620864,1.00271763,.00030551,0.0216,106.1586,73.1151,310.4318,0,U,40617,999,4183,0,.102E-5,0
DIRECTV 15,2015-026A,2026-09-22T23:10:21.542304,1.00269494,.00011876,0.0204,107.4089,52.6883,86.4486,0,U,40663,999,4144,0,-.105E-5,0
SKY MEXICO-1,2015-026B,2026-09-23T07:50:24.510912,1.00267069,.0002238,0.0220,174.2574,15.5502,211.1688,0,U,40664,999,4143,0,0,0
METEOSAT-11 (MSG-4),2015-034A,2026-09-23T13:23:30.070752,1.00275771,.00005225,3.4428,70.3908,86.5728,55.6450,0,U,40732,999,820,0,.64E-6,0
STAR ONE C4,2015-034B,2026-09-23T11:18:12.086208,1.00272466,.0001011,0.0529,17.3970,173.6020,270.9048,0,U,40733,999,4100,0,-.267E-5,0
WGS F7 (USA 263),2015-036A,2026-09-23T11:36:15.614784,1.00272850,.00003442,0.0177,166.9751,300.8404,243.6195,0,U,40746,999,4085,0,.17E-6,0
INTELSAT 34 (IS-34),2015-039A,2026-09-23T06:14:18.726144,1.00270384,.00002396,0.0234,284.7186,147.4523,328.0450,0,U,40874,999,4061,0,-.287E-5,0
EUTELSAT 8 WEST B,2015-039B,2026-09-23T06:28:02.410176,1.00271271,.00035976,0.0692,344.7136,197.5305,268.9015,0,U,40875,999,4064,0,-.68E-6,0
GSAT-6,2015-041A,2026-09-23T12:01:45.408864,1.00272920,.0002915,2.1667,81.2338,104.4623,79.6283,0,U,40880,999,4058,0,-.161E-5,0
INMARSAT 5-F3,2015-042A,2026-09-23T14:29:33.248256,1.00272813,.00011174,0.0199,149.9998,236.2981,13.1227,0,U,40882,999,4055,0,.49E-6,0
TJS-1,2015-046A,2026-09-23T14:28:53.901696,1.00272327,.00032888,0.5695,83.8763,77.5355,213.3163,0,U,40892,999,4055,0,-.157E-5,0
EXPRESS-AM8,2015-048A,2026-09-23T14:59:27.448800,1.00272851,.00004661,0.0150,241.5516,213.3687,118.4328,0,U,40895,999,4033,0,-.113E-5,0
COSMOS 1700 DEB,1985-102G,2026-09-21T18:48:46.899360,1.00290419,.00260082,9.5360,318.2206,136.0556,237.8763,0,U,40924,999,6840,0,.98E-6,0
SKY MUSTER 1 (NBN1A),2015-054A,2026-09-23T08:52:56.015328,1.00270332,.00018539,0.0137,221.6117,314.4131,99.6904,0,U,40940,999,4024,0,-.28E-5,0
ARSAT 2,2015-054B,2026-09-23T12:57:47.536128,1.00268238,.00019326,0.0175,150.7594,32.4818,292.5972,0,U,40941,999,4029,0,0,0
MORELOS 3,2015-056A,2026-09-23T13:24:10.276128,1.00272115,.00033243,3.2776,17.4539,179.9576,252.9462,0,U,40946,999,4027,0,-.42E-6,0
APSTAR-9,2015-059A,2026-09-23T12:21:56.882880,1.00272502,.00026021,0.0479,54.5149,126.2237,149.1565,0,U,40982,999,4009,0,-.267E-5,0
TURKSAT 4B,2015-060A,2026-09-23T10:09:41.156064,1.00276098,.00020987,0.0177,242.5807,301.9750,20.1714,0,U,40984,999,4008,0,.112E-5,0
ZHONGXING-2C,2015-063A,2026-09-23T12:07:44.833728,1.00268231,.000989,0.5198,86.5079,116.8968,84.2996,0,U,41021,999,3996,0,-.324E-5,0
GSAT-15,2015-065A,2026-09-23T00:14:46.809600,1.00272963,.00020605,0.0158,214.1049,308.3252,296.6254,0,U,41028,999,3977,0,-.26E-5,0
BADR-7 (ARABSAT-6B),2015-065B,2026-09-22T20:21:01.283328,1.00275405,.00068355,0.0499,240.7583,339.6911,112.5528,0,U,41029,999,3974,0,.143E-5,0
LAOSAT 1,2015-067A,2026-09-23T13:57:25.894944,1.00268835,.00021454,0.0515,5.3020,117.1180,217.8732,0,U,41034,999,3984,0,-.345E-5,0
TELSTAR 12V,2015-068A,2026-09-23T09:51:20.414880,1.00269660,.00022515,0.0249,172.4089,10.0419,312.6545,0,U,41036,999,3961,0,0,0
ELEKTRO-L 2,2015-074A,2026-09-23T06:26:10.090176,1.00272438,.00017488,6.9337,69.2766,194.1578,180.7381,0,U,41105,999,3949,0,-.114E-5,0
COSMOS 2513,2015-075A,2026-09-23T12:22:30.153792,1.00271906,.00014776,0.0479,104.1484,106.5138,57.5948,0,U,41121,999,3953,0,-.14E-5,0
EXPRESS-AMU1,2015-082A,2026-09-23T06:40:38.702208,1.00274950,.00026716,0.0229,246.6695,304.9208,306.8277,0,U,41191,999,3925,0,.154E-5,0
GAOFEN-4,2015-083A,2026-09-23T15:33:39.168864,1.00272720,.00032698,0.6039,83.1991,135.6772,122.7718,0,U,41194,999,3951,0,-.336E-5,0
BELINTERSAT-1,2016-001A,2026-09-23T13:35:28.922208,1.00271922,.00005623,0.0453,73.5451,34.3781,149.8603,0,U,41238,999,3922,0,.105E-5,0
IRNSS-1E,2016-003A,2026-09-22T20:13:08.367744,1.00271989,.00216643,33.4473,58.3394,180.9710,177.5152,0,U,41241,999,3905,0,-.276E-5,0
INTELSAT 29E (IS-29E),2016-004A,2026-09-23T07:06:06.260256,1.00619110,.00039959,6.7379,69.0810,130.2492,34.7626,0,U,41308,999,3926,0,-.315E-5,0
EUTELSAT 9B,2016-005A,2026-09-23T13:23:22.583328,1.00272135,.00026911,0.0545,66.4922,151.3553,354.4083,0,U,41310,999,3910,0,.6E-6,0
SES-9,2016-013A,2026-09-23T00:10:38.261856,1.00266695,.00017257,0.0155,167.7598,327.0815,337.9791,0,U,41380,999,3842,0,0,0
EUTELSAT 65 WEST A,2016-014A,2026-09-23T07:54:16.640064,1.00267838,.00024067,0.1023,296.4513,257.6595,221.4199,0,U,41382,999,3850,0,-.278E-5,0
IRNSS-1F,2016-015A,2026-09-23T01:31:45.822720,1.00254854,.00208469,5.5907,94.5241,173.8400,149.1561,0,U,41384,999,3864,0,.159E-5,0
IRNSS-1G,2016-027A,2026-09-23T10:36:32.615424,1.00276601,.00026572,5.4341,95.1884,43.2007,152.5163,0,U,41469,999,3816,0,-.332E-5,0
JCSAT-2B,2016-028A,2026-09-23T12:52:38.692416,1.00271039,.00010117,0.0191,154.0313,32.3791,163.1533,0,U,41471,999,3811,0,-.167E-5,0
THAICOM 8,2016-031A,2026-09-23T13:43:12.260352,1.00268829,.00008095,0.0734,25.0902,92.4879,169.1220,0,U,41552,999,3770,0,-.122E-5,0
INTELSAT 31 (IS-31),2016-035A,2026-09-23T13:13:56.947584,1.00270379,.00018408,0.0147,213.0162,14.2949,238.5365,0,U,41581,999,3767,0,-.152E-5,0
BEIDOU-2 G7,2016-037A,2026-09-23T13:52:18.886368,1.00270778,.00050565,1.9579,69.6707,353.0859,258.3360,0,U,41586,999,787,0,-.353E-5,0
ABS-2A (MONGOLSAT-1),2016-038A,2026-09-23T13:58:39.736704,1.00268833,.00017688,0.0214,174.5535,312.9055,159.3738,0,U,41588,999,3769,0,0,0
EUTELSAT 117 WEST B,2016-038B,2026-09-23T06:46:47.237952,1.00271758,.00001692,0.0397,14.2413,289.6776,42.9251,0,U,41589,999,3764,0,-.14E-6,0
BRISAT,2016-039A,2026-09-22T21:14:38.603328,1.00269143,.00021729,0.0207,191.5199,342.1811,297.1986,0,U,41591,999,3759,0,0,0
ECHOSTAR 18,2016-039B,2026-09-23T11:20:41.845920,1.00267628,.00016715,0.0259,168.3533,11.2760,291.5198,0,U,41592,999,3761,0,0,0
TIANTONG-1 1,2016-048A,2026-09-23T16:27:09.029952,1.00268495,.00020263,4.0386,44.0369,94.2989,212.3813,0,U,41725,999,3725,0,-.315E-5,0
JCSAT-16,2016-050A,2026-09-22T20:55:27.192864,1.00271367,.0000724,0.0186,171.3470,9.0956,279.1220,0,U,41729,999,3705,0,-.253E-5,0
USA 270,2016-052A,2026-09-21T08:55:01.932096,1.00266895,.0008419,4.4378,75.9095,117.2798,67.0863,0,U,41744,999,2909,0,-.352E-5,0
INTELSAT 36 (IS-36),2016-053A,2026-09-23T03:24:35.004384,1.00268694,.00017575,0.0150,159.2526,191.9093,130.4816,0,U,41747,999,3694,0,0,0
INTELSAT 33E (IS-33E),2016-053B,2026-09-23T13:27:29.688192,1.00227342,.00239066,1.8220,82.7324,190.6697,314.2831,0,U,41748,999,3723,0,.132E-5,0
INSAT-3DR,2016-054A,2026-09-23T11:59:15.649152,1.00272242,.00118851,0.0550,93.2639,170.9011,352.0325,0,U,41752,999,3680,0,-.79E-6,0
GSAT-18,2016-060A,2026-09-23T13:58:39.793728,1.00271630,.00026373,0.0278,104.8566,17.9511,163.2597,0,U,41793,999,3651,0,-.78E-6,0
SKY MUSTER 2 (NBN1B),2016-060B,2026-09-23T13:11:30.443424,1.00270884,.00016515,0.0154,234.6971,300.5346,169.8640,0,U,41794,999,3650,0,-.246E-5,0
HIMAWARI-9,2016-064A,2026-09-23T13:17:49.753248,1.00268451,.00012686,0.0286,292.0023,272.0570,138.5518,0,U,41836,999,3619,0,-.277E-5,0
SHIJIAN-17 (SJ-17),2016-065A,2026-09-20T16:32:01.081824,0.99854585,.0001815,5.9888,71.4058,74.4184,197.4964,0,U,41838,999,3615,0,-.192E-5,0
GOES 16,2016-071A,2026-09-23T08:49:04.768320,1.00271719,.00018385,0.5757,84.2495,132.9051,172.6658,0,U,41866,999,3608,0,-.92E-6,0
TIANLIAN 1-04,2016-072A,2026-09-23T10:13:37.134336,1.00273325,.00470617,1.1152,81.9684,96.8975,153.6237,0,U,41869,999,3628,0,.3E-6,0
WGS F8 (USA 272),2016-075A,2026-09-22T20:45:26.928000,1.00270192,.00001716,0.0165,132.2682,210.7668,119.8612,0,U,41879,999,3580,0,-.205E-5,0
FENGYUN 4A,2016-077A,2026-09-23T13:55:56.038944,1.00270833,.00080605,2.5643,79.0262,165.9875,89.5121,0,U,41882,999,3591,0,-.358E-5,0
ECHOSTAR 19,2016-079A,2026-09-23T09:25:31.141056,1.00271595,.00015267,0.0204,160.3970,17.9334,228.2145,0,U,41893,999,3568,0,-.14E-5,0
JCSAT-110A (JCSAT-15),2016-082A,2026-09-23T10:26:54.504384,1.00271442,.00007149,0.0122,182.1819,357.7544,89.1728,0,U,41903,999,3574,0,-.353E-5,0
STAR ONE D1,2016-082B,2026-09-23T11:14:12.467904,1.00270567,.00022866,0.0188,235.1163,303.9303,267.8357,0,U,41904,999,3575,0,-.212E-5,0
TJS-2,2017-001A,2026-09-23T03:23:57.563808,1.00272707,.00017812,1.0779,83.7890,152.0908,243.6802,0,U,41911,999,3570,0,-.8E-7,0
SBIRS GEO-4 (USA 273),2017-004A,2026-09-22T23:33:41.802912,1.00273118,.00020373,2.4330,45.4770,120.8130,167.7894,0,U,41937,999,3557,0,-.166E-5,0
HISPASAT 36W-1,2017-006A,2026-09-23T09:45:20.989152,1.00272079,.00010251,0.0200,351.6335,187.9461,293.0344,0,U,41942,999,3523,0,-.246E-5,0
TELKOM 3S,2017-007A,2026-09-23T13:54:33.670368,1.00270680,.0002329,0.0223,242.4196,303.5493,143.1146,0,U,41944,999,3512,0,-.364E-5,0
INTELSAT 32E (IS-32E),2017-007B,2026-09-23T09:43:13.692576,1.00270023,.0000468,0.0143,230.0191,227.4279,7.4532,0,U,41945,999,3521,0,-.271E-5,0
ECHOSTAR 23,2017-014A,2026-09-23T13:24:25.943904,1.00269238,.00021142,0.0261,166.1914,21.3117,266.1192,0,U,42070,999,3490,0,0,0
WGS F9 (USA 275),2017-016A,2026-09-23T09:52:12.831168,1.00269479,.00003093,0.0210,177.1904,333.9532,347.1904,0,U,42075,999,3488,0,0,0
SES-10,2017-017A,2026-09-23T13:01:47.152704,1.00266137,.00027895,0.0170,138.5290,48.2031,304.2041,0,U,42432,999,3474,0,0,0
CHINASAT 16 (SJ-13),2017-018A,2026-09-23T15:44:59.860032,1.00268530,.00070407,0.0813,90.6802,138.3840,120.2456,0,U,42662,999,3473,0,-.353E-5,0
KOREASAT 7,2017-023A,2026-09-23T14:48:42.555744,1.00270038,.00012746,0.0211,294.2815,275.6653,130.5978,0,U,42691,999,3435,0,-.363E-5,0
SGDC,2017-023B,2026-09-23T04:51:09.668736,1.00269209,.00024179,0.0163,173.9166,14.7045,171.3747,0,U,42692,999,3438,0,0,0
GSAT-9,2017-024A,2026-09-23T13:48:34.244640,1.00274413,.00027069,0.0465,93.7883,83.0139,130.1093,0,U,42695,999,3428,0,-.288E-5,0
INMARSAT 5-F4,2017-025A,2026-09-22T23:56:36.890880,1.00270736,.00005529,0.0248,165.3244,38.0482,214.1341,0,U,42698,999,3425,0,0,0
SES-15,2017-026A,2026-09-23T13:32:55.488768,1.00275423,.00008675,0.0424,327.3069,202.5047,266.6990,0,U,42709,999,841,0,.58E-6,0
VIASAT-2,2017-029A,2026-09-23T03:09:38.717568,1.00271375,.00008053,0.0207,244.0940,255.1144,200.2757,0,U,42740,999,3417,0,-.267E-5,0
EUTELSAT 172B,2017-029B,2026-09-23T13:03:37.386144,1.00271284,.00002992,0.0208,150.4856,308.0521,271.7849,0,U,42741,999,3473,0,-.7E-7,0
GSAT-19,2017-031A,2026-09-23T06:14:38.676768,1.00270118,.00034073,0.0478,94.3888,33.5906,15.6750,0,U,42747,999,3413,0,.123E-5,0
ECHOSTAR 21,2017-032A,2026-09-23T06:38:38.484384,1.00270644,.00025414,1.7841,1.9119,183.4603,286.7192,0,U,42749,999,3408,0,.65E-6,0
ZHONGXING-9A,2017-035A,2026-09-23T10:29:46.728960,0.99786130,.00003486,5.2285,73.9582,291.7108,274.1152,0,U,42763,999,3463,0,-.329E-5,0
BULGARIASAT-1,2017-038A,2026-09-23T06:30:47.147328,1.00282773,.00036291,0.0134,123.1521,73.0354,265.5666,0,U,42801,999,3383,0,.11E-6,0
HELLAS-SAT 3,2017-040A,2026-09-23T13:31:59.257056,1.00271765,.00014608,0.0685,42.5258,63.6594,138.2363,0,U,42814,999,3379,0,.151E-5,0
GSAT-17,2017-040B,2026-09-23T13:55:17.889024,1.00271511,.00045063,0.0263,105.2631,143.1690,56.3393,0,U,42815,999,3377,0,-.259E-5,0
INTELSAT 35E (IS-35E),2017-041A,2026-09-23T09:45:43.453152,1.00268150,.00023101,0.0255,161.0968,33.5282,279.5600,0,U,42818,999,3380,0,0,0
COSMOS 2520,2017-046A,2026-09-23T05:00:25.811712,1.00272171,.00007533,0.0276,119.4639,161.0331,201.6853,0,U,42907,999,3338,0,.135E-5,0
TDRS 13,2017-047A,2026-09-23T09:52:20.318592,1.00271948,.00133891,3.4873,5.0559,123.4140,10.4935,0,U,42915,999,3333,0,-.98E-6,0
QZS-3 (MICHIBIKI-3),2017-048A,2026-09-23T13:57:03.430944,1.00269334,.00016047,0.0645,139.7534,25.3316,173.6627,0,U,42917,999,3324,0,-.349E-5,0
AMAZONAS 5,2017-053A,2026-09-23T13:03:24.497856,1.00273637,.00023958,0.0496,322.5252,257.8303,276.9004,0,U,42934,999,3303,0,-.284E-5,0
ASIASAT 9,2017-057A,2026-09-23T10:30:24.168672,1.00270811,.00025753,0.0094,194.0299,346.3059,101.6773,0,U,42942,999,3286,0,-.361E-5,0
INTELSAT 37E (IS-37E),2017-059A,2026-09-23T09:50:27.998592,1.00267847,.00028885,0.0252,172.4050,15.5155,303.9485,0,U,42950,999,3305,0,0,0
BSAT-4A,2017-059B,2026-09-23T12:41:33.387360,1.00268822,.00012776,0.0250,69.0063,40.0725,193.5270,0,U,42951,999,3278,0,0,0
SES-11 (ECHOSTAR 105),2017-063A,2026-09-23T13:25:41.429856,1.00272149,.00026242,0.0060,280.8735,246.0674,291.9579,0,U,42967,999,3271,0,-.91E-6,0
KOREASAT 5A,2017-067A,2026-09-23T13:53:11.301792,1.00272029,.00008383,0.0347,273.3555,296.9249,113.6164,0,U,42984,999,3251,0,-.36E-5,0
ALCOMSAT 1,2017-078A,2026-09-23T06:23:10.377312,1.00272684,.0002112,0.0529,62.5491,115.0527,255.5435,0,U,43039,999,3227,0,-.188E-5,0
SBIRS GEO-3 (USA 282),2018-009A,2026-09-23T12:40:06.528576,1.00272479,.0001967,2.2659,16.4320,167.0111,209.5836,0,U,43162,999,3183,0,.129E-5,0
AL YAH 3,2018-012A,2026-09-23T06:24:32.745024,1.00271384,.0003564,1.7973,81.7721,100.1850,256.2234,0,U,43174,999,3182,0,-.156E-5,0
SES-14,2018-012B,2026-09-23T11:24:41.464224,1.00270961,.00010722,0.0340,46.2008,126.8124,313.0048,0,U,43175,999,801,0,-.28E-5,0
GOES 17,2018-022A,2026-09-23T12:08:10.544640,1.00272256,.00009449,1.1827,84.0408,133.3111,237.5825,0,U,43226,999,3141,0,-.184E-5,0
HISPASAT 30W-6,2018-023A,2026-09-23T08:04:23.170656,1.00272524,.00030899,0.0502,31.0355,118.5174,303.7478,0,U,43228,999,3139,0,-.218E-5,0
SUPERBIRD-B3,2018-033A,2026-09-23T14:08:31.155072,1.00271330,.00012527,0.0335,91.3281,78.8762,206.4009,0,U,43271,999,3104,0,-.93E-6,0
HYLAS 4,2018-033B,2026-09-23T11:28:26.105088,1.00272198,.00011962,0.0839,269.4104,289.9687,301.5723,0,U,43272,999,3105,0,-.235E-5,0
IRNSS-1I,2018-035A,2026-09-16T01:59:04.577568,1.00272519,.00206973,28.9650,72.7792,177.9945,189.1474,0,U,43286,999,3099,0,.81E-6,0
USA 283,2018-036A,2026-09-20T10:42:56.550240,1.00269457,.000003,0.0150,145.2934,242.1536,266.7058,0,U,43339,999,2624,0,0,0
COSMOS 2526,2018-037A,2026-09-23T13:57:25.894944,1.00273574,.00007758,0.0184,122.6616,145.4443,71.7563,0,U,43432,999,3094,0,-.346E-5,0
APSTAR-6C,2018-041A,2026-09-21T03:56:38.817888,1.00270670,.0001917,0.0515,317.9766,270.8896,324.3689,0,U,43450,999,3077,0,-.322E-5,0
BANGABANDHUSAT-1,2018-044A,2026-09-23T12:45:34.985088,1.00270186,.000253,0.0098,150.5228,42.5109,119.8486,0,U,43463,999,3069,0,-.364E-5,0
SES-12,2018-049A,2026-09-23T14:11:22.236576,1.00272076,.00018194,0.0315,51.0367,187.3796,71.8868,0,U,43488,999,3040,0,-.271E-5,0
FENGYUN 2H,2018-050A,2026-09-23T12:19:12.277056,1.00272002,.00025569,3.2765,77.8311,147.3022,41.3704,0,U,43491,999,3042,0,-.129E-5,0
TELSTAR 19V,2018-059A,2026-09-23T09:37:36.730848,1.00270421,.00026255,0.0092,154.4628,27.2424,261.9552,0,U,43562,999,3012,0,-.282E-5,0
TELKOM 4 (MERAH PUTIH),2018-064A,2026-09-23T01:53:13.765056,1.00271765,.00013551,0.0233,244.7804,307.2550,306.2217,0,U,43587,999,2986,0,-.346E-5,0
TELSTAR 18V,2018-069A,2026-09-23T13:14:16.421280,1.00271300,.00020245,0.0240,252.3943,286.8887,159.7110,0,U,43611,999,2962,0,-.295E-5,0
AZERSPACE 2 (IS-38),2018-074A,2026-09-23T11:51:01.439424,1.00271759,.00010076,0.0151,114.0434,92.8890,18.2878,0,U,43632,999,2943,0,.135E-5,0
HORIZONS-3E,2018-074B,2026-09-23T10:17:05.663328,1.00272953,.00007846,0.0123,179.4891,353.4508,152.6458,0,U,43633,999,2932,0,-.32E-6,0
BEIDOU-3 G1,2018-085A,2026-09-23T12:38:51.491904,1.00272245,.00059424,2.6361,94.5936,22.3272,235.2616,0,U,43683,999,2904,0,-.108E-5,0
GSAT-29,2018-089A,2026-09-23T05:03:18.037152,1.00269292,.00023342,0.0265,256.1152,286.3287,310.5307,0,U,43698,999,2877,0,.83E-6,0
ES'HAIL 2,2018-090A,2026-09-22T20:21:01.219392,1.00270447,.00012226,0.0264,165.0094,17.8751,149.8479,0,U,43700,999,2865,0,0,0
GEO-KOMPSAT-2A,2018-100A,2026-09-23T08:49:26.350176,1.00263602,.00015694,0.0134,106.6252,22.6968,133.5066,0,U,43823,999,2861,0,0,0
GSAT-11,2018-100B,2026-09-23T13:58:39.721152,1.00272101,.0006334,0.0561,267.9509,213.8201,164.3380,0,U,43824,999,2846,0,-.79E-6,0
GSAT-7A,2018-105A,2026-09-22T23:57:39.505824,1.00268064,.00021615,0.0479,91.4045,93.6595,239.0182,0,U,43864,999,2842,0,.25E-6,0
COSMOS 2533,2018-107A,2026-09-23T12:14:32.015328,1.00273405,.00001333,0.0143,131.1186,54.6711,70.2195,0,U,43867,999,2843,0,-.41E-6,0
TJS-3,2018-110A,2026-09-22T14:28:43.047264,1.00453969,.0004243,2.7879,79.2222,139.7369,172.3209,0,U,43874,999,2839,0,.3E-6,0
ZHONGXING-2D,2019-001A,2026-09-23T13:57:55.847232,1.00275153,.0001096,0.0278,356.9255,319.5890,25.4211,0,U,43920,999,5506,0,-.338E-5,0
HELLAS-SAT 4 & SGS-1,2019-007A,2026-09-23T13:31:59.257056,1.00273423,.00062936,0.0623,130.2849,29.5676,84.5581,0,U,44034,999,2836,0,.151E-5,0
GSAT-31,2019-007B,2026-09-23T14:06:59.311008,1.00274539,.00042059,0.0191,106.3246,123.3709,32.3920,0,U,44035,999,2795,0,.123E-5,0
NUSANTARA SATU,2019-009A,2026-09-23T13:11:30.383808,1.00270958,.00045569,0.0240,145.4059,6.3754,194.5175,0,U,44048,999,2775,0,-.236E-5,0
ZHONGXING-6C,2019-012A,2026-09-23T13:16:29.185248,1.00272393,.00139825,0.0430,337.1360,87.5583,267.3020,0,U,44067,999,2772,0,-.336E-5,0
WGS 10 (USA 291),2019-014A,2026-09-23T15:10:36.623712,1.00272324,.00001017,0.0081,144.8442,309.9685,195.6427,0,U,44071,999,2760,0,.45E-6,0
TIANLIAN 2-01,2019-017A,2026-09-23T16:12:56.433888,1.00272037,.00034108,0.7862,82.4082,128.8506,111.5317,0,U,44076,999,2763,0,-.108E-5,0
ARABSAT-6A,2019-021A,2026-09-23T06:39:01.357920,1.00271259,.00056015,0.0153,329.2744,285.8495,237.2724,0,U,44186,999,2714,0,0,0
BEIDOU-3 IGSO-1,2019-023A,2026-09-22T17:33:06.687360,1.00263658,.00279531,58.8347,36.6540,223.2993,123.3492,0,U,44204,999,818,0,-.194E-5,0
BEIDOU-2 G8,2019-027A,2026-09-23T13:10:50.655360,1.00269549,.00089678,1.9005,74.2608,277.9287,352.4526,0,U,44231,999,2706,0,-.247E-5,0
YAMAL 601,2019-031A,2026-09-23T15:17:25.725120,1.00272612,.0002435,0.0157,155.7808,21.8279,103.2490,0,U,44307,999,2691,0,.118E-5,0
AT&T T-16,2019-034A,2026-09-23T09:27:30.653856,1.00270644,.00005629,0.0160,113.0804,345.2186,304.9681,0,U,44333,999,2661,0,-.117E-5,0
EUTELSAT 7C,2019-034B,2026-09-23T06:32:17.004192,1.00273126,.00034359,0.0680,182.9714,342.6188,301.6254,0,U,44334,999,781,0,.47E-6,0
BEIDOU-3 IGSO-2,2019-035A,2026-09-22T10:15:02.922624,1.00270543,.00387123,55.2502,158.0086,210.6023,266.1690,0,U,44337,999,2664,0,-.151E-5,0
COSMOS 2539,2019-048A,2026-09-23T15:06:56.731392,1.00273377,.00003115,0.0164,130.7435,358.1771,112.3101,0,U,44457,999,2621,0,.8E-6,0
EDRS-C,2019-049A,2026-09-23T11:53:12.469344,1.00271596,.00010492,0.0258,225.1000,316.0720,141.9943,0,U,44475,999,2619,0,-.263E-5,0
INTELSAT 39 (IS-39),2019-049B,2026-09-23T14:40:32.888064,1.00271669,.00008496,0.0181,214.8145,250.9046,178.8394,0,U,44476,999,2611,0,.32E-6,0
AMOS-17,2019-050A,2026-09-23T04:52:26.577696,1.00273148,.00015892,0.0421,9.8888,162.1568,280.1118,0,U,44479,999,2616,0,.107E-5,0
AEHF-5 (USA 292),2019-051A,2026-09-23T15:06:21.921696,1.00270297,.00289924,1.3889,344.3324,10.8438,326.9830,0,U,44481,999,2624,0,-.259E-5,0
LUCH DEB,1994-082G,2026-09-14T22:25:09.188832,1.00688393,.00179798,14.5825,353.3014,117.1640,232.7678,0,U,44582,999,4714,0,.94E-6,0
EUTELSAT 5 WEST B,2019-067A,2026-09-23T06:28:54.827328,1.00273250,.00032341,0.0684,340.1954,200.3886,273.7941,0,U,44624,999,2541,0,-.44E-6,0
MEV-1,2019-067B,2026-09-20T17:39:46.579392,1.00272705,.0004224,0.8053,267.9219,269.9045,242.9064,0,U,44625,999,6249,0,-.15E-5,0
TJS-4,2019-070A,2026-09-23T15:27:17.279136,1.00273272,.00033969,0.0705,92.2668,160.3201,65.2758,0,U,44637,999,2552,0,-.172E-5,0
TIBA-1,2019-080A,2026-09-23T11:48:16.702272,1.00271551,.00023084,0.0271,14.3272,174.0238,26.5347,0,U,44800,999,2503,0,0,0
INMARSAT GX5,2019-080B,2026-09-23T13:24:00.023040,1.00273391,.00020204,0.0108,334.4773,230.4194,9.5302,0,U,44801,999,777,0,0,0
JCSAT-18 (KACIFIC 1),2019-091A,2026-09-22T21:14:38.603328,1.00278760,.00005785,0.0495,330.2373,290.0113,210.1878,0,U,44868,999,2499,0,-.202E-5,0
SHIJIAN-20 (SJ-20),2019-097A,2026-09-20T03:25:34.509792,1.00276741,.0002984,5.1562,73.8415,170.0024,206.9817,0,U,44910,999,2465,0,.145E-5,0
TJS-5,2020-002A,2026-09-20T21:27:38.454912,1.00270303,.000745,0.2333,83.0230,351.4185,354.7641,0,U,44978,999,2466,0,-.346E-5,0
GSAT-30,2020-005A,2026-09-23T00:03:23.955840,1.00272079,.00018631,0.0348,98.8741,42.0519,304.8022,0,U,45026,999,2448,0,-.167E-5,0
EUTELSAT KONNECT,2020-005B,2026-09-23T13:22:45.142752,1.00270905,.00019429,0.0635,98.7017,119.0523,352.5741,0,U,45027,999,2532,0,.48E-6,0
JCSAT-17,2020-013A,2026-09-22T16:48:20.604672,1.00270797,.00045334,5.3984,357.7594,183.1663,208.7127,0,U,45245,999,2421,0,-.316E-5,0
GEO-KOMPSAT-2B,2020-013B,2026-09-23T13:57:25.894944,1.00268708,.000166,0.0498,314.4091,280.2110,105.4300,0,U,45246,999,2426,0,-.346E-5,0
BEIDOU-3 G2,2020-017A,2026-09-23T08:35:50.155296,1.00272131,.00022652,2.6031,48.5469,132.1034,30.6001,0,U,45344,999,2424,0,-.14E-5,0
AEHF-6 (USA 298),2020-022B,2026-09-23T13:14:22.962624,1.00266655,.00423512,2.3461,302.6450,10.3945,25.5998,0,U,45465,999,2400,0,-.304E-5,0
BEIDOU-3 G3,2020-040A,2026-09-23T13:52:18.886368,1.00275013,.00029887,2.6831,67.3824,292.0118,321.6841,0,U,45807,999,2305,0,-.353E-5,0
APSTAR-6D,2020-045A,2026-09-23T08:51:11.182752,1.00272031,.00024434,0.0419,105.3763,340.7081,182.9878,0,U,45863,999,2284,0,-.319E-5,0
KOREASAT 116,2020-048A,2026-09-23T14:48:42.534144,1.00269283,.00013673,0.0340,269.0290,278.8570,152.9713,0,U,45920,999,2262,0,-.363E-5,0
EXPRESS 103,2020-053A,2026-09-23T16:24:15.110208,1.00273886,.00014638,0.0385,263.8600,190.4684,250.7856,0,U,45985,999,2263,0,-.282E-5,0
BSAT-4B,2020-056A,2026-09-23T12:41:33.388224,1.00273287,.00041555,0.0240,145.4564,10.0487,147.1081,0,U,46112,999,2237,0,-.352E-5,0
MEV-2,2020-056B,2026-09-23T06:30:02.219328,1.00272557,.00000934,0.0307,252.2696,13.1060,193.2756,0,U,46113,999,8164,0,-.13E-6,0
GALAXY 30 (G-30),2020-056C,2026-09-23T13:31:23.443392,1.00272975,.00023694,0.0201,144.1999,40.3237,255.7562,0,U,46114,999,2227,0,.35E-6,0
TIANTONG-1 2,2020-082A,2026-09-23T12:47:27.769056,1.00274635,.00006449,0.7040,343.7146,237.7841,97.6676,0,U,46916,999,2163,0,-.357E-5,0
LUCAS (JDRS-1),2020-089A,2026-09-23T14:56:26.502144,1.00270185,.00021851,0.0381,261.5958,299.6874,116.1011,0,U,47202,999,2140,0,-.237E-5,0
SXM-7,2020-096A,2026-09-23T12:56:32.655840,1.00271613,.00044961,0.0204,129.2512,358.0078,344.1233,0,U,47240,999,843,0,-.207E-5,0
CMS-01,2020-099A,2026-09-23T13:44:34.628064,1.00271264,.00052341,0.0653,90.5351,163.9277,37.1130,0,U,47256,999,2118,0,-.166E-5,0
TURKSAT 5A,2021-001A,2026-09-23T13:29:36.984768,1.00273183,.00000764,0.0158,111.3773,303.2560,181.1306,0,U,47306,999,2095,0,.153E-5,0
TIANTONG-1 3,2021-003A,2026-09-23T13:44:04.675776,1.00273203,.00033074,1.6995,345.5820,207.4780,96.9310,0,U,47321,999,2094,0,-.157E-5,0
TJS-6,2021-010A,2026-09-23T14:11:47.018688,1.00273660,.00036386,0.0136,195.7194,347.8700,210.3137,0,U,47613,999,2079,0,.42E-6,0
SHIYAN-9 (SY-9),2021-019A,2026-09-23T11:50:21.539904,1.00267692,.00144985,16.3161,301.1623,20.5242,4.8802,0,U,47851,999,2512,0,-.23E-5,0
SBIRS GEO-5 (USA 315),2021-042A,2026-09-23T15:13:02.333856,1.00271725,.00020342,4.9886,329.8886,216.4277,138.2326,0,U,48618,999,1975,0,-.272E-5,0
FENGYUN 4B,2021-047A,2026-09-23T12:07:59.811168,1.00275322,.00081812,0.3941,80.9660,280.7566,287.3228,0,U,48808,999,1955,0,-.332E-5,0
SXM-8,2021-049A,2026-09-23T12:56:32.655840,1.00270934,.00056708,0.0368,40.6239,358.4743,72.3025,0,U,48838,999,1957,0,-.207E-5,0
TIANLIAN 1-05,2021-063A,2026-09-23T15:08:19.099104,1.00273695,.00038907,1.8398,79.6817,144.3356,22.4144,0,U,49011,999,1906,0,.108E-5,0
STAR ONE D2,2021-069A,2026-09-23T02:03:38.806848,1.00268413,.00026257,0.0263,168.8663,11.5818,142.3187,0,U,49055,999,1893,0,0,0
EUTELSAT QUANTUM,2021-069B,2026-09-23T14:06:59.367168,1.00270520,.00023592,0.0150,160.8647,24.8735,76.1464,0,U,49056,999,1891,0,0,0
ZHONGXING-2E,2021-071A,2026-09-23T12:31:49.211040,1.00270395,.00006543,0.0460,77.7206,167.1021,43.5853,0,U,49062,999,1902,0,-.293E-5,0
TJS-7,2021-077A,2026-09-23T15:12:27.624384,1.00273460,.00016833,0.1103,260.0397,102.5712,128.5446,0,U,49115,999,1053,0,-.126E-5,0
CHINASAT 9B,2021-080A,2026-09-23T16:28:20.767008,1.00269088,.0003496,0.0252,235.3838,311.8647,163.7712,0,U,49125,999,1863,0,-.313E-5,0
SES-17,2021-095A,2026-09-23T03:09:38.717568,1.00270670,.00016245,0.0399,29.6451,144.4883,168.1798,0,U,49332,999,1883,0,-.274E-5,0
SYRACUSE 4A,2021-095B,2026-09-23T13:33:51.577920,1.00269862,.00015809,0.0233,185.5572,354.3591,71.4694,0,U,49333,999,1893,0,0,0
ZHONGXING-1D,2021-114A,2026-09-23T13:57:55.847232,1.00274884,.00009367,0.0470,324.6718,292.6081,84.8186,0,U,49505,999,1780,0,-.337E-5,0
STPSAT-6,2021-118A,2026-09-23T05:58:20.258112,1.00272056,.00010522,0.5667,84.0875,202.7296,52.9529,0,U,49817,999,1755,0,-.46E-6,0
EXPRESS AMU-7,2021-123A,2026-09-23T13:11:30.395040,1.00274110,.0000598,0.0388,260.5274,198.3348,246.4269,0,U,50001,999,1752,0,-.244E-5,0
EXPRESS AMU-3,2021-123B,2026-09-22T17:01:45.715296,1.00269854,.00003507,0.0321,246.6430,144.1623,329.2116,0,U,50002,999,801,0,-.324E-5,0
TIANLIAN 2-02,2021-124A,2026-09-23T11:39:08.064000,1.00272608,.00038572,1.0477,84.4165,154.3570,109.3382,0,U,50005,999,1760,0,-.15E-6,0
TURKSAT 5B,2021-126A,2026-09-23T06:14:38.676768,1.00271903,.00019102,0.0772,334.5750,317.4101,205.7910,0,U,50212,999,1728,0,.144E-5,0
INMARSAT 6-F1,2021-128A,2026-09-23T08:36:50.059872,1.00268043,.00001402,0.0244,160.9059,353.9368,60.3609,0,U,50319,999,1724,0,0,0
SHIYAN-12 01 (SY-12 01),2021-129A,2026-09-22T18:19:51.364416,1.00480482,.0001871,3.9186,78.5275,172.6079,72.7390,0,U,50321,999,1747,0,.102E-5,0
SHIYAN-12 02 (SY-12 02),2021-129B,2026-09-22T17:06:54.642816,1.00441216,.0004103,3.9167,78.5211,98.4072,238.5663,0,U,50322,999,1747,0,-.1E-5,0
TJS-9,2021-135A,2026-09-23T13:49:38.624736,1.00273275,.00052491,0.0312,106.1391,232.0330,8.9143,0,U,50574,999,1741,0,-.3E-5,0
GOES 18,2022-021A,2026-09-23T12:28:26.859648,1.00272140,.00003557,0.0446,342.8132,248.2021,181.4790,0,U,51850,999,757,0,.95E-6,0
ZHONGXING-6D,2022-038A,2026-09-22T15:33:37.916928,1.00274034,.00026495,0.0131,187.1102,37.9248,134.9585,0,U,52255,999,1640,0,-.356E-5,0
NILESAT 301,2022-061A,2026-09-23T04:45:42.223968,1.00268911,.00013734,0.0246,30.4635,149.3455,246.6282,0,U,52817,999,1571,0,0,0
CMS-02 (GSAT-24),2022-067A,2026-09-23T12:25:09.604992,1.00271155,.00023006,0.0198,155.5263,107.0072,9.1360,0,U,52903,999,1559,0,-.166E-5,0
MEASAT 3D,2022-067B,2026-09-23T14:47:11.413248,1.00273909,.00016684,0.0493,340.6812,257.9202,77.1760,0,U,52904,999,1563,0,-.244E-5,0
SES-22,2022-071A,2026-09-23T13:38:54.878208,1.00272575,.00010733,0.0225,257.5498,269.3654,261.2386,0,U,52933,999,850,0,.103E-5,0
WFOV (USA 332),2022-073A,2026-09-23T10:29:31.752384,1.00273601,.00023935,3.9553,77.2123,163.7158,38.0694,0,U,52940,999,1535,0,-.361E-5,0
TIANLIAN 2-03,2022-078A,2026-09-23T08:15:59.558112,1.00272107,.00017853,0.9162,77.7962,151.4668,267.5051,0,U,53100,999,1553,0,.71E-6,0
SBIRS GEO-6 (USA 336),2022-092A,2026-09-23T13:13:43.297248,1.00271860,.00019841,3.1034,319.2354,219.2751,161.3330,0,U,53355,999,1522,0,-.295E-5,0
EUTELSAT KONNECT VHTS,2022-110A,2026-09-23T03:05:44.310912,1.00270214,.00027329,0.0549,104.7839,48.5510,257.8351,0,U,53765,999,781,0,.15E-6,0
ZHONGXING-1E,2022-112A,2026-09-23T16:15:42.329664,1.00272410,.00030383,0.0470,331.2045,293.9893,62.7089,0,U,53813,999,1483,0,-.151E-5,0
SES-20,2022-123A,2026-09-23T04:18:14.856768,1.00272362,.00019211,0.0299,88.8143,27.7264,206.9743,0,U,53960,999,1451,0,-.103E-5,0
SES-21,2022-123B,2026-09-22T17:54:29.545056,1.00271023,.00010178,0.0358,62.3483,118.3652,318.5230,0,U,53961,999,819,0,.67E-6,0
GALAXY 33 (G-33),2022-128A,2026-09-23T13:39:01.243296,1.00271595,.00020096,0.0195,164.6262,19.4906,250.0660,0,U,54026,999,1472,0,0,0
GALAXY 34 (G-34),2022-128B,2026-09-23T00:46:25.040928,1.00273292,.00017299,0.0220,185.0177,7.7934,51.6973,0,U,54027,999,1489,0,0,0
ANGOSAT 2,2022-131A,2026-09-23T13:27:22.199904,1.00271147,.00017972,0.0263,165.3059,86.3815,335.5609,0,U,54033,999,1446,0,0,0
EUTELSAT HOTBIRD 13F,2022-134A,2026-09-23T06:38:38.484384,1.00272455,.00018795,0.0691,286.7100,80.4740,107.6273,0,U,54048,999,1436,0,.85E-6,0
EUTELSAT HOTBIRD 13G,2022-146A,2026-09-23T06:38:38.484384,1.00272250,.00021754,0.0564,240.7603,292.9116,301.1457,0,U,54225,999,844,0,.85E-6,0
ZHONGXING-19,2022-148A,2026-09-23T14:37:07.453056,1.00270728,.00049123,0.0591,261.3965,283.6380,199.8936,0,U,54230,999,1436,0,-.83E-6,0
GALAXY 31 (G-31),2022-153A,2026-09-23T13:28:55.652736,1.00272102,.00013584,0.0131,172.7530,3.3860,267.5157,0,U,54243,999,811,0,.12E-6,0
GALAXY 32 (G-32),2022-153B,2026-09-23T12:06:37.717344,1.00269882,.00001338,0.0174,175.1174,75.2699,202.6278,0,U,54244,999,1412,0,0,0
EUTELSAT 10B,2022-157A,2026-09-23T06:33:09.419616,1.00271915,.00014299,0.0555,101.4657,2.5341,6.4172,0,U,54259,999,1401,0,.66E-6,0
GALAXY 35 (G-35),2022-170A,2026-09-23T10:44:22.608960,1.00272563,.00020408,0.0133,171.0553,4.8489,254.4053,0,U,54741,999,1387,0,-.164E-5,0
GALAXY 36 (G-36),2022-170B,2026-09-23T12:55:32.752128,1.00272146,.00020632,0.0211,207.4969,281.0129,338.7844,0,U,54742,999,1377,0,-.187E-5,0
METEOSAT-12 (MTG-I1),2022-170C,2026-09-23T08:12:52.356960,1.00273526,.00036751,0.7405,20.4682,94.3809,10.1262,0,U,54743,999,1396,0,-.9E-7,0
SHIJIAN-23 (SJ-23),2023-002A,2026-09-22T18:19:46.494048,1.00024696,.0002989,3.9608,77.0262,227.7632,43.8318,0,U,55131,999,1348,0,-.7E-7,0
APSTAR-6E,2023-005A,2026-09-23T15:41:45.891168,1.00267669,.0004039,0.0426,245.3282,328.0443,158.5812,0,U,55239,999,1968,0,-.319E-5,0
USA 342,2023-008A,2026-09-20T11:53:57.238368,1.00270138,.0000354,0.0101,169.1490,72.5997,320.0533,0,U,55263,999,1347,0,0,0
ELEKTRO-L 4,2023-016A,2026-09-23T12:47:24.256896,1.00270718,.00022263,0.0721,60.5664,136.2974,163.1458,0,U,55506,999,1331,0,-.6E-6,0
AMAZONAS NEXUS,2023-017A,2026-09-23T09:38:14.171424,1.00270253,.00025492,0.0541,22.0254,117.6273,306.1813,0,U,55508,999,802,0,-.284E-5,0
ZHONGXING-26,2023-023A,2026-09-23T16:44:13.719264,1.00257851,.0001898,0.0573,67.1295,54.6382,256.9465,0,U,55686,999,1321,0,-.355E-5,0
LUCH-5X (OLYMP-K 2),2023-031A,2026-09-22T05:08:10.006080,1.00266464,.0001105,0.0192,113.6904,14.3402,12.0665,0,U,55841,999,1291,0,.31E-6,0
GAOFEN-13 02,2023-036A,2026-09-23T13:08:58.065792,1.00274897,.00033014,1.0126,13.2168,303.2177,31.4095,0,U,55912,999,1307,0,-.219E-5,0
SES-18,2023-038A,2026-09-23T13:18:57.140064,1.00272632,.00025063,0.0465,272.3047,313.4902,233.2692,0,U,55970,999,1308,0,-.103E-5,0
SES-19,2023-038B,2026-09-23T13:35:54.987360,1.00273537,.00017037,0.0321,279.8208,255.6542,256.0446,0,U,55971,999,1307,0,.86E-6,0
INTELSAT 40E (IS-40E),2023-052A,2026-09-23T00:56:26.709792,1.00271522,.00026635,0.0105,174.5371,10.9684,99.5155,0,U,56174,999,1280,0,-.177E-5,0
VIASAT-3 F1,2023-060A,2026-09-22T11:23:16.073376,1.00271751,.00006385,0.0190,217.4642,319.7275,266.0622,0,U,56370,999,1240,0,-.189E-5,0
ARCTURUS,2023-060B,2026-09-23T12:46:08.167008,1.00273031,.00008598,3.0212,78.6541,199.4445,35.5918,0,U,56371,999,1244,0,-.361E-5,0
GS-1,2023-060C,2026-09-22T20:51:48.086784,1.00249026,.00030568,2.9707,78.5849,263.8023,58.0184,0,U,56372,999,851,0,-.186E-5,0
BEIDOU-3 G4,2023-066A,2026-09-23T15:43:23.236320,1.00267135,.00054807,0.4419,0.0518,198.3570,179.9053,0,U,56564,999,1237,0,-.283E-5,0
ARABSAT-7B (BADR-8),2023-075A,2026-09-22T20:21:01.207296,1.00272564,.00015798,0.0764,21.5520,354.4497,316.9907,0,U,56757,999,1209,0,.142E-5,0
NVS-01 (IRNSS-1J),2023-076A,2026-09-23T13:18:28.675584,1.00271993,.00060268,1.9428,239.7845,1.3931,90.4286,0,U,56759,999,1210,0,-.341E-5,0
NUSANTARA TIGA (SATRIA),2023-086A,2026-09-23T13:11:30.397632,1.00267412,.00031516,0.0141,25.2881,261.2360,59.7508,0,U,57045,999,1074,0,0,0
H2SAT (HEINRICH HERTZ),2023-093A,2026-09-22T23:49:37.245216,1.00269154,.00001154,0.0180,74.2548,18.6482,267.0984,0,U,57213,999,1189,0,0,0
SYRACUSE 4B,2023-093B,2026-09-22T00:22:11.658144,1.00270264,.00002787,0.0214,185.3842,76.6449,97.9678,0,U,57214,999,794,0,0,0
JUPITER 3 (ECHOSTAR 24),2023-108A,2026-09-23T06:12:24.709248,1.00268844,.00009854,0.0226,156.3703,29.1850,174.4436,0,U,57479,999,1163,0,0,0
GALAXY 37 (G-37),2023-112A,2026-09-23T13:31:55.617024,1.00272703,.00020684,0.0175,237.6205,311.4802,249.3115,0,U,57493,999,1152,0,.46E-6,0
LUDI TANCE-4 01A,2023-120A,2026-09-23T16:23:32.623872,1.00274971,.00036595,15.0424,191.5529,44.4096,102.0614,0,U,57624,999,1153,0,-.2E-5,0
TJS-10,2023-169A,2026-09-22T18:21:33.591168,1.00272761,.0004359,2.7879,79.2270,132.6416,157.6046,0,U,58204,999,1051,0,-.25E-5,0
ZHONGXING-6E,2023-172A,2026-09-23T14:48:42.535008,1.00273594,.00024761,0.0336,244.6348,295.0431,160.5069,0,U,58253,999,1064,0,-.363E-5,0
YAOGAN-41,2023-197A,2026-09-23T13:55:56.038944,1.00269925,.00137201,2.9602,314.8371,212.2525,167.5059,0,U,58582,999,1031,0,-.366E-5,0
OVZON-3,2024-003A,2026-09-23T11:55:16.031712,1.00273761,.00005846,0.0124,189.1209,269.0482,142.7297,0,U,58698,999,843,0,.49E-6,0
INSAT-3DS,2024-033A,2026-09-23T14:01:42.221280,1.00272199,.0001388,0.0100,202.2243,343.3470,109.3943,0,U,58990,999,4805,0,-.158E-5,0
MERAH PUTIH 2,2024-035A,2026-09-23T12:42:26.551008,1.00271054,.00008005,0.0224,243.0409,310.1784,112.7426,0,U,58995,999,957,0,-.359E-5,0
TJS-11,2024-037A,2026-09-20T20:59:15.582624,1.00275781,.0002154,4.0818,328.3228,277.8967,180.8792,0,U,59020,999,954,0,-.367E-5,0
HULIANWAN GAOGUI-01 (HG-01),2024-040A,2026-09-23T06:39:53.774208,1.00271203,.00018212,0.0938,340.6271,41.2546,113.8456,0,U,59069,999,831,0,.154E-5,0
EUTELSAT 36D,2024-059A,2026-09-23T04:57:56.052000,1.00271926,.00000721,0.0159,178.3805,259.7902,34.2532,0,U,59346,999,913,0,.154E-5,0
PAKSAT-MM1,2024-104A,2026-09-23T06:14:38.676768,1.00275147,.00023086,0.0228,201.9804,339.6070,312.4026,0,U,59915,999,851,0,.152E-5,0
EKRAN 2 DEB,1977-092N,2026-09-22T23:50:32.688096,1.00187736,.00135892,3.8801,272.5605,234.4380,250.5641,0,U,59987,999,6409,0,.146E-5,0
ASTRA 1P (SES-24),2024-115A,2026-09-23T03:10:28.856352,1.00271635,.00021713,0.0620,349.1241,239.5947,200.1115,0,U,60086,999,817,0,.118E-5,0
GOES 19,2024-119A,2026-09-23T11:16:49.716768,1.00272515,.00003854,0.0204,352.1787,258.5149,205.6644,0,U,60133,999,795,0,-.25E-5,0
ZHONGXING-3A,2024-122A,2026-09-21T15:38:30.318720,1.00268125,.0002435,0.0158,357.1942,219.6941,119.8453,0,U,60179,999,827,0,-.317E-5,0
TURKSAT 6A,2024-127A,2026-09-22T23:35:26.505024,1.00271682,.00045831,0.0292,214.0990,344.7964,198.7856,0,U,60233,999,799,0,.144E-5,0
HULIANWAN GAOGUI-02 (HG-02),2024-135A,2026-09-23T12:52:38.692416,1.00273219,.00043126,0.0662,349.4746,3.3312,355.8372,0,U,60327,999,847,0,-.175E-5,0
ZHONGXING-4A,2024-151A,2026-09-23T00:13:22.999008,1.00269218,.00010516,1.0699,269.9494,12.7749,200.7171,0,U,60606,999,773,0,-.366E-5,0
HULIANWAN GAOGUI-03 (HG-03),2024-181A,2026-09-23T12:58:54.928992,1.00269824,.00009477,0.0726,354.3643,105.5144,20.1335,0,U,61503,999,781,0,-.243E-5,0
DSN-3 (KIRAMEKI-3),2024-198A,2026-09-23T13:10:57.514656,1.00270375,.00012773,0.0220,204.2886,323.6101,176.3113,0,U,61733,999,690,0,-.252E-5,0
KOREASAT 6A,2024-206A,2026-09-23T12:44:32.574048,1.00270598,.00007989,0.0150,205.5865,328.9232,135.0556,0,U,61910,999,682,0,-.363E-5,0
INTELSAT 33E DEB,2016-053L,2026-09-22T09:53:39.018624,1.00510100,.00248196,1.8311,83.6865,214.9804,145.5991,0,U,61994,999,707,0,-.285E-5,0
INTELSAT 33E DEB,2016-053Q,2026-09-23T01:36:14.959584,1.00439746,.00147287,1.8047,81.7719,27.7097,333.1568,0,U,61998,999,708,0,.43E-6,0
INTELSAT 33E DEB,2016-053S,2026-09-17T23:37:09.366816,1.00108024,.0035554,1.9412,89.4437,352.5209,7.9940,0,U,62000,999,701,0,-.271E-5,0
INTELSAT 33E DEB,2016-053V,2026-09-22T22:39:23.751360,1.00443321,.00106092,1.8699,85.8231,204.5992,156.1077,0,U,62003,999,706,0,-.348E-5,0
OPTUS-X (ADS-01),2024-212A,2026-09-23T11:56:40.258752,1.00272690,.00027369,0.0511,268.0675,273.5127,156.3624,0,U,62006,999,674,0,-.145E-5,0
GSAT-N2 (GSAT-20),2024-214A,2026-09-23T12:12:48.528864,1.00269089,.00008689,0.0233,110.6118,247.6567,255.3624,0,U,62028,999,688,0,-.21E-6,0
SXM-9,2024-234A,2026-09-23T07:48:39.678336,1.00270836,.00042228,0.0103,224.9317,88.9716,80.2955,0,U,62259,999,655,0,-.207E-5,0
TJS-12,2024-246A,2026-09-23T13:11:30.380352,1.00274896,.00013126,0.4807,313.3968,168.3427,225.0380,0,U,62374,999,655,0,-.233E-5,0
NUVIEW ALPHA,2024-252B,2026-09-23T07:49:17.118048,1.00268939,.00007183,0.0270,60.0293,170.0965,166.2626,0,U,62455,999,480,0,0,0
AGILA,2024-252C,2026-09-23T11:47:25.937088,1.00271591,.0001373,0.0248,137.5203,63.8588,129.9948,0,U,62456,999,614,0,-.183E-5,0
NUVIEW BRAVO,2024-252D,2026-09-23T07:49:17.118048,1.00272306,.00017761,0.0631,161.9784,30.4089,204.0267,0,U,62457,999,477,0,-.217E-5,0
THURAYA-4,2025-001A,2026-09-23T11:50:53.951136,1.00273817,.00001598,0.0206,104.2415,13.4934,106.6515,0,U,62483,999,516,0,.137E-5,0
SHIJIAN-25 (SJ-25),2025-002A,2026-09-22T18:21:34.603776,1.00270768,.0047052,5.3398,60.4898,179.8782,164.1485,0,U,62485,999,633,0,-.348E-5,0
TJS-14,2025-017A,2026-09-23T15:26:10.644000,1.00272395,.0003409,0.5788,305.7341,321.7050,344.9969,0,U,62804,999,625,0,.113E-5,0
SPAINSAT NG I,2025-021A,2026-09-23T11:46:31.868832,1.00269314,.00001185,0.0201,170.5301,326.9210,70.5077,0,U,62852,999,497,0,0,0
QZS-6 (MICHIBIKI-6),2025-023A,2026-09-23T08:38:42.379872,1.00273291,.00019782,0.0382,286.2770,263.2768,32.8933,0,U,62876,999,593,0,-.236E-5,0
ZHONGXING-10R,2025-036A,2026-09-23T12:41:33.387360,1.00272865,.00050131,0.0666,249.3939,292.0247,121.8997,0,U,63075,999,594,0,-.354E-5,0
TJS-15,2025-045A,2026-09-22T18:37:20.397792,1.00270678,.0000286,0.4531,84.6330,196.6415,88.4329,0,U,63157,999,573,0,-.22E-5,0
TIANLIAN 2-04,2025-062A,2026-09-23T14:35:38.949216,1.00271690,.0033177,4.1301,273.0817,7.9993,20.3012,0,U,63361,999,559,0,-.144E-5,0
TJS-16,2025-064A,2026-09-22T17:06:37.404288,1.00272356,.0001708,1.3419,80.6000,241.1355,97.2046,0,U,63397,999,536,0,-.106E-5,0
TJS-17,2025-073A,2026-09-22T18:12:01.240416,1.00272027,.0001453,1.3081,81.6317,172.9840,184.5265,0,U,63524,999,526,0,-.71E-6,0
TIANLIAN 2-05,2025-084A,2026-09-23T06:36:09.133344,1.00271730,.00010613,4.2111,278.7772,221.3826,341.4335,0,U,63662,999,536,0,.116E-5,0
TJS-19,2025-097A,2026-09-22T18:28:29.761824,1.00277209,.0006088,3.1334,319.1593,268.2708,192.4662,0,U,63924,999,512,0,-.28E-5,0
CHINASAT 3B,2025-106A,2026-09-23T03:52:47.298720,1.00270810,.00025677,0.0153,355.3517,200.6845,31.4910,0,U,64062,999,504,0,-.47E-6,0
SXM-10,2025-122A,2026-09-23T13:48:28.018656,1.00271536,.00013534,0.0268,54.6689,296.3652,102.3730,0,U,64290,999,466,0,-.19E-6,0
COSMOS 2589,2025-131A,2026-09-22T14:24:27.290304,1.00573710,.0014925,0.1809,89.5070,339.5693,270.5299,0,U,64467,999,453,0,-.342E-5,0
CHINASAT 9C,2025-132A,2026-09-23T14:47:19.421664,1.00269948,.00033837,0.0546,252.7149,282.4793,141.3038,0,U,64470,999,513,0,-.248E-5,0
MTG-S1,2025-143A,2026-09-23T06:30:09.706752,1.00273559,.00037531,0.6183,342.2737,254.0644,223.0844,0,U,64723,999,440,0,-.8E-7,0
DROR 1,2025-148A,2026-09-23T06:29:09.803040,1.00273255,.00006395,0.0175,132.5896,95.4376,227.3814,0,U,64784,999,427,0,-.36E-6,0
NTS-3,2025-173A,2026-09-23T08:02:23.362368,1.00657497,.00013264,3.4799,70.6765,138.9969,236.3180,0,U,65160,999,102,0,-.202E-5,0
SHIYAN-29,2025-196A,2026-09-22T18:29:40.945920,1.00285637,.00159276,28.9241,17.3087,176.6624,180.0035,0,U,65486,999,385,0,-.263E-5,0
NUSANTARA LIMA (NUSANTARA 5),2025-205A,2026-09-23T10:27:46.919808,1.00268495,.00005668,0.0128,150.3400,95.0404,26.7005,0,U,65588,999,370,0,0,0
TJS-20,2025-238A,2026-09-23T05:05:17.846304,1.00271934,.0003287,5.2596,299.2144,242.7821,318.7697,0,U,66142,999,331,0,.17E-6,0
CMS-03 (GSAT-7R),2025-249B,2026-09-23T13:58:39.713376,1.00272577,.00006593,0.0310,257.4541,258.7694,129.8702,0,U,66311,999,333,0,-.79E-6,0
VIASAT-3 F2,2025-261A,2026-09-22T23:17:13.384320,1.00269117,.00012284,0.0142,180.6773,80.0356,11.4337,0,U,66454,999,377,0,0,0
SHIJIAN-28 (SJ-28),2025-277A,2026-09-23T12:45:00.468288,1.00273051,.00012342,4.2928,270.6157,84.8737,315.0421,0,U,66549,999,314,0,-.369E-5,0
TJS-22,2025-290A,2026-09-23T01:17:38.866848,1.00273383,.00042951,1.2996,288.4269,323.3482,196.0364,0,U,66990,999,300,0,-.11E-6,0
TJS-23,2025-306A,2026-09-23T07:56:26.709216,1.00268714,.00041111,5.3716,297.0279,263.4107,96.3979,0,U,67226,999,287,0,.9E-7,0
FENGYUN 4C,2025-312A,2026-09-22T22:35:02.643648,1.00274087,.00005305,0.0180,351.9067,296.8096,184.8760,0,U,67246,999,285,0,-.325E-5,0
SHIJIAN-29A (SJ-29A),2025-315A,2026-09-23T15:24:56.577600,1.00269624,.00062065,3.6403,92.7281,75.2086,139.2395,0,U,67302,999,260,0,-.68E-6,0
SHIJIAN-29B (SJ-29B),2025-315C,2026-09-23T14:52:20.091936,1.00269681,.00070033,3.6392,92.7232,90.7624,115.5522,0,U,67403,999,267,0,-.69E-6,0
ELEKTRO-L 5,2026-028A,2026-09-22T18:49:10.509024,1.00269873,.00016332,0.0111,57.9183,113.9766,188.1078,0,U,67756,999,222,0,0,0
JAM-E JAM 1,2026-028B,2026-09-23T03:14:43.448640,1.00271295,.00002672,0.1537,7.2989,34.6172,42.6351,0,U,67757,999,210,0,.154E-5,0
ECHOSTAR 25,2026-045A,2026-09-23T05:21:54.394272,1.00272737,.00016714,0.0136,176.5093,355.4877,160.5869,0,U,68126,999,197,0,-.59E-6,0
VIASAT-3 F3,2026-096A,2026-09-23T05:09:51.407712,1.00270989,.00003951,0.0146,216.2810,32.8851,348.9777,0,U,68893,999,159,0,-.125E-5,0
TJS-24,2026-116A,2026-09-23T14:56:26.433024,1.00272749,.00014419,0.2552,88.2073,173.3838,55.3321,0,U,69235,999,121,0,-.233E-5,0
TJS-25,2026-129A,2026-09-22T21:28:43.010400,1.00271111,.00047788,5.8751,330.6326,278.3713,195.1841,0,U,69474,999,104,0,-.374E-5,0
TJS-26A,2026-144A,2026-09-23T12:40:12.350208,1.00270395,.00061661,6.8507,323.2066,338.1668,358.5951,0,U,69674,999,92,0,-.355E-5,0
SXM-11,2026-148A,2026-09-23T13:54:43.658208,1.00267848,.00004307,0.0238,151.4735,94.7748,209.5441,0,U,69728,999,102,0,0,0
TIANLIAN 2-06,2026-169A,2026-09-23T07:00:01.816416,1.00271589,.00041715,2.8864,298.3676,347.8333,11.8467,0,U,100140,999,63,0,.101E-5,0
TIANLIAN 3-01,2026-172A,2026-09-23T15:30:24.480288,1.00274382,.00007287,0.0847,24.4237,149.9457,155.0078,0,U,100172,999,56,0,-.266E-5,0
MTG-I2,2026-198A,2026-09-23T04:48:41.936832,1.00272308,.00002864,0.9815,302.7154,205.9524,289.0631,0,U,100530,999,31,0,.19E-6,0
