OBJECT_NAME,OBJECT_ID,EPOCH,MEAN_MOTION,ECCENTRICITY,INCLINATION,RA_OF_ASC_NODE,ARG_OF_PERICENTER,MEAN_ANOMALY,EPHEMERIS_TYPE,CLASSIFICATION_TYPE,NORAD_CAT_ID,ELEMENT_SET_NO,REV_AT_EPOCH,BSTAR,MEAN_MOTION_DOT,MEAN_MOTION_DDOT
SYNCOM 2 (A 26),1963-031A,2026-09-23T14:44:04.208640,1.00277970,.00071008,29.7737,299.0422,214.8026,135.0161,0,U,634,999,23134,0,.5E-7,0
OPS 3674 (VELA 4),1964-040B,2026-09-25T15:21:21.502080,0.23984765,.65605675,48.4107,117.7737,256.9157,0.5611,0,U,837,999,5496,0,.68E-6,0
SYNCOM 3,1964-047A,2026-09-22T18:55:14.728224,1.00360236,.00046794,7.1991,63.4322,162.6121,179.2098,0,U,858,999,5444,0,-.359E-5,0
DELTA 1 R/B,1964-047B,2026-09-21T10:03:53.550720,2.05099540,.71091518,16.6224,306.6867,76.0366,347.9889,0,U,862,999,26013,0,-.249E-5,0
INTELSAT 1-F1,1965-028A,2026-09-23T08:37:27.655968,1.00221881,.00086498,7.3907,62.6717,147.9260,132.2292,0,U,1317,999,12815,0,.13E-5,0
DELTA 1 R/B(2),1965-028B,2026-09-23T14:23:49.447968,2.11825722,.69588847,17.3604,238.8931,201.3359,352.8925,0,U,1318,999,10941,0,.35E-6,0
INTELSAT 2-F1,1966-096A,2026-09-23T08:46:19.644096,2.00313974,.63888922,18.3288,37.4007,214.6220,79.2807,0,U,2514,999,9678,0,-.12E-5,0
ATS 1,1966-110A,2026-09-23T14:02:32.011872,1.00287657,.00071023,5.2135,68.8637,185.7659,116.7431,0,U,2608,999,13578,0,-.122E-5,0
INTELSAT 2-F2,1967-001A,2026-09-23T11:11:27.731616,1.00151303,.00070757,3.4987,76.0646,191.5988,168.7002,0,U,2639,999,12022,0,-.141E-5,0
INTELSAT 2-F3,1967-026A,2026-09-22T18:08:08.903904,1.00392613,.0017863,4.3175,67.2062,222.1454,49.8414,0,U,2717,999,12487,0,-.25E-6,0
TITAN 3C TRANSTAGE R/B,1967-040F,2026-09-24T10:40:11.834688,0.50945118,.80319037,14.3370,204.3901,1.2657,359.2908,0,U,2770,999,2380,0,-.887E-5,0
INTELSAT 2-F4,1967-094A,2026-09-22T20:00:24.971040,1.00329145,.00127946,4.3183,73.0935,146.3242,33.1967,0,U,2969,999,11629,0,-.28E-5,0
ATS 3,1967-111A,2026-09-23T13:20:03.660288,1.00271902,.00151729,3.4244,77.1564,40.6733,339.4655,0,U,3029,999,21562,0,-.88E-6,0
OPS 2222,1968-063A,2026-09-23T13:32:02.474592,0.99251330,.08960418,5.6720,280.8349,235.3860,291.9806,0,U,3334,999,2710,0,.4E-7,0
OV2-5,1968-081A,2026-09-23T12:14:32.006688,1.01561844,.00788132,2.2090,52.5599,283.0254,280.5320,0,U,3428,999,12205,0,-.245E-5,0
LES-6,1968-081D,2026-09-23T13:26:21.045984,1.00350773,.00078687,1.7237,44.8398,288.3559,117.9643,0,U,3431,999,12177,0,-.53E-6,0
TITAN 3C TRANSTAGE R/B,1968-081E,2026-09-23T08:11:59.940672,1.01515559,.00926296,2.1681,52.6373,276.5780,152.0886,0,U,3432,999,12298,0,.84E-6,0
OPS 0757 (TACSAT),1969-013A,2026-09-23T14:06:44.336160,1.00442138,.00224239,3.0932,73.5927,175.5400,13.4929,0,U,3691,999,11509,0,.101E-5,0
TITAN 3C TRANSTAGE R/B,1969-013B,2026-09-23T12:54:55.310688,0.97534707,.0164473,1.5635,77.3828,39.4957,348.6583,0,U,3692,999,4328,0,-.5E-6,0
TITAN 3C TRANSTAGE R/B,1969-046F,2026-09-24T01:18:52.861536,0.46197469,.8004779,17.6449,36.5367,273.1839,1.0112,0,U,3956,999,2155,0,-.347E-5,0
ATS 5,1969-069A,2026-09-23T13:35:55.002912,0.99490033,.00059347,0.4251,117.9465,154.4373,159.2101,0,U,4068,999,4730,0,.106E-5,0
ATLAS CENTAUR R/B,1969-069B,2026-09-23T03:25:42.229632,2.04805085,.66634125,17.1942,265.3905,279.4118,16.0537,0,U,4069,999,42721,0,-.229E-5,0
SKYNET 1A,1969-101A,2026-09-23T12:09:13.876704,1.00267757,.00262771,0.6874,80.6642,160.9939,198.3830,0,U,4250,999,13549,0,-.92E-6,0
NATO 2A,1970-021A,2026-09-23T12:12:09.031104,1.00278315,.00037812,0.3151,342.5948,244.8100,216.4517,0,U,4353,999,12675,0,-.114E-5,0
INTELSAT 3-F7,1970-032A,2026-09-22T20:11:43.008864,1.00277696,.00031782,2.6739,85.8229,198.0076,162.5166,0,U,4376,999,4834,0,-.267E-5,0
INTELSAT 3-F8,1970-055A,2026-09-23T08:04:15.683232,1.02263211,.03200004,5.6960,68.1886,120.1249,268.2287,0,U,4478,999,12383,0,-.41E-6,0
OPS 7329,1970-069A,2026-09-23T09:47:51.435744,1.00187298,.10108236,10.7001,154.2888,112.9963,95.4936,0,U,4510,999,2577,0,.12E-5,0
ATLAS AGENA D R/B,1970-046B,2026-09-23T13:22:51.643488,1.00442283,.00306724,1.9466,82.7913,310.9598,49.5301,0,U,4511,999,2654,0,-.19E-6,0
OPS 5960 (DSP 1),1970-093A,2026-09-16T15:43:06.136032,1.20217139,.13596,15.2605,34.4961,281.5343,116.6838,0,U,4630,999,24494,0,-.159E-5,0
TITAN 3C TRANSTAGE R/B,1970-093B,2026-09-20T16:43:44.452992,1.20232042,.1367855,15.2652,34.1078,281.8561,268.4601,0,U,4632,999,14355,0,-.139E-5,0
ATLAS CENTAUR R/B,1971-006B,2026-09-23T08:02:33.993888,2.20763478,.71704153,27.4835,223.4284,110.4586,335.2447,0,U,4882,999,44536,-.59297637E-3,-.159E-5,0
NATO 2B,1971-009A,2026-09-23T13:21:59.391360,1.00271408,.00032769,0.9241,238.5141,283.1173,296.4888,0,U,4902,999,11962,0,-.92E-6,0
TITAN 34B AGENA D R/B,1971-021B,2026-09-21T22:55:37.125984,2.20333045,.73219259,63.5116,354.9075,267.5133,15.3105,0,U,5054,999,5924,.9854561E-3,.1297E-4,0
OPS 9431 (DSCS 2-1),1971-095A,2026-09-23T13:17:55.651776,1.00260299,.00066038,1.3497,249.6303,358.7201,211.0029,0,U,5587,999,12300,0,-.106E-5,0
OPS 9432 (DSCS 2-2),1971-095B,2026-09-23T13:49:11.685216,1.00157869,.00029138,1.3091,251.3641,44.8847,12.6509,0,U,5588,999,4835,0,-.282E-5,0
TITAN 3C TRANSTAGE R/B,1971-095C,2026-09-23T13:48:11.780640,0.97187548,.01655534,3.0243,272.1748,189.6565,204.8207,0,U,5589,999,12038,0,-.83E-6,0
INTELSAT 4-F3,1971-116A,2026-09-23T12:06:07.481664,0.99617245,.00094023,6.1647,290.0199,126.3304,28.2255,0,U,5709,999,11985,0,-.45E-6,0
INTELSAT 4-F4,1972-003A,2026-09-23T08:13:07.332672,0.99837486,.00009388,6.5210,293.6189,193.1862,359.7394,0,U,5775,999,13837,0,-.86E-6,0
ATLAS CENTAUR R/B,1972-003B,2026-09-22T20:33:48.594816,2.20988256,.71809232,28.4499,285.9000,312.8403,286.5364,0,U,5816,999,44051,-.64630961E-3,-.1E-5,0
OPS 1570 (DSP 3),1972-010A,2026-09-23T08:12:07.428960,0.99783534,.00096678,0.6576,92.1098,177.9410,212.6003,0,U,5851,999,2691,0,-.109E-5,0
TITAN 3C TRANSTAGE R/B,1972-010B,2026-09-23T06:30:36.006048,1.00660790,.00634658,1.1720,89.3023,341.9451,19.0218,0,U,5854,999,2589,0,-.8E-7,0
INTELSAT 4-F5,1972-041A,2026-09-23T10:16:04.969056,1.00121064,.00047163,5.4961,285.8827,296.0154,63.7543,0,U,6052,999,4764,0,-.359E-5,0
ATLAS CENTAUR R/B,1972-041B,2026-09-21T13:31:57.146304,2.22595768,.71774289,26.3445,200.3321,153.1744,276.9123,0,U,6058,999,43954,-.49341189E-3,-.283E-5,0
OPS 9390,1972-101A,2026-09-22T19:14:42.004320,1.00324498,.12124938,8.9185,231.5522,117.5976,67.2108,0,U,6317,999,2649,0,-.387E-5,0
ATLAS AGENA R/B,1972-101B,2026-09-22T18:04:07.478976,1.02315250,.12575988,8.4515,219.1944,192.9185,163.4030,0,U,6318,999,2832,0,-.201E-5,0
OPS 6063,1973-013A,2026-09-23T12:18:55.003104,1.00269210,.0022327,0.1951,192.8642,344.5386,85.8548,0,U,6380,999,2741,0,-.99E-6,0
ANIK A2 (TELESAT 2),1973-023A,2026-09-23T13:46:34.059648,0.99799147,.00088164,6.7087,295.1441,77.1492,43.4059,0,U,6437,999,4813,0,.97E-6,0
OPS 6157 (DSP 4),1973-040A,2026-09-23T13:52:58.701216,0.99822421,.00071198,0.7634,205.6772,69.3931,141.4699,0,U,6691,999,2692,0,.112E-5,0
ATLAS CENTAUR R/B,1971-116B,2026-09-22T23:18:57.644928,2.19688284,.71877711,28.4171,351.5573,197.9781,109.3704,0,U,6779,999,41761,-.15237402E-2,-.352E-5,0
OPS 7724,1973-056A,2026-09-23T08:28:20.068320,2.00667091,.73429569,62.9054,9.4984,281.6271,11.2125,0,U,6791,999,5158,-.94009249E-3,.38E-5,0
ATLAS CENTAUR R/B,1973-058B,2026-09-23T04:08:42.506016,2.21957029,.71920965,27.2759,151.5769,348.5570,1.4679,0,U,6797,999,42950,-.76568895E-3,-.143E-5,0
COSMOS 637,1974-017A,2026-09-23T13:55:53.364864,1.00775054,.00380315,0.5969,242.8995,89.9447,70.2703,0,U,7229,999,12319,0,.128E-5,0
WESTAR 1,1974-022A,2026-09-23T13:42:34.551072,0.99897796,.00038362,6.8893,297.2786,23.7407,99.6762,0,U,7250,999,12331,0,.112E-5,0
TITAN 3C TRANSTAGE R/B,1974-039C,2026-09-23T12:57:47.536128,1.00725980,.00322753,2.5001,257.3559,89.0519,129.2874,0,U,7324,999,12061,0,-.264E-5,0
SL-6 R/B(2),1974-026E,2026-09-20T07:21:12.394080,2.06581130,.7045869,64.0420,281.5113,268.2608,17.1958,0,U,7373,999,38890,0,.885E-5,0
MOLNIYA 2-10,1974-056A,2026-09-16T04:20:53.278080,2.01193516,.6681186,65.2365,291.3168,268.0000,20.4416,0,U,7376,999,38156,0,.445E-5,0
MOLNIYA 1-S,1974-060A,2026-09-23T13:50:11.588928,1.00234934,.00090714,1.1433,244.9497,294.6678,133.2989,0,U,7392,999,13516,0,-.318E-5,0
WESTAR 2,1974-075A,2026-09-22T15:20:06.847296,0.99848644,.00047068,7.0466,299.0473,241.1909,98.8017,0,U,7466,999,13862,0,.126E-5,0
INTELSAT 4-F8,1974-093A,2026-09-23T12:07:49.560672,0.99779455,.00037032,7.7660,303.9091,234.1725,71.1785,0,U,7544,999,12618,0,.65E-6,0
ATLAS CENTAUR R/B,1974-093B,2026-09-23T08:03:54.393408,2.21273066,.72040189,26.4238,20.7675,15.0661,358.1094,0,U,7545,999,28907,-.72117769E-3,-.262E-5,0
SKYNET 2B,1974-094A,2026-09-23T13:57:18.406656,1.00328336,.0003135,3.3291,279.9391,248.9481,170.7536,0,U,7547,999,12575,0,-.347E-5,0
SYMPHONIE 1,1974-101A,2026-09-23T11:39:27.978336,0.99965949,.00033073,4.3298,275.8012,329.5338,101.7477,0,U,7578,999,11818,0,-.95E-6,0
COSMOS 706,1975-007A,2026-09-23T01:30:40.027392,2.00462757,.68383923,63.9066,143.3798,3.3003,359.7469,0,U,7625,999,23840,0,-.865E-5,0
SMS 2,1975-011A,2026-09-23T06:19:55.687872,0.99513793,.0014804,5.2294,282.3010,284.3636,213.9900,0,U,7648,999,13665,0,-.275E-5,0
MOLNIYA 1-29,1975-036A,2026-09-20T10:54:05.694048,2.00626611,.69429867,64.2120,50.1735,278.1452,14.7251,0,U,7780,999,37683,-.47624048E-1,-.137E-5,0
ANIK A3 (TELESAT 3),1975-038A,2026-09-23T12:56:17.680128,1.00037715,.00013063,7.4909,302.1017,287.9578,239.9867,0,U,7790,999,13094,0,-.183E-5,0
SL-6 R/B(2),1975-036D,2026-09-21T21:06:28.456128,1.96861868,.66890481,63.7918,134.3618,281.9778,15.2749,0,U,7800,999,36909,0,.142E-5,0
ATLAS CENTAUR R/B,1975-042B,2026-09-23T01:50:38.762592,2.21161479,.71825576,25.5014,221.5158,349.0650,1.0732,0,U,7902,999,28317,-.96931527E-3,-.244E-5,0
ATLAS AGENA R/B,1975-055B,2026-09-23T01:14:57.246144,1.02092211,.11931615,9.4005,230.3601,148.8316,218.6867,0,U,7964,999,2769,0,-.76E-6,0
SYMPHONIE 2,1975-077A,2026-09-23T06:30:09.706752,0.99981743,.00039749,3.7921,273.2498,9.2985,176.7484,0,U,8132,999,14343,0,-.67E-6,0
MOLNIYA 2-14,1975-081A,2026-09-20T11:27:25.451424,2.02088104,.6863576,64.8946,22.8286,282.0757,14.1249,0,U,8195,999,37433,0,.911E-5,0
INTELSAT 4A-F1,1975-091A,2026-09-23T13:46:21.040032,0.99929129,.00061691,7.6660,303.6578,268.4063,205.9248,0,U,8330,999,12245,0,.109E-5,0
ATLAS CENTAUR R/B,1975-091B,2026-09-22T17:26:18.278016,2.22313507,.71992487,21.6949,130.2001,225.1532,47.1643,0,U,8331,999,41097,-.11050261E-4,-.212E-5,0
COSMOS 775,1975-097A,2026-09-23T04:58:03.540288,1.00293003,.00100715,2.1152,258.2267,199.8264,15.1825,0,U,8357,999,13274,0,.15E-5,0
GOES 1 (SMS-C),1975-100A,2026-09-23T13:30:48.904128,1.00293928,.0005407,4.3626,276.2450,334.5785,188.4129,0,U,8366,999,18605,0,.3E-6,0
SATCOM 1,1975-117A,2026-09-23T12:58:24.975840,0.99599890,.00166637,7.7878,303.9643,281.0773,253.4123,0,U,8476,999,4734,0,-.166E-5,0
OPS 3165 (DSP 5),1975-118A,2026-09-23T11:46:28.089696,1.00455527,.00335707,2.0505,254.9525,29.1353,50.9966,0,U,8482,999,2744,0,-.11E-5,0
RADUGA 1,1975-123A,2026-09-23T13:39:13.563072,1.00265081,.00056308,2.5537,264.4898,305.8291,61.4563,0,U,8513,999,19580,0,.8E-7,0
TITAN 3C TRANSTAGE R/B,1975-118C,2026-09-23T00:21:09.311904,1.00553726,.00115002,2.0288,255.3180,227.3849,131.8341,0,U,8516,999,2676,0,-.86E-6,0
CTS,1976-004A,2026-09-23T13:38:48.274656,1.00241568,.00173499,3.6823,270.5257,286.4396,230.4420,0,U,8585,999,12328,0,.102E-5,0
MOLNIYA 1-32,1976-006A,2026-09-21T19:49:15.950784,2.00049156,.67666321,63.6863,125.3581,275.5495,16.8509,0,U,8601,999,8381,0,.1103E-4,0
INTELSAT 4A-F2,1976-010A,2026-09-22T09:50:37.030848,0.99693168,.00074199,7.6963,303.2472,300.0519,237.4976,0,U,8620,999,62158,0,-.265E-5,0
ATLAS CENTAUR R/B,1976-010B,2026-09-22T09:25:55.953408,2.20732419,.72036741,21.5142,70.3959,311.2927,7.1107,0,U,8621,999,28771,-.50637154E-3,-.221E-5,0
LES-8,1976-023A,2026-09-23T09:32:56.997888,1.00268603,.00323636,22.5693,35.7709,162.4926,200.4519,0,U,8746,999,13067,0,-.88E-6,0
LES-9,1976-023B,2026-09-23T08:48:10.235232,1.00269806,.00240998,22.5307,35.7842,185.4910,169.3611,0,U,8747,999,13065,0,-.107E-5,0
TITAN 3C TRANSTAGE R/B,1976-023F,2026-09-23T14:26:23.424864,0.98327260,.01223751,22.0592,41.4577,109.3531,243.7393,0,U,8751,999,18417,0,-.225E-5,0
NATO 3A,1976-035A,2026-09-22T23:21:13.000032,0.99842191,.00269269,4.7649,298.1857,324.6697,24.1407,0,U,8808,999,74824,0,-.254E-5,0
COMSTAR 1,1976-042A,2026-09-15T20:40:47.348832,0.99826774,.00044843,7.7825,304.0481,336.2828,42.4282,0,U,8838,999,12148,0,.3E-6,0
ATLAS CENTAUR R/B,1976-042B,2026-09-22T08:32:15.458208,2.22576208,.71827783,20.9710,159.0388,311.7772,292.6163,0,U,8840,999,29353,-.82346085E-3,-.3E-7,0
TITAN 3C TRANSTAGE R/B,1976-059C,2026-09-23T02:35:48.529248,1.00550944,.00095626,2.4854,258.9566,284.8501,74.4889,0,U,8918,999,2643,0,.88E-6,0
PALAPA 1,1976-066A,2026-09-16T08:30:58.883616,1.00109281,.0005116,7.7053,304.4443,246.7458,280.4630,0,U,9009,999,12885,0,-.132E-5,0
COMSTAR 2,1976-073A,2026-09-23T13:36:59.413248,0.99972506,.00016334,7.7192,304.5149,278.1778,211.0007,0,U,9047,999,4819,0,.86E-6,0
ATLAS CENTAUR R/B,1976-073B,2026-09-23T09:04:06.349728,2.23837553,.71805607,21.3174,139.7690,64.0952,351.1425,0,U,9329,999,27888,.17158242E-3,-.148E-5,0
RADUGA 2,1976-092A,2026-09-23T10:16:40.486368,1.00298607,.00282233,3.2293,267.9228,40.5235,282.2411,0,U,9416,999,13032,0,-.92E-6,0
EKRAN 1,1976-107A,2026-09-23T13:37:43.707072,1.00235532,.00686869,3.3192,268.5189,193.4943,163.8937,0,U,9503,999,19949,0,.56E-6,0
KIKU-2 (ETS-II),1977-014A,2026-09-23T06:30:09.706752,1.00020924,.00013001,5.0340,282.2185,265.9203,271.2485,0,U,9852,999,12820,0,-.62E-6,0
TITAN 3C TRANSTAGE R/B,1977-007C,2026-09-22T23:58:07.317120,1.00339259,.00161499,3.1463,266.1816,46.6715,313.0481,0,U,9855,999,2634,0,-.164E-5,0
PALAPA 2,1977-018A,2026-09-23T13:00:24.784992,1.00035414,.00025386,8.4760,309.6929,155.2924,20.6231,0,U,9862,999,14409,0,-.253E-5,0
MOLNIYA 1-36,1977-021A,2026-09-22T15:16:58.401120,2.00349225,.67741486,63.7121,100.3417,280.6706,15.0780,0,U,9880,999,26062,0,.841E-5,0
GEOS-1,1977-029A,2026-09-20T09:22:50.686752,1.96173240,.660551,27.6585,21.8879,343.3828,2.5176,0,U,9931,999,35372,0,-.317E-5,0
TITAN 3C TRANSTAGE R/B,1977-034C,2026-09-23T11:22:34.166784,0.95555051,.02899086,8.4544,293.8793,111.0210,70.0314,0,U,10002,999,4608,0,-.16E-5,0
OPS 9751,1977-038A,2026-09-22T20:57:46.404000,1.00231945,.13041784,7.2613,332.2311,133.9111,284.4941,0,U,10016,999,2743,0,-.135E-5,0
INTELSAT 4A-F4,1977-041A,2026-09-23T10:20:50.393184,0.99448216,.00142908,8.7142,310.5421,276.3905,93.2825,0,U,10024,999,4796,0,-.245E-5,0
ATLAS CENTAUR R/B,1977-041B,2026-09-23T14:45:34.527744,2.22886791,.71862411,21.3011,222.9498,192.9639,355.6316,0,U,10025,999,40015,-.80529159E-3,-.119E-5,0
GOES 2,1977-048A,2026-09-23T13:59:05.754336,0.99399831,.00113345,6.1925,292.6604,51.6869,63.8057,0,U,10061,999,4725,0,-.11E-6,0
RADUGA 3,1977-071A,2026-09-23T14:09:41.925312,1.00344782,.00099825,3.8699,272.0743,306.1211,90.3105,0,U,10159,999,17803,0,-.279E-5,0
SL-6 R/B(2),1977-068D,2026-09-22T19:41:07.775232,1.99835279,.74023605,61.3979,298.8412,50.6915,354.3449,0,U,10167,999,28276,.26014339E-3,.119E-5,0
SIRIO,1977-080A,2026-09-23T01:43:44.674176,1.00270437,.0005803,7.0094,298.4693,170.2191,353.8118,0,U,10294,999,11890,0,-.97E-6,0
EKRAN 2,1977-092A,2026-09-22T23:14:09.373920,1.00216056,.00373871,3.9911,273.3477,6.9014,146.6270,0,U,10365,999,13583,0,-.97E-6,0
MOLNIYA 3-8,1977-105A,2026-09-22T18:18:52.475904,2.00792757,.66969874,63.8034,167.2382,275.5920,17.3740,0,U,10455,999,35840,0,-.9E-6,0
SL-6 R/B(2),1977-105E,2026-09-20T21:46:27.271776,1.97306358,.68543662,63.9079,204.7916,278.6905,15.0968,0,U,10485,999,35204,0,.991E-5,0
METEOSAT-1,1977-108A,2026-09-23T12:04:27.680160,1.00378700,.00073697,4.8345,280.0818,97.0945,223.9321,0,U,10489,999,13819,0,.38E-6,0
INTELSAT 4A-F3,1978-002A,2026-09-23T12:47:10.503744,0.99911725,.00051651,8.8128,312.0819,293.1298,73.7062,0,U,10557,999,4973,0,-.365E-5,0
IUE,1978-012A,2026-09-23T12:07:52.322880,1.00055621,.14394966,36.5450,286.9530,269.7951,74.9851,0,U,10637,999,13006,0,-.138E-5,0
ATLAS CENTAUR R/B,1978-002B,2026-09-23T07:18:24.810048,2.21875648,.71737054,21.6482,306.8812,233.1927,153.8549,0,U,10722,999,28679,-.12858614E-2,-.31E-5,0
INTELSAT 4A-F6,1978-035A,2026-09-23T12:47:52.998720,1.00215372,.00086807,8.5893,311.0867,308.8829,62.7439,0,U,10778,999,12315,0,-.36E-5,0
ATLAS CENTAUR R/B,1978-035B,2026-09-20T16:27:25.023456,2.22756504,.71783009,22.1170,334.7032,302.8133,7.7432,0,U,10779,999,39402,-.18204092E-3,-.25E-6,0
OPS 8790,1978-038A,2026-09-23T13:06:27.989856,1.00465227,.00191502,3.4735,326.3370,272.3854,134.7027,0,U,10787,999,2625,0,.36E-6,0
YURI (BS),1978-039A,2026-09-22T20:28:35.392224,1.00276198,.00212996,5.2350,282.9534,316.9989,109.6383,0,U,10792,999,11974,0,.137E-5,0
MOLNIYA 1-40,1978-055A,2026-09-22T21:02:41.196480,2.00683857,.670682,64.0148,212.1478,273.5482,17.9849,0,U,10925,999,35394,0,-.276E-5,0
TITAN 3C TRANSTAGE R/B,1978-058B,2026-09-22T23:40:43.421952,0.99629489,.14204641,10.3413,19.3875,134.1147,238.5623,0,U,10942,999,2774,0,.46E-6,0
SL-6 R/B(2),1978-055E,2026-09-20T20:08:04.294176,1.97087051,.69314927,63.9393,223.2515,275.7845,15.4506,0,U,10949,999,24205,-.50689295E-2,-.35E-5,0
ATLAS CENTAUR R/B,1978-068B,2026-09-23T13:17:10.231296,2.22421310,.71727404,21.4321,111.8318,178.4162,140.8595,0,U,10976,999,38835,-.34584323E-3,.24E-6,0
RADUGA 4,1978-073A,2026-09-23T03:23:20.124096,1.00196579,.00108255,4.5430,277.4243,30.3809,169.2057,0,U,10987,999,12058,0,.19E-6,0
SL-6 R/B(2),1978-083D,2026-09-21T21:05:05.865504,1.99106891,.67055174,65.8498,74.1862,20.5747,356.9575,0,U,11076,999,24184,0,-.696E-5,0
ANIK B1 (TELESAT 4),1978-116A,2026-09-23T13:48:34.244640,0.99808131,.0019642,9.3324,315.4786,324.9984,26.1622,0,U,11153,999,13700,0,-.206E-5,0
GORIZONT 1,1978-118A,2026-09-22T05:36:48.304224,1.00233007,.30371854,12.4707,151.5215,4.5460,357.8413,0,U,11158,999,12391,0,-.108E-5,0
SCATHA,1979-007A,2026-09-23T08:48:41.130144,1.01528111,.17949024,9.4243,275.0408,143.3549,277.0829,0,U,11256,999,14345,0,.26E-6,0
EKRAN 3,1979-015A,2026-09-23T13:48:49.221216,1.00292534,.00415919,4.8782,280.5518,9.1525,17.8646,0,U,11273,999,13600,0,-.303E-5,0
RADUGA 5,1979-035A,2026-09-23T10:20:02.662368,1.00268026,.00040816,5.0523,281.3642,240.6051,80.7596,0,U,11343,999,13034,0,-.197E-5,0
COSMOS 1109,1979-058A,2026-09-21T19:45:43.926912,2.01373307,.60470026,70.6902,185.8269,192.8502,139.6409,0,U,11417,999,23578,0,-.686E-5,0
TITAN 3C TRANSTAGE R/B,1979-053C,2026-09-23T01:06:45.832320,0.99442842,.00629435,6.6445,293.7928,308.4658,50.8593,0,U,11436,999,2751,0,-.104E-5,0
GORIZONT 2,1979-062A,2026-09-23T13:37:51.195360,1.00270501,.0006343,5.4992,284.9311,337.0376,4.6235,0,U,11440,999,13900,0,.4E-6,0
WESTAR 3,1979-072A,2026-09-23T12:17:16.627200,0.99935370,.00032388,10.1056,320.5425,301.0208,9.0253,0,U,11484,999,14149,0,-.115E-5,0
OPS 1948,1979-086A,2026-09-23T13:26:07.319616,1.00211978,.13100038,6.1038,12.4806,78.7277,120.1424,0,U,11558,999,2719,0,-.7E-7,0
TITAN 3C TRANSTAGE R/B,1979-086C,2026-09-23T13:56:07.171584,0.99684755,.12928385,5.9133,13.1852,127.6417,244.9042,0,U,11560,999,2722,0,-.124E-5,0
EKRAN 4,1979-087A,2026-09-23T14:09:18.413280,1.00231049,.00101561,5.3554,283.7853,234.3826,144.6470,0,U,11561,999,4836,0,-.213E-5,0
SL-12 R/B(2),1974-017F,2026-09-23T13:38:36.123360,1.01007467,.00433189,0.4716,235.0291,108.4283,286.2122,0,U,11567,999,19367,0,-.129E-5,0
SL-12 R/B(2),1975-123F,2026-09-23T09:45:28.476576,1.00488169,.00138158,2.2984,261.6225,226.4002,345.1259,0,U,11568,999,12298,0,-.222E-5,0
EKRAN 2 DEB,1977-092H,2026-09-23T14:09:41.844096,1.00372236,.00193787,3.8932,272.6731,273.9997,121.6489,0,U,11581,999,10535,0,-.283E-5,0
TITAN 3C TRANSTAGE R/B,1979-098C,2026-09-23T06:39:16.333632,0.95318924,.02954286,9.9762,304.9292,79.8653,105.9164,0,U,11623,999,12352,0,-.153E-5,0
GORIZONT 3,1979-105A,2026-09-22T20:28:35.456160,1.00252618,.00126125,5.6955,286.9074,275.3240,147.3880,0,U,11648,999,12346,0,.137E-5,0
OPS 6393 (FLTSATCOM 3),1980-004A,2026-09-23T13:36:57.832992,1.00170632,.00234327,5.9769,306.5446,249.8496,238.5389,0,U,11669,999,17084,0,.69E-6,0
SL-12 R/B(2),1975-097F,2026-09-23T12:47:52.982304,1.00118441,.00217029,2.1117,258.6257,234.0002,188.3720,0,U,11676,999,12012,0,-.359E-5,0
RADUGA 6,1980-016A,2026-09-23T13:32:44.185920,1.00267868,.00029735,5.4798,285.6992,321.3382,0.1097,0,U,11708,999,12314,0,.135E-5,0
SL-6 R/B(2),1980-050B,2026-09-22T05:23:36.300480,1.99541737,.64806893,68.8824,355.4699,309.6914,9.2543,0,U,11847,999,33650,0,-.809E-5,0
COSMOS 1191,1980-057A,2026-09-22T17:10:48.208800,2.00846362,.66175161,66.0567,63.7929,17.8382,357.1805,0,U,11871,999,24542,0,.1E-7,0
SL-6 R/B(2),1980-057D,2026-09-23T07:57:11.021184,1.99481704,.73634152,61.9187,293.0714,35.7322,356.2484,0,U,11888,999,33670,0,-.188E-5,0
MOLNIYA 3-13,1980-063A,2026-09-21T01:44:32.008416,2.00582754,.71470469,63.8129,277.5332,276.7458,13.6000,0,U,11896,999,33832,-.72482598E-2,-.245E-5,0
SL-6 R/B(2),1980-063D,2026-09-22T02:42:20.818080,1.96878919,.73358436,63.8572,5.9881,277.3443,12.3155,0,U,11909,999,33153,0,-.1121E-4,0
SL-12 R/B(2),1978-118C,2026-09-15T20:43:02.132832,1.01602809,.29854666,12.7077,145.4053,15.5001,166.6099,0,U,11926,999,17249,0,-.25E-6,0
TITAN 3C TRANSTAGE R/B,1973-040B,2026-09-23T04:48:36.894528,0.99558892,.00298141,0.8660,217.8989,107.2660,34.6568,0,U,11940,999,2760,0,-.169E-5,0
GOES 4,1980-074A,2026-09-23T13:14:03.717888,0.99227888,.00308475,7.7764,302.3233,111.7065,52.8282,0,U,11964,999,12841,0,-.36E-6,0
GOES 4 AKM,1980-074C,2026-09-22T21:51:44.295840,0.81535868,.1643374,16.1597,313.7644,267.8126,71.4436,0,U,11970,999,3931,0,-.196E-5,0
RADUGA 7,1980-081A,2026-09-23T08:05:23.075232,1.00282992,.00123176,5.7167,288.3503,317.1901,211.6079,0,U,12003,999,12429,0,-.206E-5,0
SBS 1,1980-091A,2026-09-22T05:04:25.366080,0.99817059,.00086705,9.8316,317.1716,208.8544,319.5642,0,U,12065,999,4744,0,.121E-5,0
SL-6 R/B(2),1980-095E,2026-09-23T08:13:56.727552,1.99097570,.68489585,64.9150,129.0474,32.1934,355.6642,0,U,12086,999,33308,0,.28E-6,0
OPS 5805,1980-100A,2026-09-19T19:21:36.662112,2.00253908,.6414005,63.8615,194.2574,266.9877,23.3578,0,U,12093,999,5405,0,-.483E-5,0
EKRAN 6,1980-104A,2026-09-23T03:23:12.635808,1.00317214,.00044462,6.0153,289.8236,65.9641,120.5699,0,U,12120,999,12839,0,-.2E-7,0
COSMOS 1247,1981-016A,2026-09-22T09:56:20.160672,2.02499419,.62071713,69.3228,348.8417,335.9150,4.6472,0,U,12303,999,33714,0,.546E-5,0
ESIAFI 1 (COMSTAR 4),1981-018A,2026-09-22T15:51:20.235168,1.00282135,.00013169,8.5201,310.6195,75.2740,284.7072,0,U,12309,999,16842,0,-.68E-6,0
RADUGA 8,1981-027A,2026-09-23T11:24:48.951648,1.00376768,.00815367,6.0593,288.5187,277.4965,281.4643,0,U,12351,999,12353,0,-.282E-5,0
ATLAS CENTAUR R/B,1981-018B,2026-09-22T20:05:56.627808,2.22125437,.71726336,20.8031,301.0665,131.3449,316.9717,0,U,12363,999,36959,-.54550859E-3,-.54E-6,0
TITAN 3C TRANSTAGE R/B,1981-025C,2026-09-21T18:56:11.368608,1.01334680,.00583224,6.4519,298.1145,328.1679,31.3983,0,U,12371,999,2802,0,.98E-6,0
SL-6 R/B(2),1981-031D,2026-09-23T07:12:11.418624,2.03533915,.6064931,68.1550,63.1262,356.5296,0.5792,0,U,12384,999,33811,0,-.111E-5,0
SL-12 R/B(2),1980-081F,2026-09-22T11:27:03.845376,0.99968122,.0004541,5.9430,289.4564,38.0243,155.8382,0,U,12447,999,16535,0,-.292E-5,0
SL-12 R/B(2),1980-104E,2026-09-23T09:46:05.918016,1.01339491,.00311825,5.2641,286.1258,202.4655,346.9439,0,U,12471,999,12095,0,-.81E-6,0
GOES 5,1981-049A,2026-09-23T08:21:23.477760,1.00229756,.0004201,9.1898,315.0888,311.3198,87.7122,0,U,12472,999,12383,0,.66E-6,0
APPLE,1981-057B,2026-09-23T14:26:29.606784,1.00050366,.00269596,6.8135,296.0869,232.3329,185.1455,0,U,12545,999,12337,0,-.347E-5,0
EKRAN 7,1981-061A,2026-09-23T14:04:23.532672,1.00214553,.00037371,6.3018,292.2780,37.1334,317.2426,0,U,12564,999,13049,0,-.69E-6,0
RADUGA 9,1981-069A,2026-09-23T05:00:18.324288,1.00220018,.00016248,6.3669,292.7770,247.6611,301.1455,0,U,12618,999,4832,0,.128E-5,0
COSMOS 1285,1981-071A,2026-09-17T21:55:47.797824,1.98054242,.59490486,68.7545,86.4625,349.8913,221.2476,0,U,12627,999,24833,0,.605E-5,0
HIMAWARI-2 (GMS-2),1981-076A,2026-09-22T19:43:01.278912,0.99547465,.00118449,7.7796,303.5131,323.5862,101.1340,0,U,12677,999,13320,0,.5E-6,0
SL-6 R/B(2),1981-071D,2026-09-22T18:59:38.198976,1.99233551,.67001018,66.4830,45.3090,13.3733,357.8579,0,U,12680,999,24669,0,-.872E-5,0
COSMOS 1124 DEB,1979-077E,2026-09-20T23:48:42.606720,2.23067420,.72999954,60.2545,196.8722,73.1234,349.9255,0,U,12814,999,6520,.2243771E-1,.3055E-3,0
COSMOS 1191 DEB,1980-057E,2026-09-19T15:16:40.761696,1.99829402,.71890957,63.8071,354.2368,33.3565,355.9214,0,U,12817,999,25109,0,-.1179E-4,0
COSMOS 1191 DEB,1980-057F,2026-09-14T02:02:46.071744,2.00151230,.66255858,65.7604,94.5543,21.6529,356.7886,0,U,12834,999,24306,0,.15E-5,0
SL-12 R/B(2),1981-061F,2026-09-23T09:44:28.572864,1.01006886,.00022057,5.7705,289.9147,46.4855,132.9893,0,U,12851,999,4871,0,-.171E-5,0
SBS 2,1981-096A,2026-09-15T20:41:17.301120,1.00143869,.0007555,10.1237,320.9022,248.5267,115.4204,0,U,12855,999,11952,0,.86E-6,0
COSMOS 1261 DEB,1981-031F,2026-09-17T09:29:28.512960,2.01101584,.71685255,63.9308,333.9628,25.3758,357.0289,0,U,12893,999,31396,0,.743E-5,0
RADUGA 10,1981-102A,2026-09-23T01:45:51.970752,1.00289561,.00038751,6.4871,294.1099,268.5635,267.9088,0,U,12897,999,11832,0,-.174E-5,0
COSMOS 1030 DEB,1978-083F,2026-09-22T14:09:36.312768,2.00045072,.64259707,66.0620,249.8877,341.3153,3.0585,0,U,12919,999,7053,0,.734E-5,0
OPS 4029,1981-107A,2026-09-22T18:54:37.548576,1.00345518,.10426825,5.6498,2.5113,45.1872,1.0430,0,U,12930,999,885,0,-.403E-5,0
TITAN 3C TRANSTAGE R/B,1981-107C,2026-09-23T00:01:15.995712,0.99597395,.09985796,5.3241,7.7764,116.8144,253.8160,0,U,12932,999,2719,0,-.23E-6,0
SL-6 R/B(2),1981-108D,2026-09-23T01:47:47.672448,1.99102626,.67542179,65.5307,238.3218,344.7456,2.0323,0,U,12940,999,32649,0,.727E-5,0
SATCOM 3R,1981-114A,2026-09-23T12:43:17.133888,1.00140564,.00054204,11.9789,331.2264,299.8479,82.0261,0,U,12967,999,12905,0,-.153E-5,0
COSMOS 1247 DEB,1981-016F,2026-09-20T05:06:58.707072,2.02669349,.60915498,69.6719,0.7460,335.6587,4.8472,0,U,12984,999,33189,0,-.871E-5,0
COSMOS 1285 DEB,1981-071E,2026-09-16T12:01:03.464256,1.97853998,.64054958,67.3401,76.3207,4.7415,359.1740,0,U,12993,999,24001,0,.221E-5,0
INTELSAT 503,1981-119A,2026-09-23T12:44:14.002368,0.99465414,.00524342,11.1277,326.4812,270.1384,72.4136,0,U,12994,999,12767,0,-.273E-5,0
EKRAN 2 DEB,1977-092J,2026-09-23T13:46:00.781824,1.00042042,.00235175,4.0583,273.5466,292.7511,212.0935,0,U,12996,999,8549,0,.123E-5,0
MOLNIYA 1-52,1981-123A,2026-09-22T23:48:45.769824,2.00450172,.74764313,61.7848,50.7634,278.7307,10.9926,0,U,13012,999,32785,.52677262E-3,.1478E-4,0
SATCOM 4,1982-004A,2026-09-14T20:50:43.702368,0.99593421,.0050607,12.6968,334.9586,206.6963,153.0585,0,U,13035,999,12610,0,.39E-6,0
EKRAN 8,1982-009A,2026-09-23T11:40:57.793728,0.99951671,.00289948,6.8414,295.6531,339.9168,73.4900,0,U,13056,999,11960,0,-.89E-6,0
WESTAR 4,1982-014A,2026-09-23T11:28:26.105088,0.99776323,.000552,12.5391,334.2841,281.1024,245.7748,0,U,13069,999,4742,0,-.275E-5,0
MOLNIYA 1-53,1982-015A,2026-09-22T22:18:02.028960,2.00855902,.71277531,63.9252,24.3175,283.4378,12.0717,0,U,13070,999,32652,.12499062E-2,.831E-5,0
SL-6 R/B(2),1982-015D,2026-09-21T16:18:34.651008,1.98097713,.71132549,63.1280,94.7150,277.5341,13.6684,0,U,13075,999,32107,0,.1219E-4,0
SL-6 R/B(2),1982-016D,2026-09-23T06:30:48.831264,2.03674009,.72176228,64.0219,92.3961,358.1092,0.2879,0,U,13090,999,33051,-.50325947E-2,.888E-5,0
INSAT-1A,1982-031A,2026-09-23T12:46:26.706720,1.00268100,.00076922,6.9164,297.7180,79.5100,297.0727,0,U,13129,999,16742,0,-.373E-5,0
COSMOS 1366,1982-044A,2026-09-23T14:01:42.161664,1.00267614,.00065971,8.0803,296.3954,132.3029,226.2160,0,U,13177,999,13459,0,-.169E-5,0
COSMOS 1382,1982-064A,2026-09-23T07:07:02.062560,2.00578316,.73465591,62.2247,129.6441,45.1131,355.0977,0,U,13295,999,28252,0,.1104E-4,0
SL-6 R/B(2),1982-064D,2026-09-22T08:23:20.980896,2.03261499,.632034,67.2784,69.8247,5.5524,358.9840,0,U,13298,999,25159,0,-.332E-5,0
ANIK D1 (TELESAT 6),1982-082A,2026-09-18T20:37:17.336352,1.00109611,.00056814,12.1076,332.2856,321.9295,50.4320,0,U,13431,999,4754,0,.13E-5,0
EKRAN 9,1982-093A,2026-09-23T12:09:42.458688,1.00206837,.00270625,6.8730,299.0242,10.6721,303.4088,0,U,13554,999,12098,0,-.24E-6,0
GORIZONT 6,1982-103A,2026-09-23T13:46:21.031392,1.00341057,.00033371,7.1321,301.2668,337.2847,138.6339,0,U,13624,999,12193,0,.117E-5,0
SL-12 R/B(2),1982-103E,2026-09-23T11:39:54.258624,1.00321373,.00116486,7.0906,301.1443,200.7420,204.6117,0,U,13630,999,12249,0,-.34E-6,0
SATCOM C5,1982-105A,2026-09-23T04:17:44.905344,1.00274065,.00018554,11.9898,331.8265,63.7059,285.7663,0,U,13631,999,12735,0,-.104E-5,0
TITAN 34D IUS R/B(2),1982-106D,2026-09-18T18:53:26.670336,0.99381950,.00392768,9.1871,309.5270,70.3442,294.7882,0,U,13643,999,12069,0,.5E-6,0
SBS 3,1982-110B,2026-09-23T01:12:40.152672,0.99936196,.00054191,12.4023,333.7037,142.8479,229.7585,0,U,13651,999,4752,0,-.272E-5,0
ANIK C3 (TELESAT 5),1982-110C,2026-09-19T09:08:15.031392,0.99909942,.00014892,12.3794,333.5449,253.1496,107.8509,0,U,13652,999,4745,0,.79E-6,0
SAKURA-2A (CS-2A),1983-006A,2026-09-22T23:13:20.003232,0.99406296,.00117644,10.1324,319.8782,321.1993,100.8945,0,U,13782,999,12882,0,.38E-6,0
MOLNIYA 3-20,1983-015A,2026-09-21T18:20:32.015616,2.00674105,.71368843,62.0233,133.3593,272.4592,15.0642,0,U,13875,999,25495,0,.1418E-4,0
SL-6 R/B(2),1983-015E,2026-09-21T22:32:06.925920,1.96878323,.71523563,62.0168,208.1071,270.4859,15.5561,0,U,13882,999,31285,.18664203E-1,.1335E-4,0
MOLNIYA 1-56,1983-019A,2026-08-25T02:41:08.331072,2.00088086,.6993593,62.5625,162.2060,274.2772,15.5456,0,U,13890,999,31719,0,-.271E-5,0
SL-6 R/B(2),1983-019D,2026-09-21T00:01:54.255360,1.97353206,.70218283,62.7018,191.0927,277.2353,14.3867,0,U,13897,999,31252,0,.637E-5,0
ASTRON,1983-020A,2026-09-18T15:41:23.670816,0.24287851,.73267445,77.1935,54.7190,54.0372,359.8618,0,U,13901,999,1137,0,.221E-5,0
RADUGA 12,1983-028A,2026-09-23T12:07:49.545120,1.00280172,.0001838,7.9989,305.6576,324.3177,340.0145,0,U,13974,999,17036,0,-.17E-6,0
SL-12 R/B(2),1983-028F,2026-09-23T13:21:35.074080,1.00034692,.00242742,8.0278,305.7207,228.0408,284.6598,0,U,13983,999,15879,0,-.74E-6,0
SATCOM 1R,1983-030A,2026-09-23T12:38:17.166912,0.99863002,.00064236,13.1233,337.8102,156.8243,217.8545,0,U,13984,999,13146,0,-.201E-5,0
COSMOS 1191 DEB,1980-057G,2026-09-14T07:28:30.222624,2.01275469,.72389969,62.6683,298.4761,26.2307,357.1614,0,U,13999,999,33184,0,.874E-5,0
GOES 6,1983-041A,2026-09-23T08:24:43.022880,1.00268521,.00032859,10.0411,320.6340,266.2263,127.1385,0,U,14050,999,21700,0,.65E-6,0
GOES 6 AKM,1983-041C,2026-09-22T19:42:17.405856,0.84337001,.16849895,15.5344,320.7872,121.0954,295.0096,0,U,14069,999,4065,0,-.161E-5,0
INTELSAT 506,1983-047A,2026-09-23T09:57:03.722688,0.99159568,.00374534,12.3528,332.9787,353.0533,42.0818,0,U,14077,999,12506,0,.42E-6,0
SL-12 R/B(2),1983-016F,2026-09-23T13:24:43.153920,1.01103906,.00169269,6.3780,296.0852,327.3910,185.9222,0,U,14086,999,12396,0,-.158E-5,0
SL-12 R/B(2),1982-044F,2026-09-22T20:12:23.821632,1.00275502,.00155388,7.9658,295.6571,206.6434,155.2590,0,U,14114,999,4832,0,-.74E-6,0
SL-12 R/B(2),1982-009F,2026-09-23T04:56:03.731136,1.00983062,.00371363,6.2299,293.0444,203.1371,330.0557,0,U,14117,999,12442,0,.1E-5,0
NAHUEL I2 (ANIK C2),1983-059B,2026-09-18T17:55:20.866656,0.99119934,.00355676,12.8174,335.5955,126.0122,234.3442,0,U,14133,999,4707,0,.55E-6,0
PALAPA B1,1983-059C,2026-09-22T23:34:34.220064,1.00206322,.00012502,11.4682,328.8512,163.7687,204.8358,0,U,14134,999,12177,0,-.169E-5,0
GALAXY 1 (G-1),1983-065A,2026-09-23T08:31:07.072608,1.00121219,.00036888,13.5297,340.9506,271.7616,92.9502,0,U,14158,999,4761,0,.104E-5,0
SL-12 R/B(2),1981-102F,2026-09-23T09:00:47.889792,1.00244663,.0009491,6.3835,293.6409,240.1072,119.6728,0,U,14195,999,12398,0,-.165E-5,0
ARABSAT-1DR (TELSTAR 3A),1983-077A,2026-09-22T18:36:31.801248,0.99520145,.00257375,13.7160,341.2650,178.7997,181.2442,0,U,14234,999,4731,0,.88E-6,0
INSAT-1B,1983-089B,2026-09-15T20:45:09.430272,1.00205070,.0013047,11.0476,326.4456,243.2893,129.6728,0,U,14318,999,12612,0,.131E-5,0
SATCOM 2R,1983-094A,2026-09-23T08:59:40.534080,0.99407979,.001222,14.2646,345.1902,85.2941,301.7930,0,U,14328,999,15653,0,.68E-6,0
GALAXY 2 (G-2),1983-098A,2026-09-23T07:57:21.142944,1.00235146,.00027963,13.5460,341.2498,138.6486,171.4346,0,U,14365,999,13321,0,-.5E-6,0
EKRAN 11,1983-100A,2026-09-22T13:56:36.769632,1.00228416,.00036215,7.5702,303.9131,314.0723,45.8381,0,U,14377,999,4835,0,-.26E-5,0
SL-12 R/B(2),1983-100F,2026-09-23T13:38:15.050400,1.01053471,.0018531,7.0382,301.9489,165.2649,322.2865,0,U,14394,999,15801,0,-.14E-6,0
INTELSAT 507,1983-105A,2026-09-23T10:03:09.918720,0.99697622,.00024685,11.8549,330.4911,165.8338,214.3814,0,U,14421,999,13821,0,.46E-6,0
SL-12 R/B(2),1983-118F,2026-09-23T12:03:37.243296,1.00269655,.00474261,8.3548,310.4382,345.9114,304.9875,0,U,14548,999,13888,0,.46E-6,0
OPS 0441,1984-009A,2026-09-23T08:41:49.369344,1.00367785,.08827157,6.1280,3.4136,27.4216,6.9784,0,U,14675,999,873,0,-.215E-5,0
TITAN 34D TRANSTAGE R/B,1984-009C,2026-09-22T04:26:24.392256,0.99447737,.10374719,6.1109,1.6905,104.9993,266.7318,0,U,14677,999,2683,0,-.314E-5,0
RADUGA 14,1984-016A,2026-09-23T14:28:27.266304,1.00278167,.00017942,8.3851,310.2328,210.2385,145.3960,0,U,14725,999,11908,0,-.212E-5,0
COSMOS 1540,1984-022A,2026-09-23T12:15:34.430688,1.00277916,.00088178,9.1155,303.6467,293.2548,29.2472,0,U,14783,999,12200,0,-.152E-5,0
COSMOS 1546,1984-031A,2026-09-23T03:24:42.491808,1.00270801,.00241856,8.4953,310.8866,17.3213,153.7580,0,U,14867,999,4835,0,-.43E-6,0
STTW-T2,1984-035A,2026-09-23T13:48:34.244640,1.00169319,.00071388,9.2927,317.3499,205.3022,143.9025,0,U,14899,999,4835,0,-.28E-5,0
TITAN 34D TRANSTAGE R/B,1984-037B,2026-09-15T20:59:00.840192,1.01158428,.00323274,8.6136,310.4175,327.7804,31.9786,0,U,14931,999,2685,0,.87E-6,0
GORIZONT 9,1984-041A,2026-09-23T14:09:52.504128,1.00249528,.00062423,8.5671,311.7690,294.4717,63.1018,0,U,14940,999,12292,0,-.275E-5,0
SL-12 R/B(2),1984-022F,2026-09-23T08:29:27.462048,0.99867968,.00217122,9.2601,304.0720,154.5382,250.4205,0,U,14948,999,16226,0,.104E-5,0
SL-12 R/B(2),1984-031F,2026-09-23T12:01:34.244256,0.99422795,.00147808,8.8955,312.0399,262.5028,238.0068,0,U,14951,999,12078,0,-.79E-6,0
ZHONGXING-5,1984-049A,2026-09-23T12:16:39.468288,0.99979992,.00124875,14.3136,347.5560,237.0039,56.4493,0,U,14985,999,13228,0,-.219E-5,0
RADUGA 15,1984-063A,2026-09-23T04:57:33.588000,1.00205059,.00036137,8.5500,311.2258,237.3504,282.3561,0,U,15057,999,14208,0,.136E-5,0
COSMOS 1581,1984-071A,2026-09-23T12:55:20.980128,1.99737985,.66647166,67.5361,9.2869,359.0169,0.0698,0,U,15095,999,28243,0,-.112E-5,0
GORIZONT 10,1984-078A,2026-09-23T10:07:02.438400,1.00279493,.00037158,8.7111,312.8083,328.7172,62.2842,0,U,15144,999,15556,0,.87E-6,0
HIMAWARI-3 (GMS-3),1984-080A,2026-09-23T14:41:22.207776,0.99825973,.00050378,10.4841,323.0661,159.9629,155.5378,0,U,15152,999,15362,0,.101E-5,0
SL-12 R/B(2),1984-078F,2026-09-23T13:53:26.278368,1.00245377,.00220582,8.7946,313.1696,218.8678,152.9227,0,U,15181,999,12400,0,-.372E-5,0
AMPTE/CCE,1984-088A,2026-09-21T00:52:48.174816,1.53316815,.76414299,3.3371,231.5039,147.2830,320.5869,0,U,15199,999,20190,0,-.301E-5,0
DELTA 1 R/B(2),1984-088F,2026-09-21T06:32:46.258368,1.59002729,.78139863,27.3252,87.5502,335.1389,1.8698,0,U,15206,999,24000,-.14419384E-3,-.2E-7,0
SL-6 R/B(2),1984-089D,2026-09-22T06:09:23.100768,2.02604078,.72290074,62.8965,241.5224,279.5464,12.2222,0,U,15223,999,585,.46796438E-2,.276E-5,0
TITAN 34B R/B,1984-091B,2026-09-20T05:27:02.418048,2.07956533,.7160728,63.1382,234.8397,271.3412,15.1718,0,U,15227,999,5651,.27634E-2,.822E-5,0
TELSTAR 302,1984-093D,2026-09-23T11:49:06.448800,0.99788344,.00045398,14.0792,344.6212,201.3300,159.1671,0,U,15237,999,4741,0,-.175E-5,0
COSMOS 1596,1984-096A,2026-09-23T00:31:17.686272,2.00809176,.67161731,65.8988,122.1449,22.9488,356.8329,0,U,15267,999,30797,0,-.856E-5,0
GALAXY 3 (G-3),1984-101A,2026-09-16T04:50:48.404832,0.99832150,.00035008,14.0483,344.4202,33.3025,310.2816,0,U,15308,999,4738,0,-.85E-6,0
SL-6 R/B(2),1984-107D,2026-09-23T04:17:10.930272,2.03356637,.73377906,62.9093,97.7712,44.9944,355.0789,0,U,15355,999,31169,0,.1164E-4,0
ZHONGXING-5R,1984-114A,2026-09-15T20:46:39.286272,0.99757469,.00060503,14.6443,351.3171,100.5595,252.6655,0,U,15385,999,12787,0,.95E-6,0
ATLAS AGENA R/B(2),1977-038C,2026-09-23T05:21:48.351456,1.02338092,.14445529,6.1775,330.5008,182.5031,176.5985,0,U,15422,999,2724,0,-.25E-5,0
MOLNIYA 1-63,1984-124A,2026-09-22T11:10:43.080960,2.00579755,.72958883,62.9153,335.3775,258.6322,107.8136,0,U,15429,999,30601,0,.1466E-4,0
SL-6 R/B(2),1984-124H,2026-09-21T22:31:28.069248,1.96397209,.74804831,62.6977,339.3114,258.9049,17.0215,0,U,15439,999,25662,.17360145E-3,-.254E-5,0
GORIZONT 11,1985-007A,2026-09-23T11:24:26.486784,1.00203233,.00041916,8.9882,314.9871,265.7077,264.3939,0,U,15484,999,15361,0,-.297E-5,0
USA 8,1985-010B,2026-09-23T06:14:38.676768,0.99809064,.01212337,12.4740,312.6029,57.6495,133.3805,0,U,15543,999,880,0,.8E-6,0
IUS R/B(2),1985-010D,2026-09-17T19:02:07.666656,1.00815724,.00299847,12.5871,311.3750,304.4234,55.3012,0,U,15545,999,2785,0,.12E-5,0
ARABSAT-1A,1985-015A,2026-09-22T23:14:50.348256,1.00189360,.00360003,11.7271,330.6144,241.1181,167.1624,0,U,15560,999,12699,0,.126E-5,0
BRASILSAT 1,1985-015B,2026-09-23T04:23:29.353632,0.99545730,.00040638,14.0576,344.1681,316.7021,42.3447,0,U,15561,999,4731,0,-.127E-5,0
COSMOS 1629,1985-016A,2026-09-23T08:33:47.308320,1.00351759,.00078244,8.9565,313.9067,273.7902,113.8604,0,U,15574,999,15144,0,.109E-5,0
SL-12 R/B(2),1985-016F,2026-09-23T10:10:36.971328,0.99409383,.00261668,9.4751,315.7127,260.0331,124.3034,0,U,15581,999,12291,0,-.88E-6,0
NAHUEL I1 (ANIK C1),1985-028B,2026-09-22T01:59:02.796864,0.99663257,.00144839,14.7428,351.3754,160.2719,174.7215,0,U,15642,999,4735,0,-.243E-5,0
GSTAR 1,1985-035A,2026-09-23T08:09:25.920576,1.00272145,.000398,14.2851,347.9627,174.3666,216.9966,0,U,15677,999,12619,0,-.107E-5,0
TELECOM 1B,1985-035B,2026-09-15T23:52:46.992576,1.00306546,.000238,9.9983,320.3519,299.8210,63.9496,0,U,15678,999,13793,0,-.222E-5,0
SL-6 R/B(2),1985-040D,2026-09-22T04:41:29.056416,1.96970725,.74039373,61.9930,273.0787,259.6806,17.3259,0,U,15741,999,29691,.12165312E-2,.832E-5,0
ARABSAT-1B,1985-048C,2026-09-23T11:49:30.728928,1.00384594,.00113105,12.2760,333.4242,18.5075,345.3632,0,U,15825,999,13642,0,-.123E-5,0
TELSTAR 303,1985-048D,2026-09-22T12:47:00.954816,0.99868794,.0004981,14.1512,345.5416,251.5971,217.5368,0,U,15826,999,4747,0,-.91E-6,0
COSMOS 1661,1985-049A,2026-09-19T21:59:33.082368,2.00548596,.5917464,67.7389,102.6512,59.7184,345.9207,0,U,15827,999,30219,0,-.807E-5,0
INTELSAT 511,1985-055A,2026-09-17T18:43:52.065408,1.00071989,.00104533,13.1184,338.0750,114.8889,253.9782,0,U,15873,999,12544,0,-.14E-6,0
RADUGA 16,1985-070A,2026-09-23T07:51:40.343328,1.00338969,.00031355,9.2496,316.2349,298.9005,71.5569,0,U,15946,999,12321,0,.115E-5,0
OPTUS A1 (AUSSAT 1),1985-076B,2026-09-20T01:21:10.596096,0.99766988,.00026823,13.2123,338.1664,338.8818,26.2594,0,U,15993,999,12054,0,-.284E-5,0
ASC 1,1985-076C,2026-09-23T04:22:36.938208,1.00300260,.00016611,13.7403,342.6016,158.3093,199.0687,0,U,15994,999,11895,0,-.212E-5,0
SL-6 R/B(2),1985-088D,2026-09-23T07:27:32.781312,2.04643616,.68516044,65.0346,123.2922,29.3808,356.1023,0,U,16106,999,30609,0,.822E-5,0
IUS R/B(2),1985-092E,2026-09-23T06:02:40.975296,1.01087959,.00564701,9.8763,313.9784,184.7813,175.1404,0,U,16119,999,2704,0,-.14E-6,0
COSMOS 1700,1985-102A,2026-09-23T13:47:34.340928,1.00287162,.00063417,9.5520,318.2784,247.9445,96.4667,0,U,16199,999,15265,0,-.274E-5,0
SL-12 R/B(2),1985-102D,2026-09-23T12:17:16.627200,1.00637334,.00192396,9.2864,317.4420,164.0366,149.6506,0,U,16214,999,12583,0,-.265E-5,0
RADUGA 17,1985-107A,2026-09-15T20:45:16.917696,1.00148395,.00140107,9.4580,317.8452,236.6212,145.2098,0,U,16250,999,15258,0,.132E-5,0
MORELOS 2,1985-109B,2026-09-14T22:30:16.198272,0.99564049,.00051072,14.7621,356.0105,179.4478,187.3178,0,U,16274,999,4725,0,.44E-6,0
OPTUS A2 (AUSSAT 2),1985-109C,2026-09-21T23:34:49.471392,0.99952599,.00053097,13.2859,339.4306,300.5115,46.4239,0,U,16275,999,4749,0,-.253E-5,0
SATCOM K2,1985-109D,2026-09-15T20:51:46.295712,0.99606158,.00113344,14.6950,351.6927,264.2135,108.4875,0,U,16276,999,12650,0,.87E-6,0
MOLNIYA 3-27,1985-117A,2026-09-18T19:24:12.206304,2.12409211,.71113984,61.9220,210.5980,253.1950,23.4577,0,U,16393,999,30719,-.10307481E-1,.108E-5,0
SL-6 R/B(2),1985-117F,2026-09-23T09:21:50.296608,1.96546840,.74399279,63.1129,17.4115,254.0908,19.5770,0,U,16402,999,29250,.71402728E-3,.1293E-4,0
SATCOM K1,1986-003B,2026-09-18T16:54:51.653664,0.99553102,.00056413,14.6586,350.3749,219.1983,112.5569,0,U,16482,999,12537,0,.38E-6,0
RADUGA 18,1986-007A,2026-09-11T23:19:38.326368,0.98814484,.0070757,10.3826,320.6819,205.2049,187.0697,0,U,16497,999,14672,0,-.156E-5,0
STTW-1,1986-010A,2026-09-23T14:44:24.159264,1.00218495,.00038654,10.4648,322.9397,295.3433,26.0529,0,U,16526,999,15644,0,.32E-6,0
GSTAR 2,1986-026A,2026-09-23T00:02:30.774048,0.99801124,.00015862,14.1490,345.1178,19.3525,6.9674,0,U,16649,999,11762,0,-.41E-6,0
BRASILSAT 2,1986-026B,2026-09-15T03:16:59.956320,0.99643890,.00021966,14.5040,349.7318,323.2436,47.5336,0,U,16650,999,4728,0,-.296E-5,0
ARIANE 3 R/B,1986-026C,2026-09-21T20:22:19.528032,2.25819548,.72194913,7.1721,20.7276,298.6360,8.3433,0,U,16657,999,28214,.22430305E-3,-.8E-6,0
COSMOS 1738,1986-027A,2026-09-18T22:07:08.719680,1.00274687,.00107058,10.1028,317.1429,166.3739,198.7556,0,U,16667,999,14829,0,-.73E-6,0
GORIZONT 12,1986-044A,2026-09-23T01:53:13.765056,1.00252798,.00051334,9.8979,320.5591,309.4441,228.4066,0,U,16769,999,14824,0,-.356E-5,0
SL-6 R/B(2),1986-050D,2026-09-22T23:15:53.790912,2.02814975,.669049,65.2498,272.9931,0.4807,0.0075,0,U,16854,999,29793,0,-.655E-5,0
SL-6 R/B(2),1986-089D,2026-09-15T15:07:30.023040,1.95702308,.70251966,63.5163,117.6201,252.4270,24.8598,0,U,17081,999,28457,0,.575E-5,0
SL-12 R/B(2),1986-090D,2026-09-23T13:49:50.121984,1.00204527,.0008658,10.1948,322.1318,194.9518,165.0145,0,U,17125,999,14585,0,-.365E-5,0
MOLNIYA 3-31,1987-008A,2026-09-20T00:51:39.100608,2.00552177,.7311034,61.9116,257.8760,261.5756,17.4372,0,U,17328,999,28707,.6698E-3,.249E-5,0
SL-6 R/B(2),1987-008D,2026-09-19T07:42:13.121280,1.97077231,.74335525,63.2703,20.9414,251.8054,20.7443,0,U,17333,999,28547,-.3140693E-3,.174E-5,0
TITAN 34B R/B,1987-015B,2026-09-21T13:41:20.106240,2.05003623,.72411412,63.0402,97.6957,265.7948,16.5273,0,U,17507,999,5448,0,-.1065E-4,0
GOES 7,1987-022A,2026-09-21T01:16:38.387712,0.99904279,.00017362,12.8409,336.9670,13.7188,347.2345,0,U,17561,999,12792,0,-.29E-5,0
SL-12 R/B(2),1987-028D,2026-09-23T01:52:51.301056,0.99868511,.00250317,10.9812,320.0839,119.7479,56.7041,0,U,17705,999,14544,0,-.289E-5,0
AGILA 1 (PALAPA B2P),1987-029A,2026-09-23T09:50:44.009376,0.99908743,.0000687,14.3310,347.4300,17.3146,4.6459,0,U,17706,999,4351,0,.99E-6,0
SL-12 R/B(2),1976-092F,2026-09-23T11:53:38.687424,1.00253871,.00155913,3.2139,268.4996,205.7652,120.5196,0,U,17872,999,11990,0,.87E-6,0
SL-12 R/B(2),1979-035E,2026-09-23T09:48:13.213728,1.00187893,.00272066,4.9788,280.9253,258.9491,304.0459,0,U,17873,999,18615,0,-.211E-5,0
SL-12 R/B(2),1984-016F,2026-09-23T14:28:27.225696,1.00321442,.00353111,8.3886,310.3133,233.2449,122.1684,0,U,17874,999,12383,0,-.22E-5,0
SL-12 R/B(2),1979-087C,2026-09-23T13:46:11.973216,1.00497645,.00441677,5.0972,282.3523,348.6223,26.7009,0,U,17939,999,4843,0,-.27E-5,0
COSMOS 1888,1987-084A,2026-09-22T23:14:50.347392,1.00194445,.00031811,10.6648,325.4966,261.0062,152.1066,0,U,18384,999,14267,0,.123E-5,0
SL-12 R/B(2),1987-084D,2026-09-15T20:46:09.333984,1.00040668,.00301381,10.8304,326.1207,253.6631,123.3992,0,U,18387,999,14968,0,.127E-5,0
COSMOS 1894,1987-091A,2026-09-18T11:42:30.489696,1.00223663,.00029481,10.6251,324.9687,0.7653,169.0049,0,U,18443,999,12175,0,-.269E-5,0
SL-12 R/B(2),1987-091D,2026-09-23T15:24:08.540064,1.00146465,.00235383,10.6520,325.1096,268.8530,87.8689,0,U,18446,999,13098,0,-.203E-5,0
TVSAT 1,1987-095A,2026-09-17T20:00:38.617920,0.98922391,.00612542,11.1311,327.4479,138.2205,185.9463,0,U,18570,999,12975,0,-.207E-5,0
COSMOS 1897,1987-096A,2026-09-23T14:20:12.032736,1.00278041,.00062766,10.8946,326.2847,165.9019,182.7360,0,U,18575,999,14217,0,-.302E-5,0
SL-12 R/B(2),1987-096D,2026-09-23T13:14:22.910784,1.00559628,.0023563,10.6840,325.5510,251.8414,121.5052,0,U,18578,999,13902,0,-.26E-5,0
RADUGA 21,1987-100A,2026-09-23T13:02:47.058144,1.00326079,.00018408,11.1681,324.5997,291.9771,237.8785,0,U,18631,999,14207,0,-.297E-5,0
SL-12 R/B(2),1987-109D,2026-09-22T09:54:31.123872,1.00837320,.00685326,10.7563,326.0236,281.9400,184.3381,0,U,18718,999,13304,0,-.286E-5,0
COSMOS 1922,1988-013A,2026-09-21T00:04:36.923232,2.00842762,.59286615,68.7852,66.6755,41.6717,350.8467,0,U,18881,999,28245,0,.467E-5,0
SL-6 R/B(2),1988-013C,2026-09-23T02:50:13.176384,2.04050518,.66744886,64.4636,282.8499,22.8069,356.6753,0,U,18883,999,28727,0,-.84E-6,0
STTW-2,1988-014A,2026-09-22T21:15:15.395040,1.00283827,.00046616,13.1848,338.9786,192.4426,237.3993,0,U,18922,999,14109,0,-.228E-5,0
MOLNIYA 1-71,1988-017A,2026-09-20T20:40:30.048960,2.00797962,.72673675,62.0076,242.1728,269.3767,14.9726,0,U,18946,999,28228,-.97242501E-3,-.1471E-4,0
SL-6 R/B(2),1988-017D,2026-09-16T00:53:49.921440,2.10116735,.70827633,62.3158,182.2708,261.6896,19.5794,0,U,18949,999,27478,0,.642E-5,0
SPACENET 3R,1988-018A,2026-09-21T06:56:12.073632,0.99664372,.00051246,14.7137,358.9439,251.7518,172.4275,0,U,18951,999,12557,0,-.288E-5,0
COSMOS 1940,1988-034A,2026-09-23T02:41:39.119712,1.00671599,.00222409,10.8367,325.9388,296.3966,57.5776,0,U,19073,999,12233,0,-.269E-5,0
SL-12 R/B(2),1988-034D,2026-09-23T13:55:56.038944,1.00103798,.0023284,11.1407,326.9329,197.0729,170.4728,0,U,19076,999,14009,0,-.372E-5,0
SL-12 R/B(2),1988-036E,2026-09-23T13:18:30.629952,1.01120161,.00215688,10.0130,322.0488,191.2699,305.2142,0,U,19094,999,12282,0,-.218E-5,0
INSAT-1C,1988-063A,2026-09-22T21:24:38.568384,1.00245117,.00078171,11.1973,327.1476,178.2942,237.5842,0,U,19330,999,12132,0,.33E-6,0
COSMOS 1961,1988-066A,2026-09-22T21:37:55.756128,1.00260323,.00036289,11.3462,329.0936,190.0331,242.7690,0,U,19344,999,13999,0,-.108E-5,0
GORIZONT 16,1988-071A,2026-09-23T13:13:43.229856,0.99985712,.00107819,11.4124,329.1862,88.0717,282.5797,0,U,19397,999,13922,0,-.334E-5,0
SL-12 R/B(2),1988-071D,2026-09-16T09:41:45.397824,1.00550751,.00205047,11.1424,328.4632,244.4175,147.0406,0,U,19400,999,13362,0,.64E-6,0
USA 31,1988-077A,2026-09-20T15:24:02.232000,2.00738844,.7314237,27.7007,344.9931,223.0048,48.0646,0,U,19458,999,1724,.80026E-2,-.758E-5,0
GSTAR 3,1988-081A,2026-09-23T13:20:23.723232,1.00272293,.00069885,10.9272,317.5946,223.8673,275.7160,0,U,19483,999,13558,0,-.106E-5,0
SBS 5,1988-081B,2026-09-15T22:30:02.426112,0.99788461,.0006197,14.6256,0.2276,308.2592,65.2420,0,U,19484,999,4737,0,.103E-5,0
TITAN 34D TRANSTAGE R/B,1988-077C,2026-09-23T06:25:24.520224,2.04325861,.73819351,27.1434,52.3912,21.5288,357.6841,0,U,19490,999,5441,.79594847E-4,-.101E-5,0
TDRS 3,1988-091B,2026-09-23T05:16:57.948960,1.00271585,.00382982,12.5298,340.3419,351.7026,60.4868,0,U,19548,999,12637,0,-.293E-5,0
IUS R/B(2),1988-091D,2026-08-27T22:30:17.180640,1.00487315,.00204116,12.1279,330.4812,306.2733,90.9359,0,U,19550,999,13083,0,.41E-6,0
RADUGA 22,1988-095A,2026-09-15T20:43:32.085120,1.00208390,.00060065,11.4416,329.5558,202.4587,161.2429,0,U,19596,999,12256,0,.12E-5,0
SL-6 R/B(2),1988-096D,2026-09-14T02:42:22.937472,2.04278956,.6315528,67.4657,351.9902,28.3021,354.8064,0,U,19611,999,28253,0,-.34E-5,0
SKYNET 4B,1988-109A,2026-09-22T01:16:47.192736,0.99675565,.00055061,13.0115,336.2126,279.1639,94.8276,0,U,19687,999,11913,0,-.271E-5,0
STTW-3,1988-111A,2026-09-22T23:37:00.283584,1.00273421,.00048881,14.0003,344.8214,199.0183,209.3399,0,U,19710,999,13182,0,.13E-5,0
SL-6 R/B(2),1989-011D,2026-09-23T08:00:53.636832,2.04179272,.72548257,63.0594,185.8961,43.5968,354.7735,0,U,19799,999,24355,0,-.433E-5,0
MOLNIYA 1-75,1989-014A,2026-09-21T22:43:09.878304,2.00536446,.68832277,63.7992,128.9409,255.1704,24.8543,0,U,19807,999,27522,0,-.352E-5,0
SL-6 R/B(2),1989-014D,2026-09-22T04:19:52.919040,2.07387275,.72223379,63.6860,26.1480,251.3996,23.3154,0,U,19810,999,28460,0,.566E-5,0
JCSAT-1,1989-020A,2026-09-23T10:06:15.990624,0.99537924,.00042238,14.8183,352.3618,204.4267,148.1509,0,U,19874,999,12976,0,-.26E-6,0
IUS R/B(2),1989-021D,2026-09-23T09:46:35.870304,1.00602973,.00232423,8.5562,320.1198,197.7246,319.2650,0,U,19913,999,12664,0,-.196E-5,0
RADUGA 23,1989-030A,2026-09-22T21:37:55.776864,1.00179485,.00204869,11.6932,331.3427,213.5965,216.7549,0,U,19928,999,13583,0,-.85E-6,0
TITAN 34D TRANSTAGE R/B,1989-035C,2026-09-22T18:28:46.054272,0.99424043,.10602389,8.2563,5.2044,58.1961,311.6899,0,U,19983,999,2646,0,-.218E-5,0
SUPERBIRD-A,1989-041A,2026-09-15T20:42:24.693120,0.99751839,.00043546,12.0765,331.6991,194.5635,162.6482,0,U,20040,999,13536,0,.42E-6,0
DFS 1,1989-041B,2026-09-19T23:57:38.759328,1.00655420,.0014535,13.9453,345.8232,299.1959,35.8907,0,U,20041,999,12544,0,-.223E-5,0
IUS R/B(2),1989-046D,2026-09-23T09:07:20.035200,1.01300310,.00439656,12.0853,337.6268,15.7986,344.3718,0,U,20069,999,2723,0,.62E-6,0
GORIZONT 18,1989-052A,2026-09-23T10:09:15.999840,0.99404550,.00365776,12.2878,333.8205,348.8037,18.4838,0,U,20107,999,13539,0,-.77E-6,0
TVSAT 2,1989-062A,2026-09-23T11:59:42.205920,0.99840445,.00098341,14.6892,355.0222,212.1367,34.3251,0,U,20168,999,13548,0,.83E-6,0
HIPPARCOS,1989-062B,2026-09-23T10:49:37.234560,2.26418634,.71883763,6.8158,283.4318,56.4688,352.6449,0,U,20169,999,27158,-.69180788E-4,-.205E-5,0
TITAN 34D TRANSTAGE R/B,1989-069D,2026-09-23T04:15:55.077120,1.01247715,.00702108,10.9261,326.9435,349.0631,10.7936,0,U,20205,999,2799,0,-.242E-5,0
FLTSATCOM 8 (USA 46),1989-077A,2026-09-22T18:53:33.776736,1.00269105,.00030606,12.3964,350.5637,230.8311,189.3810,0,U,20253,999,26154,0,-.362E-5,0
GORIZONT 19,1989-081A,2026-09-22T23:35:02.544576,1.00217063,.00055703,11.9723,332.8450,282.0272,147.2215,0,U,20263,999,4832,0,.116E-5,0
SL-12 R/B(2),1989-081D,2026-09-23T01:08:10.583808,1.00605937,.00255168,11.7737,332.2182,129.6769,227.4147,0,U,20266,999,12033,0,-.275E-5,0
HIMAWARI-4 AKM,1989-070C,2026-09-23T13:53:41.254080,0.98762909,.02389959,12.5043,336.5579,66.0117,285.8984,0,U,20317,999,4762,0,-.29E-5,0
COSMOS 2050,1989-091A,2026-09-22T10:38:27.330432,2.00508988,.58641333,65.7826,78.1539,162.5025,232.2603,0,U,20330,999,26975,0,.668E-5,0
USA 48,1989-090B,2026-09-16T09:33:52.852896,1.00737504,.02879604,16.8172,339.8936,119.3839,252.1951,0,U,20355,999,868,0,-.3E-7,0
IUS R/B(2),1989-090D,2026-09-19T19:06:45.777024,0.99516352,.0333933,17.1980,341.7908,104.7926,258.9500,0,U,20357,999,2630,0,.8E-7,0
RADUGA 24,1989-098A,2026-09-23T12:27:26.341632,1.00228602,.00037222,12.3995,333.0982,294.0357,19.4636,0,U,20367,999,13395,0,-.288E-5,0
COSMOS 2054,1989-101A,2026-09-23T10:08:29.158080,1.00305280,.00040315,12.1391,333.5750,236.1898,132.2679,0,U,20391,999,13485,0,.8E-6,0
LEASAT 5,1990-002B,2026-09-22T23:34:26.731776,0.99599984,.00023968,11.0785,352.3967,67.7791,276.4311,0,U,20410,999,11939,0,-.239E-5,0
SL-12 R/B(2),1983-020D,2026-09-26T12:44:52.381248,0.24726907,.74895604,76.0560,54.9781,53.7422,0.2240,0,U,20413,999,1160,0,.365E-5,0
STTW-4,1990-011A,2026-09-22T21:26:14.561376,1.00246241,.00030343,14.1079,345.6679,186.4314,245.9931,0,U,20473,999,13402,0,-.274E-5,0
RADUGA 25,1990-016A,2026-09-23T08:13:33.530016,1.00165466,.00063057,12.2217,334.0355,224.4622,173.8881,0,U,20499,999,13389,0,-.38E-6,0
SL-12 R/B(2),1990-016D,2026-09-23T13:09:44.498016,1.00039703,.0041942,12.3656,334.5231,248.2196,124.6982,0,U,20502,999,13375,0,-.272E-5,0
NEWSAT-1 (PALAPA B2R),1990-034A,2026-09-21T15:47:29.458176,0.99531902,.0010112,14.7798,2.1537,160.2019,208.5479,0,U,20570,999,4725,0,-.339E-5,0
INSAT-1D,1990-051A,2026-09-23T14:04:30.792000,1.00260457,.00175653,14.5969,353.1918,198.5541,100.5692,0,U,20643,999,11973,0,-.137E-5,0
GORIZONT 20,1990-054A,2026-09-22T21:18:29.153088,1.00302755,.00064901,12.5880,335.3808,250.0169,188.3315,0,U,20659,999,13267,0,-.265E-5,0
SL-12 R/B(2),1990-054D,2026-09-22T19:18:09.468000,1.00512349,.00126579,12.4269,334.7930,108.6252,251.5458,0,U,20662,999,13277,0,.97E-6,0
COSMOS 2085,1990-061A,2026-09-18T17:21:27.988704,1.00276584,.00129899,12.5833,335.8434,30.7964,321.7599,0,U,20693,999,13243,0,-.62E-6,0
SL-12 R/B(2),1990-061D,2026-09-23T13:52:41.350368,1.00213381,.00333655,12.5420,335.6744,223.2864,122.4737,0,U,20696,999,13138,0,-.356E-5,0
DFS 2,1990-063B,2026-09-20T01:30:02.246400,0.99553118,.00079653,14.6070,2.9135,265.6714,108.2333,0,U,20706,999,12387,0,-.173E-5,0
COSMOS 2087,1990-064A,2026-09-16T04:15:41.122656,2.00384257,.63173112,67.7565,179.4764,22.8214,355.9178,0,U,20707,999,26465,0,-.8E-5,0
SL-6 R/B(2),1990-064D,2026-09-22T02:00:13.566240,2.04551994,.61338328,69.3956,92.7714,8.5219,358.4864,0,U,20710,999,27005,0,-.18E-5,0
MARCOPOLO 2 R/B [PAM-D],1990-074C,2026-09-19T20:42:11.988000,2.18684248,.72550456,20.7751,212.5753,164.3903,243.5212,0,U,20764,999,28586,.1170512E-3,-.204E-5,0
GOES 2 AKM,1977-048G,2026-09-23T13:50:26.566368,1.00578465,.02079997,3.8545,274.1144,112.2692,289.8120,0,U,20799,999,11882,0,-.4E-5,0
METEOSAT-4 AKM,1989-020E,2026-09-23T08:53:52.966752,1.00427048,.01330498,10.8787,330.7454,258.2905,75.5270,0,U,20800,999,11718,0,-.76E-6,0
GOES 3 AKM,1978-062D,2026-09-23T11:22:56.630784,0.99476846,.01026329,6.2094,283.6017,95.6332,99.2438,0,U,20801,999,4794,0,-.315E-5,0
SMS 2 AKM,1975-011F,2026-09-23T06:34:01.835904,0.98589267,.00978035,3.5172,272.3510,147.8011,52.9421,0,U,20835,999,4754,0,-.14E-5,0
SL-12 R/B(2),1974-060F,2026-09-23T12:39:53.776800,1.00213076,.00149463,1.1293,242.8115,242.7312,176.5588,0,U,20836,999,4699,0,-.347E-5,0
METEOSAT-2 AKM (MAGE 1),1981-057F,2026-09-23T11:24:26.486784,0.99365494,.00741587,7.3580,297.7001,214.2788,333.3816,0,U,20837,999,12037,0,-.258E-5,0
GALAXY 6 (G-6),1990-091B,2026-09-23T11:07:45.661152,0.99758187,.00066032,14.0911,9.2592,231.6527,155.0677,0,U,20873,999,4743,0,.88E-6,0
GORIZONT 21,1990-094A,2026-09-22T21:03:50.130720,1.00149366,.00073393,12.6448,336.0808,270.3400,143.0102,0,U,20923,999,13143,0,-.45E-6,0
SL-12 R/B(2),1990-094D,2026-09-23T12:36:01.022112,1.00852389,.00332556,12.4000,335.3287,159.8306,218.0698,0,U,20926,999,13222,0,-.4E-7,0
GORIZONT 22,1990-102A,2026-09-23T13:16:29.248320,1.00222852,.00047357,12.6357,336.5436,344.5212,10.6876,0,U,20953,999,13135,0,-.349E-5,0
GOES 1 AKM,1975-100F,2026-09-22T15:52:51.230784,1.01931226,.02665578,2.0785,248.3554,99.9253,262.4546,0,U,20962,999,13714,0,.67E-6,0
RADUGA 26,1990-112A,2026-09-22T23:34:38.915904,1.00291979,.00026199,12.7513,337.2241,128.5965,304.4337,0,U,21016,999,13124,0,.64E-6,0
SL-12 R/B(2),1990-112D,2026-09-23T12:21:05.160384,1.00012163,.00258864,12.8110,337.3882,188.8474,113.9317,0,U,21019,999,12091,0,-.208E-5,0
RADUGA-1 2,1990-116A,2026-09-22T21:24:38.533824,1.00225935,.00039142,12.7917,337.2479,147.3345,258.2104,0,U,21038,999,4832,0,.39E-6,0
ATS 5 AKM,1969-069C,2026-09-23T12:56:25.168416,0.98180824,.01316173,0.3287,271.6669,312.4631,248.2918,0,U,21052,999,4734,0,-.83E-6,0
ITALSAT 1,1991-003A,2026-09-23T12:40:58.829088,0.99961195,.00090598,14.5257,350.7400,55.9648,256.2620,0,U,21055,999,11806,0,-.325E-5,0
COSMOS 2133,1991-010A,2026-09-23T14:04:06.258720,1.00260003,.00063373,13.1803,342.0683,209.6022,97.9387,0,U,21111,999,13042,0,-.111E-5,0
MOLNIYA 1-80,1991-012A,2026-09-22T19:12:37.387872,2.05247716,.63470953,64.8894,186.8919,254.2869,31.3370,0,U,21118,999,26296,0,-.639E-5,0
SL-6 R/B(2),1991-012D,2026-09-20T16:17:59.916480,2.05803516,.65055952,64.6411,156.9987,252.1749,30.9545,0,U,21121,999,9909,0,-.584E-5,0
SL-12 R/B(2),1991-010F,2026-09-23T13:56:11.014656,1.00128132,.00185924,13.0866,341.6698,236.1090,117.3922,0,U,21129,999,13065,0,-.368E-5,0
RADUGA 27,1991-014A,2026-09-22T18:54:00.312768,1.00300819,.00015913,13.2482,336.1192,280.0919,155.0937,0,U,21132,999,13029,0,-.357E-5,0
MOLNIYA 3-40,1991-022A,2026-09-17T22:54:18.340416,2.03011461,.6455604,64.7129,180.8691,252.3151,31.4329,0,U,21196,999,26122,0,.976E-5,0
SL-6 R/B(2),1991-022D,2026-09-21T20:19:51.138624,2.05829476,.67121343,64.4454,133.8280,250.7987,29.4767,0,U,21199,999,26658,0,.699E-5,0
SPACENET 4 (ASC 2),1991-028A,2026-09-21T03:01:20.847072,0.99570990,.00063376,13.8381,13.1249,305.3714,52.7610,0,U,21227,999,12732,0,-.279E-5,0
SPACENET 4 R/B [PAM-D],1991-028C,2026-09-20T11:47:57.295104,2.19703913,.6893202,21.9693,251.4411,287.1181,332.8753,0,U,21229,999,28438,0,-.219E-5,0
MOLNIYA 1-81,1991-043A,2026-09-18T19:01:57.047232,2.00611885,.67919977,63.4145,170.0713,257.2769,24.6484,0,U,21426,999,25834,0,.1E-5,0
SL-6 R/B(2),1991-043D,2026-09-20T17:34:54.354720,1.96682763,.68067073,63.5993,238.3050,261.6431,22.1862,0,U,21429,999,25324,0,-.589E-5,0
SL-12 R/B(2),1991-046D,2026-09-21T22:00:13.541760,1.00925602,.00165948,12.7432,337.8437,253.4483,99.6792,0,U,21536,999,12477,0,.69E-6,0
TDRS 5,1991-054B,2026-09-23T12:45:31.562784,1.00266584,.00089108,14.0600,353.0364,246.5933,146.6754,0,U,21639,999,12870,0,.91E-6,0
IUS R/B(2),1991-054D,2026-09-22T23:32:26.922624,1.00313454,.00367779,13.6402,332.1525,346.9035,10.1979,0,U,21641,999,4834,0,-.199E-5,0
COSMOS 2155,1991-064A,2026-09-18T11:02:04.365600,1.00244217,.0003998,13.0459,338.5999,245.3563,118.8985,0,U,21702,999,12827,0,.24E-6,0
SL-12 R/B(2),1991-064B,2026-09-23T07:35:48.410592,0.99886265,.000222,13.2478,339.2355,347.6131,19.2078,0,U,21703,999,12113,0,.76E-6,0
MOLNIYA 3-41,1991-065A,2026-09-22T06:19:56.816256,2.04521413,.74165726,62.5962,303.8270,254.2703,19.5949,0,U,21706,999,25870,.41494264E-3,.867E-5,0
SL-12 R/B(2),1991-074D,2026-09-18T22:12:15.729984,0.99708786,.0003002,13.3815,340.6954,245.5791,115.1363,0,U,21762,999,12061,0,-.48E-6,0
INTELSAT 601 (IS-601),1991-075A,2026-09-23T01:20:24.410976,0.99595704,.00020219,13.4864,16.1978,276.1674,82.6273,0,U,21765,999,12734,0,-.176E-5,0
COSMOS 2172,1991-079A,2026-09-23T01:12:40.152672,1.00228668,.00024884,13.1736,339.6480,358.9828,7.7832,0,U,21789,999,4834,0,-.252E-5,0
ATLAS 2 CENTAUR R/B,1991-083B,2026-09-22T22:26:57.168960,1.91163973,.73473012,17.1536,254.0441,326.6993,3.4227,0,U,21804,999,24309,-.10437932E-1,-.392E-5,0
IUS R/B(2),1991-080D,2026-09-15T09:24:10.744992,1.01279125,.00211778,13.4211,341.9869,350.2016,9.7772,0,U,21807,999,2688,0,.23E-6,0
RADUGA 28,1991-087A,2026-09-23T14:26:13.507872,1.00361553,.00052551,13.2927,340.3376,203.2166,118.0711,0,U,21821,999,12730,0,-.194E-5,0
IABS R/B,1992-006C,2026-09-18T23:36:36.650592,1.10787110,.06598248,7.3482,320.8881,106.4322,260.8805,0,U,21877,999,2891,0,-.118E-5,0
METEOSAT-5 AKM,1991-015E,2026-09-23T08:26:41.918784,1.00141726,.01595565,12.1777,337.7337,239.4283,119.0261,0,U,21904,999,11735,0,.67E-6,0
GORIZONT 25,1992-017A,2026-09-22T04:27:43.882848,0.99846195,.0024159,13.4603,341.9074,118.6765,247.3657,0,U,21922,999,12591,0,-.194E-5,0
SL-12 R/B(2),1992-017D,2026-08-28T04:09:53.188992,1.01088278,.00203958,13.0096,340.0390,72.0417,301.2145,0,U,21925,999,12604,0,-.199E-5,0
TELECOM 2B,1992-021A,2026-09-22T20:20:11.821920,0.99510239,.0014034,14.5837,2.9777,122.3393,303.9220,0,U,21939,999,11836,0,-.31E-5,0
PALAPA B4,1992-027A,2026-09-22T07:41:30.489792,0.99933542,.00004302,13.3357,16.5578,299.2477,79.8548,0,U,21964,999,4816,0,-.199E-5,0
DELTA 2 R/B(2),1992-027C,2026-09-21T17:11:13.718400,2.05328086,.64559797,22.4798,64.6988,98.0619,334.7332,0,U,21966,999,25775,0,.2E-7,0
INSAT-2A,1992-041A,2026-09-23T13:06:57.892032,1.00230526,.00109557,14.4701,351.0616,276.0082,83.4345,0,U,22027,999,12503,0,-.211E-5,0
GORIZONT 26,1992-043A,2026-09-23T13:55:11.110944,0.99243981,.00359336,13.7738,344.0955,274.9094,71.7643,0,U,22041,999,12444,0,-.252E-5,0
OPTUS B1 R/B(STAR 63F),1992-054C,2026-09-22T10:52:08.292000,2.24628688,.72442335,22.7261,174.5091,38.8279,355.3264,0,U,22089,999,27514,.10900193E-2,.233E-5,0
DELTA 2 R/B(2),1992-057C,2026-09-23T08:51:11.182752,2.17558985,.67633666,20.1117,272.9844,181.0010,159.8918,0,U,22098,999,27069,0,.32E-6,0
COSMOS 2209,1992-059A,2026-09-22T03:31:12.476352,1.00170071,.00115286,13.5200,341.9246,342.8026,8.4191,0,U,22112,999,12458,0,-.231E-5,0
SL-12 R/B(2),1992-059D,2026-08-28T16:10:46.294752,0.99793020,.0011921,13.7755,342.9423,329.3335,304.3649,0,U,22115,999,12300,0,.108E-5,0
HELLAS-SAT 1 (DFS 3),1992-066A,2026-09-23T14:29:11.158368,0.99737892,.00022425,14.2949,6.3122,214.9210,154.2601,0,U,22175,999,12153,0,-.256E-5,0
DELTA 2 R/B(2),1992-066C,2026-09-20T01:00:53.877600,2.18729473,.68410741,19.3804,81.1513,259.7434,351.6953,0,U,22177,999,5178,0,-.231E-5,0
MOLNIYA 3-42,1992-067A,2026-09-20T08:35:32.342208,2.20433022,.7018761,64.3013,30.0318,246.7938,28.5710,0,U,22178,999,11435,0,.1E-6,0
SL-6 R/B(2),1992-067D,2026-09-22T16:50:42.766368,2.00396734,.68924023,64.0110,147.5934,251.2795,27.0694,0,U,22181,999,24539,0,-.185E-5,0
SL-6 R/B(2),1992-069D,2026-09-22T04:01:35.057568,2.02813392,.63980593,68.5927,80.2932,350.0503,229.4703,0,U,22192,999,24630,0,-.93E-6,0
GALAXY 7 (G-7),1992-072A,2026-09-22T06:46:27.071328,0.99701330,.00041257,14.5462,2.5377,47.7506,329.7536,0,U,22205,999,11785,0,-.161E-5,0
EKRAN 20,1992-074A,2026-09-22T21:39:01.799424,1.00327752,.00051752,13.6315,343.5820,227.6724,190.7832,0,U,22210,999,4835,0,-.121E-5,0
SL-12 R/B(2),1992-074D,2026-08-30T00:47:18.424032,1.01138148,.00202621,13.2159,342.2501,154.7482,196.9339,0,U,22213,999,12651,0,-.2E-7,0
SL-6 R/B(2),1992-081D,2026-09-20T14:10:11.311680,2.03439220,.6389616,68.6174,1.1833,13.5326,357.6190,0,U,22241,999,25126,0,-.209E-5,0
GORIZONT 27,1992-082A,2026-09-17T23:48:29.478240,1.00210462,.00114562,13.6602,343.2905,30.6832,317.4329,0,U,22245,999,12804,0,-.202E-5,0
HIMAWARI-3 AKM,1984-080E,2026-09-22T06:37:43.069152,0.99754210,.01359352,9.3445,315.5648,115.6189,43.2683,0,U,22266,999,11845,0,-.31E-6,0
COSMOS 2224,1992-088A,2026-09-14T01:59:33.450720,1.00207658,.00075299,13.6040,347.3239,264.3259,84.9201,0,U,22269,999,12297,0,-.305E-5,0
SL-12 R/B(2),1992-088D,2026-09-23T10:03:22.597920,1.00069017,.00091073,13.7059,347.7266,175.7084,185.8375,0,U,22272,999,4827,0,.85E-6,0
TDRS 6,1993-003B,2026-09-22T11:29:36.612672,1.00272223,.00096869,14.1861,356.3246,203.3146,288.3437,0,U,22314,999,12338,0,-.29E-5,0
IUS R/B(2),1993-003D,2026-08-28T05:42:42.869952,1.00102722,.00676655,11.8165,344.1054,127.0712,231.0267,0,U,22316,999,12790,0,-.224E-5,0
RADUGA 29,1993-013A,2026-09-22T20:27:03.485088,1.00296465,.00043334,13.7849,344.3781,193.2362,263.4923,0,U,22557,999,12266,0,-.332E-5,0
ARSENE (AO-24),1993-031B,2026-09-23T06:22:10.472736,1.42202602,.2866449,5.4620,44.2061,343.5988,19.0402,0,U,22654,999,16882,0,-.121E-5,0
TITAN 34D TRANSTAGE DEB,1988-077D,2026-09-22T00:23:17.577024,2.16477937,.73476146,26.3151,141.7125,101.1056,341.7760,0,U,22668,999,5727,.10749858E-2,.1156E-4,0
TITAN 34D TRANSTAGE DEB,1988-077E,2026-09-21T21:27:27.775872,2.11809010,.73574413,26.2630,175.8015,53.8751,353.5519,0,U,22669,999,5616,.14377243E-2,.612E-5,0
HGS-4 (GALAXY 4),1993-039A,2026-09-23T14:31:05.698848,1.00270039,.00111205,14.5618,354.3746,50.1239,247.5984,0,U,22694,999,11998,0,-.74E-6,0
HISPASAT 1B,1993-048A,2026-09-22T20:05:50.286048,0.99719377,.00036638,13.8027,12.3586,280.8512,114.1955,0,U,22723,999,12081,0,-.242E-5,0
INSAT-2B,1993-048B,2026-09-23T05:55:13.609056,0.99988463,.00178315,14.4813,1.8374,226.3274,38.9157,0,U,22724,999,12155,0,-.48E-6,0
IABS R/B,1993-046C,2026-08-28T03:28:26.423328,1.02137350,.0083591,12.3993,336.3376,146.8042,213.7925,0,U,22738,999,2706,0,-.102E-5,0
SL-6 R/B(2),1993-051D,2026-09-19T00:54:54.203040,2.05616741,.62206132,67.9491,289.5531,68.0042,344.9666,0,U,22744,999,24716,0,-.722E-5,0
UFO 2 (USA 95),1993-056A,2026-09-22T23:37:23.761920,1.00274596,.00023737,11.9309,2.9992,245.3986,136.4587,0,U,22787,999,11953,0,.13E-5,0
ACTS,1993-058B,2026-09-23T08:09:39.168288,1.00273301,.00521094,14.5700,354.8103,84.4964,299.3657,0,U,22796,999,12789,0,-.103E-5,0
TOS R/B,1993-058D,2026-09-23T11:51:37.717056,2.13571573,.73663278,15.3613,28.2811,157.5863,268.4575,0,U,22797,999,25049,.13991726E-2,.9E-5,0
RADUGA 30,1993-062A,2026-09-23T14:05:30.097824,1.00258951,.00052798,13.9710,346.4088,318.2555,345.6335,0,U,22836,999,4698,0,-.115E-5,0
SL-12 R/B(2),1993-062D,2026-09-15T22:21:25.753248,1.00316718,.00073793,13.9116,346.1862,96.3783,258.4172,0,U,22839,999,11976,0,.49E-6,0
GORIZONT 28,1993-069A,2026-09-23T13:11:30.418368,0.99658771,.00313307,14.0765,347.3148,178.0122,180.5555,0,U,22880,999,12010,0,-.32E-5,0
SL-12 R/B(2),1993-069D,2026-08-29T04:08:09.267936,1.00477697,.0002855,13.8260,346.1437,47.4557,324.4585,0,U,22883,999,11980,0,-.26E-5,0
GORIZONT 29,1993-072A,2026-09-21T21:16:36.819264,1.00151739,.00106244,13.9470,346.6157,358.3296,349.4065,0,U,22907,999,12013,0,.54E-6,0
SOLIDARIDAD 1,1993-073A,2026-09-23T08:47:29.711904,1.00276848,.00101929,14.4090,1.6219,245.0008,145.4448,0,U,22911,999,11885,0,-.127E-5,0
IABS R/B,1993-074B,2026-09-20T23:24:08.056800,1.00006993,.00578556,13.7221,341.3079,111.0780,249.5753,0,U,22916,999,2686,0,-.137E-5,0
DELTA 2 R/B(2),1993-076C,2026-09-22T16:54:25.818336,2.24130007,.70898941,22.9269,231.3371,304.4619,307.3432,0,U,22923,999,26856,-.39234536E-2,-.31E-5,0
TELSTAR 401,1993-077A,2026-09-23T08:07:32.729664,1.00286626,.00084547,14.4257,350.1024,170.0000,221.1941,0,U,22927,999,11956,0,-.124E-5,0
MOLNIYA 1-87,1993-079A,2026-09-22T06:01:42.258720,2.02853405,.67425306,64.8336,273.0332,268.1386,19.8308,0,U,22949,999,10653,0,.1153E-4,0
SL-6 R/B(2),1993-079D,2026-09-21T04:45:46.838592,2.06883063,.65261782,64.4860,212.3423,262.4554,24.5496,0,U,22952,999,24675,0,.644E-5,0
GALS 1,1994-002A,2026-09-22T21:40:13.189152,1.00356101,.0013117,14.5177,353.0889,230.3550,187.7436,0,U,22963,999,11969,0,-.21E-5,0
SL-12 R/B(2),1994-002D,2026-09-23T11:53:14.661312,0.99471022,.00406209,13.8766,343.3740,151.7761,181.3116,0,U,22966,999,11805,0,-.333E-5,0
VEP,1994-007B,2026-09-23T12:34:23.479968,2.25997775,.72282747,29.1814,345.5753,349.3865,1.3124,0,U,22979,999,26852,.13823884E-4,-.184E-5,0
RADUGA-1 3,1994-008A,2026-09-23T12:24:01.888992,1.00296944,.00022088,14.1307,347.4672,242.3984,56.9494,0,U,22981,999,11946,0,-.308E-5,0
TITAN 4 CENTAUR R/B,1994-009B,2026-09-18T02:35:28.570848,1.00583799,.00148456,16.9533,21.7660,240.2443,119.6257,0,U,22989,999,2622,0,-.82E-6,0
RADUGA 31,1994-012A,2026-09-12T22:13:43.157280,1.00255395,.00015621,14.1014,347.5731,182.7363,200.0861,0,U,23010,999,11923,0,.98E-6,0
DELTA 2 R/B(2),1994-013C,2026-09-23T05:24:09.211104,2.02373303,.6530245,24.2327,211.1309,257.7606,27.1529,0,U,23018,999,24073,0,-.313E-5,0
TITAN 34D TRANSTAGE DEB,1988-077J,2026-09-22T17:48:32.449536,2.03936039,.73813883,26.6616,89.5770,316.2353,4.7474,0,U,23039,999,5320,.81947456E-3,.5E-5,0
TITAN 34D TRANSTAGE DEB,1988-077K,2026-09-19T09:01:49.938816,2.19073888,.73024257,27.2627,353.6518,358.4419,0.1777,0,U,23040,999,5891,.62301452E-3,-.5E-7,0
TITAN 34D TRANSTAGE DEB,1988-077L,2026-09-23T07:00:24.999264,2.22452286,.72736867,27.2115,341.3360,18.6713,357.9265,0,U,23041,999,5889,.12105695E-2,.303E-5,0
GORIZONT 30,1994-030A,2026-09-23T13:05:48.442848,1.00159742,.00056251,14.0203,347.4510,280.8480,175.2131,0,U,23108,999,11844,0,-.27E-6,0
METEOSAT-6 AKM,1993-073E,2026-08-29T04:07:39.317376,0.99995015,.00666019,14.1714,346.5469,112.2438,258.0923,0,U,23118,999,4792,0,-.29E-5,0
ARIANE 44LP+ R/B,1994-034D,2026-09-23T06:45:12.718944,2.26783934,.72241597,7.2973,273.2919,203.4230,91.1590,0,U,23127,999,26385,.15162851E-3,.4E-6,0
TITAN 34D TRANSTAGE DEB,1988-077M,2026-09-23T03:41:04.287840,2.00702473,.72848193,27.4515,45.3072,118.3901,331.5383,0,U,23130,999,5300,.12955265E-1,.29E-6,0
UFO 3 (USA 104),1994-035A,2026-09-23T01:19:24.507264,1.00271340,.00045416,12.4125,5.0979,241.3815,124.8198,0,U,23132,999,13268,0,-.101E-5,0
COSMOS 2282,1994-038A,2026-09-16T09:11:36.296736,1.00310953,.00057077,13.8534,352.0344,143.6990,189.5267,0,U,23168,999,11791,0,.84E-6,0
SL-12 R/B(2),1994-038D,2026-09-15T00:06:55.679904,0.99432021,.0023427,14.2033,353.2970,154.1214,219.0057,0,U,23171,999,11691,0,-.98E-6,0
OPTUS B3 PKM,1994-055C,2026-09-23T05:27:26.126208,2.13888080,.73419892,24.0865,342.8083,177.0642,193.0441,0,U,23229,999,24637,.94666116E-3,.167E-5,0
KIKU-6 (ETS-VI),1994-056A,2026-09-23T00:32:38.826240,1.67089596,.5076468,12.2374,232.3271,197.8743,150.8817,0,U,23230,999,19588,0,-.34E-6,0
ARIANE 44L+ DEB,1992-021L,2026-09-23T12:21:17.650368,2.24749801,.70490613,3.6017,263.2721,338.9580,173.6559,0,U,23241,999,26624,.25347244E-1,.332E-5,0
ARIANE 44L+ DEB,1992-021N,2026-09-23T10:46:37.612416,2.21564512,.68860204,4.7586,2.7882,106.3215,310.7292,0,U,23244,999,26129,0,.15E-6,0
TITAN 4 CENTAUR R/B,1994-054B,2026-09-23T09:55:33.099456,0.99586280,.01142365,12.2305,353.8829,356.5791,3.3815,0,U,23247,999,2650,0,.32E-6,0
ETS 6 DEB,1994-056C,2026-09-16T05:28:17.146272,1.70300974,.5149,12.1376,134.3074,13.4733,174.8095,0,U,23248,999,19925,0,-.152E-5,0
COSMOS 2291,1994-060A,2026-09-16T22:27:41.817888,1.00287097,.00077349,14.1216,348.9320,230.0079,108.6041,0,U,23267,999,11711,0,-.68E-6,0
SL-12 R/B(2),1994-060D,2026-09-18T17:10:10.180704,1.00053610,.00076318,14.2276,349.3755,161.5228,173.7529,0,U,23270,999,11647,0,-.14E-6,0
THAICOM 2,1994-065B,2026-09-23T13:44:14.457984,0.99590297,.00048062,11.6551,37.7343,191.4713,191.5048,0,U,23314,999,4735,0,.92E-6,0
EXPRESS 1,1994-067A,2026-09-23T13:10:10.983936,0.99833971,.00065256,14.5466,1.2556,246.6123,98.6923,0,U,23319,999,11655,0,-.304E-5,0
SL-12 R/B(2),1994-067D,2026-09-23T04:25:06.697920,1.00168263,.00065345,13.8102,344.1487,160.3928,204.7549,0,U,23322,999,11699,0,-.238E-5,0
ELEKTRO (GOMS 1),1994-069A,2026-09-23T14:24:39.769056,1.00273368,.0009742,14.4431,348.5299,267.4227,44.9041,0,U,23327,999,11685,0,-.172E-5,0
SL-12 R/B(2),1994-069D,2026-09-23T11:39:14.602752,1.00141887,.00212721,14.4440,348.5743,159.9311,200.0687,0,U,23330,999,11663,0,-.56E-6,0
DFH 3-1,1994-080A,2026-09-22T05:03:02.021184,1.00968709,.00954971,13.6230,343.8047,25.1109,336.4788,0,U,23415,999,13665,0,-.255E-5,0
LUCH,1994-082A,2026-09-17T08:59:25.379520,1.00175937,.00069824,14.7375,353.8700,212.1580,147.8225,0,U,23426,999,11618,0,.73E-6,0
SL-12 R/B(2),1994-082D,2026-08-29T19:26:34.630656,1.00795538,.00273351,14.5654,353.4866,144.0406,161.3768,0,U,23429,999,11663,0,.114E-5,0
RADUGA 32,1994-087A,2026-09-22T21:06:22.930848,1.00261445,.00093811,14.2814,350.2358,265.7722,139.1786,0,U,23448,999,13386,0,-.119E-5,0
SL-12 R/B(2),1994-087D,2026-09-22T06:03:25.766784,1.00062805,.00085443,14.3036,350.2536,151.7968,225.9940,0,U,23451,999,4825,0,-.203E-5,0
UFO 4 (USA 108),1995-003A,2026-09-23T13:03:43.286400,1.00270661,.00029538,9.7062,12.7524,169.2541,188.6317,0,U,23467,999,11593,0,-.17E-6,0
HIMAWARI-5 AKM,1995-011D,2026-09-23T11:21:56.523168,1.01254854,.0216478,13.5714,347.4699,17.5081,8.3871,0,U,23524,999,4808,0,.45E-6,0
TITAN 4 CENTAUR R/B,1995-022B,2026-09-22T20:26:30.929568,1.00561001,.00068418,18.3438,5.1989,342.1836,17.8223,0,U,23568,999,2688,0,-.6E-7,0
SL-6 R/B(2),1995-026D,2026-09-20T23:44:48.627744,2.03314997,.65944991,66.6635,196.9093,29.0596,355.2775,0,U,23587,999,23253,0,.848E-5,0
TDRS 7,1995-035B,2026-09-23T12:16:20.881920,1.00271106,.00106617,13.2973,347.5043,98.4575,189.7298,0,U,23613,999,11423,0,-.234E-5,0
IUS R/B(2),1995-035D,2026-08-28T02:32:40.388928,1.00483056,.00095394,15.6073,341.0353,187.5761,178.9991,0,U,23615,999,11413,0,-.183E-5,0
ARIANE 42L+3 R/B,1995-040B,2026-09-22T04:10:38.758080,2.18791882,.72039422,4.5935,304.2379,79.0121,172.5628,0,U,23637,999,24870,-.50478001E-3,-.261E-5,0
KOREASAT 1,1995-041A,2026-09-22T17:58:21.605952,0.99666962,.00058603,14.7277,357.8639,242.3153,144.3038,0,U,23639,999,11350,0,-.293E-5,0
MOLNIYA 3-47,1995-042A,2026-09-23T01:34:13.706688,2.01979231,.66478894,64.8415,259.0609,268.1390,20.6454,0,U,23642,999,22849,0,.164E-5,0
SL-6 R/B(2),1995-042D,2026-09-19T22:50:59.335296,1.99251990,.6980103,64.8016,303.3432,269.9630,17.1531,0,U,23645,999,22381,0,-.895E-5,0
ATLAS 2 CENTAUR R/B(2),1995-038C,2026-09-17T23:50:07.186272,1.01262754,.00215877,13.6710,344.5631,291.0916,68.7049,0,U,23648,999,2701,0,.35E-6,0
COSMOS 2319,1995-045A,2026-09-14T20:53:55.436064,1.00161290,.00067818,14.3331,352.0375,258.9219,109.7224,0,U,23653,999,11369,0,.74E-6,0
SL-12 R/B(2),1995-045D,2026-09-23T12:21:28.517760,1.00188029,.00171806,14.3942,352.2668,58.1607,288.8538,0,U,23656,999,11364,0,-.218E-5,0
TELSTAR 4 (TELSTAR 402R),1995-049A,2026-09-23T09:01:36.117408,1.00260238,.00017707,13.6618,11.9398,255.9423,139.2846,0,U,23670,999,11349,0,-.19E-5,0
LUCH-1,1995-054A,2026-09-23T12:01:37.675200,1.00271489,.00065234,15.0486,358.4489,162.0746,94.8771,0,U,23680,999,11333,0,-.82E-6,0
SL-12 R/B(2),1995-054D,2026-08-29T21:28:00.672672,1.00173622,.00182777,15.0068,358.4721,105.8561,247.5741,0,U,23683,999,11310,0,.91E-6,0
ARIANE 42L+3 R/B,1995-055B,2026-09-23T02:15:59.742144,2.22345739,.72363265,4.4827,221.3773,57.8341,352.5485,0,U,23687,999,25024,.29199822E-3,.101E-5,0
USA 115 (MILSTAR-1 2),1995-060A,2026-09-23T00:49:35.728320,1.00274307,.00062744,14.1079,3.0036,161.2662,120.0752,0,U,23712,999,3386,0,-.197E-5,0
TITAN 401 CENTAUR R/B,1995-060B,2026-09-15T03:19:26.665248,1.00589070,.00367521,14.4027,358.1494,227.7658,131.9410,0,U,23713,999,2633,0,-.279E-5,0
ISO,1995-062A,2026-09-22T15:45:31.886784,1.02202810,.83228291,0.5013,28.8545,291.4479,2.5884,0,U,23715,999,11468,-.83148303E-2,-.416E-5,0
ARIANE 44P+3 R/B,1995-062B,2026-09-22T14:30:35.255808,0.95005634,.83755831,6.6158,13.9259,51.8480,356.8410,0,U,23716,999,10713,-.17682764E-2,-.68E-6,0
GALS 2,1995-063A,2026-09-16T10:09:58.235616,0.99878938,.00064736,14.5107,1.8951,314.0321,69.4658,0,U,23717,999,11254,0,.34E-6,0
SL-12 R/B(2),1995-063D,2026-08-29T18:28:24.978720,1.00356568,.00423118,14.1254,347.6038,196.8894,108.1240,0,U,23720,999,11272,0,.128E-5,0
INSAT-2C,1995-067B,2026-09-23T08:33:02.069280,0.99782158,.00014776,14.3629,7.5023,25.6567,313.1049,0,U,23731,999,11238,0,.99E-6,0
GALAXY 3R (G-3R),1995-069A,2026-09-23T09:01:36.189984,1.00321581,.00037762,13.3817,15.4867,152.2642,239.3810,0,U,23741,999,11280,0,-.197E-5,0
ABS-1A,1996-003A,2026-09-23T11:38:48.572160,0.99803405,.00039829,12.7379,24.7767,159.0273,163.9693,0,U,23768,999,11215,0,-.123E-5,0
DELTA 2 R/B(2),1996-003C,2026-09-22T04:29:34.872288,2.19761830,.68809642,21.0130,97.2854,41.9993,56.1490,0,U,23770,999,24648,0,-.113E-5,0
GORIZONT 31,1996-005A,2026-09-19T17:59:19.767840,0.99898000,.00222158,14.3966,353.8831,250.3965,33.5753,0,U,23775,999,11199,0,-.26E-6,0
PAKSAT 1 (ANATOLIA 1),1996-006A,2026-09-23T13:32:22.186752,0.99589489,.00089462,11.0612,44.9167,180.5447,214.2358,0,U,23779,999,11183,0,.86E-6,0
POLAR,1996-013A,2026-09-20T13:08:17.246112,1.29845778,.6559533,80.0102,225.9084,205.7781,96.7364,0,U,23802,999,14609,0,.151E-5,0
INMARSAT 3-F1,1996-020A,2026-09-22T13:44:51.546912,1.00003795,.00071508,10.8013,45.7071,157.3261,170.1643,0,U,23839,999,11122,0,-.123E-5,0
SL-12 R/B(2),1996-021D,2026-09-23T04:31:36.075936,1.64337994,.39666159,4.9804,220.8325,291.9908,256.7096,0,U,23845,999,18281,0,-.115E-5,0
GALAXY 9 (G-9),1996-033A,2026-09-23T14:40:37.017984,0.99535076,.00105317,12.2377,31.6408,177.5283,81.0978,0,U,23877,999,4733,0,.71E-6,0
DELTA 2 R/B(2),1996-033C,2026-09-22T05:19:50.842272,2.11148263,.67926265,22.4064,245.5608,62.5901,349.6658,0,U,23879,999,9897,0,.21E-6,0
GORIZONT 32,1996-034A,2026-09-22T20:20:11.834880,1.00176124,.00084872,14.3780,354.2312,358.4499,76.0059,0,U,23880,999,11101,0,-.369E-5,0
TURKSAT 1C,1996-040B,2026-09-23T14:25:43.014720,1.00298054,.00080864,12.2075,29.3746,182.6608,134.5295,0,U,23949,999,11066,0,-.347E-5,0
UFO 7 (USA 127),1996-042A,2026-09-22T06:51:34.602624,1.00177130,.00060232,11.2113,16.5308,137.6025,238.3102,0,U,23967,999,11046,0,-.265E-5,0
ITALSAT 2,1996-044A,2026-09-22T20:07:49.729728,1.00787396,.00255304,13.8466,6.0767,160.5644,241.9800,0,U,24208,999,11058,0,-.361E-5,0
ZHONGXING-7,1996-048A,2026-08-29T07:19:43.239648,1.06658581,.35055267,16.5842,180.7871,273.2911,302.5144,0,U,24282,999,11949,0,-.22E-6,0
INMARSAT 3-F2,1996-053A,2026-09-22T23:53:32.400960,0.99980948,.00056353,10.0742,52.9149,127.8426,227.7532,0,U,24307,999,10989,0,.134E-5,0
ECHOSTAR 2,1996-055A,2026-09-22T07:51:19.608192,1.00296196,.00108415,12.1178,30.7676,105.6383,280.4357,0,U,24313,999,10999,0,-.291E-5,0
AMC-1 (GE-1),1996-054A,2026-09-22T19:16:21.683136,0.99512128,.0008434,9.3476,58.0611,206.7713,178.2567,0,U,24315,999,4721,0,-.284E-5,0
EXPRESS 2,1996-058A,2026-09-23T12:33:03.623040,1.00265518,.00091915,14.5570,353.5854,350.8524,309.0157,0,U,24435,999,10979,0,-.329E-5,0
SL-12 R/B(2),1996-058D,2026-08-29T19:41:17.846880,1.00322045,.00074642,14.3555,350.4936,137.8824,187.6003,0,U,24438,999,10957,0,.117E-5,0
AFRICASAT-2 (MEASAT-2),1996-063B,2026-09-18T01:37:41.507328,0.99660675,.00062256,12.3954,28.2523,197.8751,155.5601,0,U,24653,999,10920,0,-.125E-5,0
INMARSAT 3-F3,1996-070A,2026-09-23T07:57:01.377216,0.99989372,.00062345,10.5272,48.6805,159.3917,217.8957,0,U,24674,999,10889,0,-.279E-5,0
ATLAS 2A CENTAUR R/B,1996-070B,2026-09-22T17:02:56.985792,2.22634585,.69899915,22.3478,118.3540,48.5424,46.2396,0,U,24675,999,24209,0,-.192E-5,0
ISO DEB,1995-062C,2026-09-18T04:55:22.551168,1.00123396,.82560748,4.7918,23.2873,41.6308,356.3134,0,U,24700,999,4391,0,-.55E-6,0
AMC-2 (GE-2),1997-002A,2026-09-22T19:53:33.129024,0.99468387,.00073269,11.0121,44.3123,158.2916,24.3255,0,U,24713,999,10839,0,-.167E-5,0
IUS R/B(2),1997-008D,2026-09-22T16:43:37.191936,0.99497716,.00248892,14.6695,3.2194,201.5291,158.4023,0,U,24740,999,2676,0,-.245E-5,0
COSMOS 2340,1997-015A,2026-09-22T22:57:27.050976,2.00811785,.62890704,65.3354,142.1742,150.9021,267.3613,0,U,24761,999,21580,0,-.693E-5,0
SL-6 R/B(2),1997-015D,2026-09-22T10:51:46.892448,2.03168014,.59743771,66.8897,69.0157,131.2478,298.3480,0,U,24764,999,21850,0,.9E-6,0
THAICOM 3,1997-016A,2026-09-23T01:26:53.788992,0.98753960,.00863955,13.1483,24.4200,53.9175,322.3636,0,U,24768,999,10691,0,-.117E-5,0
GOES 10,1997-019A,2026-09-21T15:04:56.466048,0.99128072,.00310159,13.2395,20.3612,238.8267,312.0403,0,U,24786,999,10702,0,-.237E-5,0
DFH 3-2,1997-021A,2026-09-22T23:27:04.680000,1.00177303,.00074619,13.5858,13.0622,136.4025,297.2162,0,U,24798,999,10750,0,-.246E-5,0
COSMOS 2342,1997-022A,2026-09-21T02:28:01.904448,1.99591640,.64598467,67.6258,241.1014,124.9933,313.4610,0,U,24800,999,21432,0,.377E-5,0
SL-6 R/B(2),1997-022D,2026-09-21T02:28:00.056352,2.04240597,.60416527,68.4825,288.4941,63.3273,345.3877,0,U,24803,999,21892,0,-.254E-5,0
DELTA 2 R/B(2),1997-025C,2026-09-13T02:15:21.072960,2.16109454,.69599593,18.8210,170.7624,235.2905,341.1953,0,U,24810,999,23154,0,-.7E-6,0
SL-12 R/B(2),1997-026D,2026-09-23T09:33:15.344928,1.89869117,.53435035,19.2587,358.7790,98.9743,337.3010,0,U,24815,999,20341,0,-.44E-6,0
INMARSAT 3-F4,1997-027A,2026-09-23T05:24:31.002912,0.99501153,.00087937,11.6999,36.8949,89.7786,85.6036,0,U,24819,999,10703,0,-.322E-5,0
INSAT-2D,1997-027B,2026-09-23T11:41:09.191616,1.04790586,.03333152,12.6476,344.6781,132.3933,235.9099,0,U,24820,999,5053,0,-.72E-6,0
PAS 6,1997-040A,2026-09-23T12:15:52.989408,0.93697342,.06900298,8.7555,328.6492,255.3509,39.9571,0,U,24891,999,7782,0,-.122E-5,0
COSMOS 2345,1997-041A,2026-09-16T10:10:17.799168,1.00385789,.01649195,14.4102,357.0552,302.3242,81.2261,0,U,24894,999,10657,0,-.67E-6,0
SL-12 R/B(2),1997-041D,2026-09-17T12:40:38.640000,1.00010652,.0357733,14.5209,357.4243,304.0526,78.2353,0,U,24897,999,10628,0,-.8E-7,0
SL-12 R/B(2),1997-046D,2026-09-23T04:12:37.895040,1.79817598,.47837955,13.2469,108.4393,27.1620,148.1330,0,U,24919,999,19090,0,-.79E-6,0
ATLAS 2AS CENTAUR R/B,1997-050B,2026-09-23T05:21:03.849408,2.25872787,.72796146,18.6292,273.1036,36.9236,355.9222,0,U,24937,999,21726,.11286098E-2,.1559E-4,0
TITAN 3C TRANSTAGE DEB,1968-081G,2026-09-23T13:18:50.654880,1.01037268,.0112358,2.0966,47.3649,287.3900,122.2792,0,U,25000,999,12631,0,-.201E-5,0
TITAN 3C TRANSTAGE DEB,1968-081H,2026-09-23T13:59:52.647072,1.01691072,.00602219,2.2455,54.7326,357.5495,344.7772,0,U,25001,999,11931,0,.73E-6,0
USA 134,1997-065A,2026-09-23T10:55:46.566048,1.00268889,.00029879,12.9001,20.9627,260.9172,132.0910,0,U,25019,999,3394,0,-.56E-6,0
IABS R/B,1997-065C,2026-09-16T10:12:04.586976,1.01055274,.00506434,14.1558,351.4088,210.7741,179.7069,0,U,25021,999,10742,0,-.93E-6,0
KUPON,1997-070A,2026-09-22T18:07:07.616928,1.00235314,.00043055,14.5413,353.8698,298.1844,61.8094,0,U,25045,999,10562,0,-.148E-5,0
SL-12 R/B(2),1997-070D,2026-09-12T21:19:38.897760,0.99633044,.00147656,14.7250,353.5747,170.6226,199.6298,0,U,25048,999,10490,0,.89E-6,0
INDOSTAR 1,1997-071B,2026-09-23T12:00:51.241248,1.00357719,.00027395,13.0650,19.2842,264.2312,321.3748,0,U,25050,999,10578,0,-.2E-7,0
EQUATOR S,1997-075B,2026-09-23T12:46:58.030176,1.07780620,.82903275,2.5777,231.1550,26.2721,358.4658,0,U,25068,999,11352,.15317617E-3,.73E-6,0
SL-12 R/B(2),1997-076D,2026-09-23T10:54:06.943392,1.71946261,.43664435,14.0375,9.6115,60.0306,351.6498,0,U,25074,999,18089,0,-.76E-6,0
GALAXY 8 (G-8),1997-078A,2026-09-15T22:31:32.283840,0.99697557,.00044224,14.1091,9.2061,77.7901,292.1934,0,U,25086,999,10485,0,.103E-5,0
INTELSAT 804 (IS-804),1997-083A,2026-09-23T11:44:11.027328,1.00271588,.00062953,13.2508,16.8701,25.1927,300.1315,0,U,25110,999,10531,0,-.91E-6,0
HGS 1 (ASIASAT 3),1997-086A,2026-09-18T04:52:07.861728,1.00250321,.0048496,13.3112,30.9416,52.6570,309.6295,0,U,25126,999,10607,0,-.265E-5,0
DELTA 2 R/B(2),1998-002C,2026-09-22T18:26:41.456832,2.19857086,.69835018,23.5367,73.6129,340.8938,266.8685,0,U,25136,999,23055,0,-.48E-6,0
ATLAS 2A R/B,1998-005B,2026-09-21T16:52:28.317792,2.06891271,.67446991,62.1229,166.5778,281.6367,14.9961,0,U,25149,999,5398,0,-.392E-5,0
INMARSAT 3-F5,1998-006B,2026-09-23T07:57:31.328640,1.00271371,.0004631,9.9072,52.2491,132.1472,243.2234,0,U,25153,999,10488,0,-.286E-5,0
ATLAS CENTAUR DEB,1978-068C,2026-09-22T12:35:35.940192,2.25085871,.70628934,22.0895,8.0119,162.5847,178.4417,0,U,25253,999,24015,-.71208784E-2,-.381E-5,0
UFO 8 (USA 138),1998-016A,2026-09-23T14:56:16.604160,1.00253032,.00054904,11.2509,22.1275,228.0289,126.0757,0,U,25258,999,10484,0,-.216E-5,0
COSMOS 2350,1998-025A,2026-09-23T14:08:27.769056,1.00278098,.00069962,13.9989,3.1152,181.2585,110.9172,0,U,25315,999,10399,0,-.158E-5,0
SL-12 R/B(2),1998-025D,2026-09-15T20:54:46.007712,1.00032726,.002986,14.0202,3.2071,138.4327,234.4836,0,U,25318,999,10368,0,0,0
COSMOS 2351,1998-027A,2026-09-22T11:15:01.010880,2.00673280,.69902643,63.8878,107.8013,180.0659,179.8425,0,U,25327,999,20791,0,.994E-5,0
SL-12 R/B(2),1998-028D,2026-09-20T12:35:47.472000,1.82178172,.4858534,17.3585,343.9521,7.8817,343.1842,0,U,25334,999,18878,0,-.222E-5,0
TITAN 4B CENTAUR R/B,1998-029B,2026-09-22T13:28:03.112896,1.00269449,.00467742,7.5642,342.3003,180.9085,179.0995,0,U,25337,999,2682,0,-.301E-5,0
TITAN 4B CENTAUR R/B,1996-026B,2026-09-19T10:13:29.943264,0.99566607,.04454417,6.8348,350.6803,39.6714,323.5163,0,U,25349,999,2657,0,.19E-6,0
METEOSAT-7 AKM,1997-049E,2026-09-23T08:19:05.578176,1.00652242,.00735077,14.1888,358.5013,336.4103,23.2915,0,U,25353,999,11249,0,-.15E-6,0
DELTA 2 R/B(2),1998-035C,2026-09-23T07:35:38.356224,2.11094628,.6946077,18.5407,149.4306,77.3617,10.5444,0,U,25360,999,21791,0,-.39E-6,0
INTELSAT 805 (IS-805),1998-037A,2026-09-21T04:52:02.733024,0.99475171,.00305536,8.0655,64.8896,182.4118,179.9183,0,U,25371,999,10332,0,-.17E-5,0
CZ-3B R/B,1998-044B,2026-09-23T05:03:58.762656,2.25769313,.71603917,19.0116,322.5957,147.0451,291.1110,0,U,25405,999,23230,-.47825636E-3,-.37E-6,0
SL-12 R/B(2),1998-050D,2026-09-23T04:46:27.151968,1.82826397,.49569856,14.9577,70.4675,90.9653,317.6308,0,U,25465,999,8811,0,-.152E-5,0
SL-12 R/B(2),1998-065D,2026-09-22T16:48:22.753440,1.88161567,.52392803,17.2759,87.6387,272.6624,31.2190,0,U,25525,999,19165,0,-.17E-5,0
ARIANE 44LP DEB,1988-109E,2026-09-23T03:49:38.730720,2.24182533,.71881152,6.8657,80.5121,5.8291,216.0968,0,U,25538,999,22831,-.36627005E-2,-.302E-5,0
DELTA 2 R/B(2),1998-068C,2026-09-21T20:20:45.201696,2.15167920,.69978743,19.1288,170.9987,285.1666,12.3916,0,U,25548,999,21886,0,.82E-6,0
TITAN 34B AGENA D DEB,1983-078E,2026-09-21T05:24:44.086464,2.20163083,.7273454,63.6082,28.1809,272.7437,14.0222,0,U,25588,999,5905,.36495132E-3,.94E-6,0
FENGYUN 2A AKM,1997-029C,2026-09-20T01:27:32.485824,1.02876615,.02234403,13.8354,352.5168,83.0238,293.9454,0,U,25611,999,4956,0,-.35E-6,0
SL-12 R/B(2),1999-005D,2026-09-23T10:07:29.022816,1.89591778,.53346216,16.5849,167.0966,304.9300,294.7272,0,U,25629,999,19113,0,-.42E-6,0
BADR-3 (ARABSAT-3A),1999-009A,2026-09-23T13:11:42.524736,1.00179461,.00013688,12.0939,31.6709,340.4773,342.2115,0,U,25638,999,10094,0,-.191E-5,0
RADUGA-1 4,1999-010A,2026-09-23T14:31:50.379744,1.00189882,.00062951,15.6623,0.7858,277.7779,14.1789,0,U,25642,999,10093,0,-.62E-6,0
SL-12 R/B(2),1999-013D,2026-09-19T14:56:09.307680,1.74923481,.4597345,13.1294,93.5336,105.0517,325.5666,0,U,25660,999,17575,0,-.129E-5,0
SEA LAUNCH DEMO,1999-014A,2026-09-23T11:12:31.396320,2.23255984,.7159191,1.2756,316.7815,10.8848,358.8376,0,U,25661,999,22430,-.85629334E-3,-.181E-5,0
BLOCK DM-SL R/B,1999-014B,2026-09-22T21:31:31.234656,2.24375439,.71756692,0.9961,252.0862,145.5820,245.7910,0,U,25662,999,22533,-.48269597E-3,-.198E-5,0
INSAT-2E (APR-1),1999-016A,2026-09-23T13:05:34.005408,0.99662626,.00087469,11.5347,39.4330,291.8945,24.6578,0,U,25666,999,5241,0,-.247E-5,0
SL-12 R/B(2),1999-027D,2026-09-20T15:14:08.043648,1.87832992,.52159791,16.3501,228.6531,197.7032,145.8842,0,U,25743,999,18767,0,-.33E-6,0
SL-12 R/B(2),1999-033D,2026-09-22T20:23:25.268928,1.85811574,.50755687,17.5043,358.1225,111.9016,290.7984,0,U,25788,999,18493,0,-.67E-6,0
MOLNIYA 3-50,1999-036A,2026-09-22T05:10:29.603424,2.00634617,.67639038,63.5311,145.6688,276.1824,16.6593,0,U,25847,999,19936,0,.124E-5,0
SL-6 R/B(2),1999-036D,2026-09-21T20:52:32.949984,1.96690780,.67954325,63.7682,193.8640,280.9696,14.8095,0,U,25850,999,19525,0,.947E-5,0
CXO,1999-040B,2026-09-24T05:20:53.365632,0.37800426,.7686103,57.5064,114.1177,309.2542,0.4828,0,U,25867,999,1769,0,.1017E-4,0
IUS R/B(2),1999-040D,2026-09-18T03:24:39.260448,0.97240564,.83355546,27.2289,155.2830,76.2835,354.6062,0,U,25869,999,9645,0,.47E-6,0
TELKOM 1,1999-042A,2026-09-23T12:13:05.767392,1.00254760,.00144153,7.9154,65.1042,258.5019,286.2910,0,U,25880,999,9937,0,.17E-6,0
ABS-7,1999-046A,2026-09-23T06:25:40.137888,0.99977847,.00037728,6.7186,69.5411,147.9318,224.8313,0,U,25894,999,9806,0,-.171E-5,0
YAMAL 101,1999-047A,2026-09-22T23:42:51.507360,0.99865508,.00868999,14.6296,358.7438,65.5025,324.5933,0,U,25896,999,9878,0,.96E-6,0
YAMAL 102,1999-047B,2026-09-23T11:42:47.422368,1.00001856,.00011445,13.7693,11.9503,342.5562,346.8033,0,U,25897,999,9897,0,-.152E-5,0
SL-12 R/B(2),1999-047E,2026-08-29T05:43:07.660704,1.00122837,.01013662,14.5277,358.6260,64.8809,292.0165,0,U,25900,999,9870,0,-.32E-5,0
ABS-6,1999-053A,2026-09-23T15:24:07.862688,1.00272146,.00012166,0.0174,132.7236,39.3283,220.4930,0,U,25924,999,9882,0,-.121E-5,0
SL-12 R/B(2),1999-053D,2026-09-22T10:47:59.855712,1.89350225,.53358725,17.5369,303.1007,302.0446,23.5154,0,U,25927,999,18627,0,-.145E-5,0
BLOCK DM-SL R/B,1999-056B,2026-09-22T20:51:52.505280,2.12161572,.64639516,0.8987,348.7264,127.0837,322.5189,0,U,25938,999,20888,0,-.22E-6,0
UFO 10 (USA 146),1999-063A,2026-09-22T12:33:24.779808,1.00275006,.00042498,9.9297,26.6807,196.9148,303.2586,0,U,25967,999,9832,0,-.184E-5,0
XMM-NEWTON,1999-066A,2026-09-24T02:00:19.087200,0.50123297,.46486905,63.9713,281.7048,63.1252,0.1496,0,U,25989,999,2350,0,.175E-5,0
ARIANE 5 R/B,1999-066B,2026-09-24T16:13:14.441376,0.55304516,.58753319,71.5225,302.7775,111.7148,0.2564,0,U,25990,999,2590,0,.135E-5,0
COSMOS 2368,1999-073A,2026-09-23T01:07:52.300704,2.00405033,.64130525,66.7645,287.9613,160.1825,245.1413,0,U,26042,999,19588,0,.838E-5,0
SL-6 R/B(2),1999-073D,2026-09-20T15:09:04.358016,2.23767030,.73589986,62.3182,102.5688,208.0786,76.5429,0,U,26045,999,19922,.39901728E-3,.65011E-3,.1578903E-5
IABS R/B,2000-001C,2026-09-12T21:49:16.014432,1.01181525,.00278701,14.1254,358.8811,331.1681,28.6995,0,U,26054,999,2697,0,-.7E-7,0
GALAXY 10R (G-10R),2000-002A,2026-09-23T12:44:11.763744,0.99643471,.00073859,12.3283,30.4014,175.8962,180.0752,0,U,26056,999,9730,0,.15E-6,0
GARUDA 1,2000-011A,2026-09-19T05:01:28.991712,0.99920319,.00041945,9.8783,62.6878,157.7588,219.3338,0,U,26089,999,4260,0,-.26E-6,0
SL-12 R/B(2),2000-011B,2026-09-23T12:20:37.788864,1.90706636,.53296951,16.0098,218.7037,339.8560,280.1989,0,U,26090,999,18537,0,-.121E-5,0
SL-12 R/B(2),2000-013D,2026-09-17T12:40:38.640000,1.00755925,.00058155,14.3504,0.0814,79.6753,305.1238,0,U,26101,999,9757,0,.97E-6,0
ASIASTAR,2000-016A,2026-09-23T08:42:49.484736,1.00271010,.00040483,9.3535,57.0720,130.5628,50.3157,0,U,26107,999,9690,0,-.329E-5,0
INSAT-3B,2000-016B,2026-09-23T04:43:49.903968,0.99664847,.00082211,11.0567,44.5809,212.0829,163.4579,0,U,26108,999,5241,0,-.193E-5,0
IMAGE,2000-017A,2026-09-21T22:02:00.486816,1.68668537,.73712548,94.2875,316.5791,277.0222,12.1434,0,U,26113,999,16313,0,.172E-5,0
DELTA 2 R/B(2),2000-017C,2026-09-18T04:58:11.019072,1.68225695,.73921042,94.2673,316.7060,280.2072,11.1965,0,U,26115,999,16266,-.29170202E-2,.119E-5,0
SL-12 R/B(2),2000-019D,2026-09-22T20:14:04.111296,0.99559519,.00141951,14.7579,1.1388,315.2718,104.2211,0,U,26246,999,9607,0,-.285E-5,0
GALAXY 4R (G-4R),2000-020A,2026-09-21T23:13:46.819200,0.99843358,.00077095,12.8691,23.3055,209.9516,99.7407,0,U,26298,999,9658,0,-.202E-5,0
IUS R/B(2),2000-024D,2026-09-22T15:44:15.861696,0.99711290,.00055764,13.4010,11.8893,188.2825,171.7464,0,U,26359,999,2634,0,-.348E-5,0
GORIZONT 33,2000-029A,2026-09-21T21:10:53.318784,1.00209076,.00035059,13.9273,6.0791,241.0350,90.4619,0,U,26372,999,9639,0,.87E-6,0
BREEZE-M R/B,2000-029B,2026-09-22T06:13:03.304128,1.00381442,.02578639,13.6025,6.1587,340.8162,39.3471,0,U,26373,999,9641,0,-.342E-5,0
SL-12 R/B(2),2000-031D,2026-09-23T13:10:43.985280,0.99442442,.0009803,14.6496,2.6080,122.5324,219.5101,0,U,26381,999,9528,0,-.322E-5,0
FENGYUN 2B,2000-032A,2026-09-16T08:08:46.013280,1.00071813,.00032171,13.3594,16.2085,285.3464,87.1815,0,U,26382,999,9584,0,-.183E-5,0
TDRS 8,2000-034A,2026-09-23T12:11:06.277056,1.00269266,.00009966,12.8373,30.4690,131.4635,107.9533,0,U,26388,999,9616,0,-.187E-5,0
SL-12 R/B(2),2000-035D,2026-09-20T01:05:57.953760,1.45659548,.5183079,61.8204,164.2757,291.5811,22.1385,0,U,26393,999,13947,0,.112E-5,0
COSMOS 2371,2000-036A,2026-09-23T14:31:27.972768,1.00280770,.00033137,14.0458,6.7642,193.4270,91.8041,0,U,26394,999,9602,0,-.73E-6,0
SL-12 R/B(2),2000-036D,2026-09-16T03:16:38.889408,1.00196590,.00158398,14.0108,6.6925,81.5438,282.3944,0,U,26397,999,4824,0,-.264E-5,0
BLOCK DM-SL R/B,2000-043B,2026-09-23T04:23:53.848896,2.16745134,.67028709,1.6479,48.2547,321.4174,356.1857,0,U,26452,999,20671,0,-.233E-5,0
FENGYUN 2B AKM,2000-032C,2026-09-22T15:47:41.346816,1.00173326,.00217914,14.4755,5.4680,44.7289,315.4805,0,U,26460,999,12316,0,-.361E-5,0
RADUGA-1 5,2000-049A,2026-09-15T20:53:31.128288,1.00210855,.00008624,14.0181,7.3782,98.2017,265.1349,0,U,26477,999,9533,0,.1E-6,0
SL-12 R/B(2),2000-051D,2026-09-22T09:49:34.440096,1.45767282,.65501296,63.2287,238.7101,277.8599,331.9679,0,U,26486,999,13865,0,.74E-6,0
ARIANE 5 R/B,2000-054C,2026-09-23T10:56:17.077344,2.24236013,.71707883,6.8584,181.4125,1.1622,359.8307,0,U,26496,999,21317,-.10881154E-2,-.305E-5,0
NSS-11,2000-059A,2026-09-23T10:06:51.965856,1.00273015,.00029682,2.3723,80.1070,99.7477,150.1509,0,U,26554,999,4227,0,.25E-6,0
SL-12 R/B(2),2000-059D,2026-09-23T12:08:11.006016,1.86636230,.50812447,15.3870,66.4083,86.7043,336.9577,0,U,26557,999,17710,0,-.131E-5,0
USA 153,2000-065A,2026-09-22T19:00:40.121856,1.00267533,.00016306,11.7913,34.5849,143.7370,242.8503,0,U,26575,999,3391,0,-.32E-5,0
IABS R/B,2000-065C,2026-09-22T05:30:27.894528,1.01184642,.00579024,13.9871,0.8636,280.6209,78.7662,0,U,26577,999,2720,0,-.277E-5,0
AMC-6,2000-067A,2026-09-23T13:36:55.068192,1.00271995,.0004448,0.3971,83.5134,108.7323,239.3746,0,U,26580,999,9487,0,.87E-6,0
SL-12 R/B(2),2000-067D,2026-09-23T08:32:51.255456,1.93857489,.55456223,17.4364,256.2726,41.5989,349.5163,0,U,26583,999,18314,0,.101E-5,0
PHASE 3D (AO-40),2000-072B,2026-09-23T00:11:45.251232,1.25589185,.79383599,9.3265,335.3418,209.6341,59.0385,0,U,26609,999,11874,0,-.438E-5,0
STRV 1C,2000-072C,2026-09-23T10:38:28.509792,2.03540511,.7340633,7.1476,338.8360,243.0867,26.7351,0,U,26610,999,19209,-.27608712E-2,-.45E-6,0
STRV 1D,2000-072D,2026-09-22T14:27:52.210368,2.03410255,.73425579,7.1403,340.1783,240.2363,28.8274,0,U,26611,999,9247,.88164827E-3,-.513E-5,0
ARIANE 5 R/B,2000-072E,2026-09-23T07:26:37.717728,2.01787388,.73440572,7.0024,22.1755,154.8574,276.2540,0,U,26612,999,19061,-.16043527E-2,-.712E-5,0
ARIANE 5 DEB [SYLDA],2000-072F,2026-09-23T13:30:35.723808,2.03141626,.73431242,7.1065,349.7518,220.6695,316.3986,0,U,26613,999,19131,.31772211E-2,-.317E-5,0
SL-12 R/B(2),2000-077D,2026-09-22T09:34:24.585024,1.45597733,.6729867,61.3075,70.4898,261.4278,23.1642,0,U,26629,999,13710,0,.22E-6,0
CHINASAT 31 (BEIDOU-1 G2),2000-082A,2026-09-23T03:01:29.716896,0.99256477,.007959,12.7310,26.5463,92.2384,277.5050,0,U,26643,999,5305,0,-.217E-5,0
COSMOS 1285 DEB,1981-071L,2026-09-21T14:56:02.984064,1.98405413,.74361467,62.7283,351.5814,46.2803,354.8650,0,U,26680,999,20991,.6309853E-3,-.1206E-4,0
USA 157 (MILSTAR-2 2),2001-009A,2026-09-23T13:46:20.957088,1.00269679,.00430382,11.6509,19.1270,179.9957,219.8746,0,U,26715,999,3393,0,.115E-5,0
TITAN 4 CENTAUR R/B,2001-009B,2026-09-22T18:27:10.222848,1.00491981,.00147134,12.7026,11.6735,151.7250,208.3948,0,U,26716,999,2723,0,-.303E-5,0
ARIANE 2 DEB,1989-006C,2026-09-23T13:39:28.538784,2.26367548,.71569547,8.0525,108.7394,9.3525,79.1089,0,U,26717,999,21270,-.83454087E-3,-.4E-6,0
ARIANE 5 R/B,2001-011C,2026-09-23T13:18:28.732608,2.24568839,.70477509,1.4413,260.3795,263.6994,135.7417,0,U,26721,999,20963,-.69760635E-2,-.299E-5,0
ARIANE 5 DEB [SYLDA],2001-011D,2026-09-23T04:29:02.395392,2.22966063,.70707319,1.8875,287.4718,210.0119,75.4245,0,U,26722,999,20810,-.11596523E-1,-.28E-5,0
BLOCK DM-SL R/B,2001-012B,2026-09-23T12:41:05.899200,2.23580795,.70513664,1.3067,332.8529,203.1394,294.3411,0,U,26725,999,20853,-.6660421E-2,-.324E-5,0
EKRAN 21,2001-014A,2026-09-23T09:50:23.699328,0.99586633,.00278728,14.7158,12.3420,78.0914,278.8586,0,U,26736,999,9290,0,.89E-6,0
BREEZE-M R/B,2001-014C,2026-09-23T08:43:43.388832,0.97963360,.01800639,15.3428,13.4649,237.5324,145.1113,0,U,26738,999,9112,0,-.6E-6,0
GSAT-1,2001-015A,2026-09-16T01:42:58.621248,1.03820427,.02342686,12.8288,3.0952,295.5405,77.4182,0,U,26745,999,9647,0,-.96E-6,0
BLOCK DM-SL R/B,2001-018B,2026-09-23T12:07:07.450176,2.23852265,.70547333,1.3362,23.5265,186.3788,312.7546,0,U,26762,999,20764,-.29992456E-2,-.235E-5,0
BLOCK DM R/B,2001-019D,2026-08-28T08:07:49.672704,1.86699252,.51740638,18.6009,356.3026,15.3933,1.6952,0,U,26769,999,17249,0,-.166E-5,0
ARIANE 3 DEB,1988-081H,2026-09-21T02:49:25.525056,2.17348606,.70446542,6.3592,297.4351,110.1146,342.3992,0,U,26807,999,21469,0,-.115E-5,0
ARIANE 44LP DEB,1988-109P,2026-09-23T10:38:38.378400,2.21738014,.70252564,6.0541,130.3191,285.5587,330.0900,0,U,26812,999,23237,0,-.51E-6,0
SL-12 R/B(2),2001-025C,2026-08-31T05:47:11.459040,1.84790160,.49890024,15.2002,95.8246,283.5874,312.2470,0,U,26855,999,17016,0,-.81E-6,0
IUS R/B(2),2001-033D,2026-09-22T19:55:50.397888,0.99884739,.00063583,13.0181,16.0162,9.8169,350.2353,0,U,26883,999,2676,0,-.26E-6,0
COSMOS 2379,2001-037A,2026-09-22T20:20:29.114880,1.00226631,.0006745,13.3446,13.5417,235.8037,182.9087,0,U,26892,999,9184,0,-.362E-5,0
SL-12 R/B(2),2001-037D,2026-09-15T22:33:21.612672,1.00219829,.00192646,13.3383,13.8405,85.6749,274.4288,0,U,26895,999,9170,0,.12E-5,0
INTELSAT 902 (IS-902),2001-039A,2026-09-23T07:58:38.720640,1.00272790,.00039409,6.3590,70.5389,112.5152,248.6923,0,U,26900,999,9168,0,-.28E-5,0
SL-12 R/B(2),2001-045D,2026-08-29T21:58:00.808032,1.00249947,.00252884,13.9446,11.5149,31.2756,312.6353,0,U,26939,999,9146,0,.105E-5,0
COSMOS 917 DEB,1977-047E,2026-09-14T11:38:55.203360,2.02645065,.72716563,61.3203,277.4194,40.1687,355.4232,0,U,26964,999,57918,0,-.935E-5,0
ARIANE 3 DEB,1988-081K,2026-09-18T02:55:22.813248,2.21371786,.71085873,8.2870,265.1092,98.3858,352.0364,0,U,27027,999,22130,.20637219E-2,-.193E-5,0
ARIANE 2 DEB,1989-006P,2026-09-22T13:11:25.783008,2.24862324,.7105509,7.7945,262.9041,75.7595,32.3831,0,U,27034,999,20679,-.36129306E-3,-.217E-5,0
ARIANE 2 DEB,1989-006U,2026-09-23T06:17:42.289728,2.26242385,.71576668,7.9570,116.3870,354.4244,309.5390,0,U,27039,999,20837,-.75304779E-3,-.9E-7,0
ARIANE 2 DEB,1989-006X,2026-09-23T10:17:10.437792,2.25327873,.71111164,7.8581,226.5181,144.0058,298.7364,0,U,27042,999,10372,-.61585534E-3,-.263E-5,0
ARIANE 2 DEB,1989-006Y,2026-09-11T04:31:25.861728,2.25078485,.7109867,7.8813,247.0601,104.4222,357.3664,0,U,27043,999,20645,.10142E-2,-.185E-5,0
ARIANE 2 DEB,1989-006AB,2026-09-23T12:33:48.881088,2.24274322,.70907619,8.2940,321.7901,321.4203,30.0539,0,U,27046,999,11396,-.27707778E-1,-.643E-5,0
USA 164 (MILSTAR-2 3),2002-001A,2026-09-22T18:34:48.855648,1.00272479,.00981195,11.2967,21.2888,10.3997,267.5784,0,U,27168,999,3393,0,.102E-5,0
TITAN 4 CENTAUR R/B,2002-001B,2026-09-22T14:44:23.430912,1.00230606,.00510879,10.3188,29.2791,139.8464,220.5978,0,U,27169,999,2735,0,-.66E-6,0
ARIANE 42L R/B,2002-002B,2026-09-23T12:37:42.032352,2.22293954,.72513786,4.2626,48.4285,200.6023,99.9912,0,U,27299,999,19899,.85207517E-3,.206E-5,0
ECHOSTAR 7,2002-006A,2026-09-23T12:44:52.240416,0.99846978,.00023301,4.2597,76.1277,119.6678,188.7162,0,U,27378,999,5151,0,.52E-6,0
INTELSAT 904 (IS-904),2002-007A,2026-09-23T08:03:53.219232,1.00271188,.00032177,7.1579,67.9628,118.1571,265.5818,0,U,27380,999,5275,0,-.222E-5,0
SL-12 R/B(2),2002-016B,2026-09-23T06:41:45.143808,2.06292047,.62245924,25.4081,310.3351,188.6877,151.0418,0,U,27404,999,18453,0,-.145E-5,0
DIRECTV 5 (TEMPO 1),2002-023A,2026-09-23T13:22:03.174816,1.00272071,.00032238,5.1216,74.0313,103.0135,275.8004,0,U,27426,999,8911,0,-.55E-6,0
SL-12 R/B(2),2002-023D,2026-09-19T11:46:39.262080,1.90581701,.54189677,16.7061,182.4340,94.6851,50.6453,0,U,27429,999,16974,0,.15E-6,0
INTELSAT 905 (IS-905),2002-027A,2026-09-23T12:27:04.217184,1.00273336,.00034727,6.9934,68.5705,143.4075,199.9853,0,U,27438,999,5234,0,.97E-6,0
GALAXY 3C (G-3C),2002-030A,2026-09-23T00:19:56.444736,1.00272127,.00015414,3.9870,76.7395,47.1928,148.0991,0,U,27445,999,4747,0,-.152E-5,0
BLOCK DM-SL R/B,2002-030B,2026-09-23T01:00:56.706336,1.96286158,.74853587,1.0536,42.5950,291.6156,8.8169,0,U,27446,999,17262,.54245618E-3,.26E-5,0
ARIANE 5 R/B,2002-035C,2026-09-23T11:44:11.085216,2.22721406,.71685964,5.4067,62.5771,146.4682,50.3980,0,U,27462,999,19713,-.53774162E-3,-.222E-5,0
SL-12 R/B(2),2002-039B,2026-09-16T14:32:00.549024,2.01845312,.5943056,22.0953,126.0954,247.2519,41.5860,0,U,27504,999,17740,0,-.596E-5,0
ARIANE 5 DEB [SYLDA],2002-040D,2026-09-23T06:46:22.061856,2.25872597,.71542091,6.0199,45.8183,264.0338,9.1262,0,U,27511,999,19807,.26186198E-3,-.32E-6,0
INTELSAT 906 (IS-906),2002-041A,2026-09-23T12:13:03.121824,1.00271774,.00032641,6.0464,71.6641,130.0491,48.0609,0,U,27513,999,8801,0,.16E-6,0
KODAMA (DRTS),2002-042B,2026-09-22T16:39:51.700896,0.99274506,.00197668,11.4416,41.0117,226.1021,311.8360,0,U,27516,999,4655,0,-.259E-5,0
HISPASAT 30W-4,2002-044A,2026-09-23T14:03:11.418048,0.98931460,.00514792,6.7977,69.4446,144.3769,187.0254,0,U,27528,999,8771,0,-.12E-5,0
INTEGRAL,2002-048A,2026-09-22T10:31:37.131744,0.37579430,.87525636,89.0355,342.7503,257.4494,24.6025,0,U,27540,999,2700,0,.264E-5,0
EUTELSAT 33B,2002-051A,2026-09-23T13:26:14.807904,1.00288605,.00089127,9.2069,58.7717,334.6930,189.1331,0,U,27554,999,4978,0,.116E-5,0
ARIANE 2 DEB,1988-098H,2026-09-23T04:46:04.687968,2.00939531,.72595056,4.0611,282.1027,340.4900,120.8363,0,U,27625,999,17686,.10943282E-1,.97E-6,0
NIMIQ 2,2002-062A,2026-09-23T13:22:16.233312,1.00273517,.00058988,9.6677,55.8210,123.0970,274.8685,0,U,27632,999,4517,0,-.64E-6,0
BREEZE-M R/B,2002-062B,2026-09-22T14:26:25.113984,1.83739416,.4907287,17.7540,352.5136,97.5326,289.4168,0,U,27633,999,15929,0,-.62E-6,0
USA 167,2003-008A,2026-09-23T13:28:28.872192,1.00273223,.00029411,11.1525,42.4952,281.9554,118.0387,0,U,27691,999,776,0,.11E-6,0
IABS R/B,2003-008C,2026-09-18T11:51:51.512544,1.01119200,.00283318,13.5387,9.6133,224.1255,135.6741,0,U,27693,999,2756,0,.83E-6,0
USA 169 (MILSTAR-2 4),2003-012A,2026-09-23T13:11:05.308800,1.00270276,.00962224,12.4831,28.1618,12.3595,311.8517,0,U,27711,999,3393,0,-.19E-5,0
TITAN 4 CENTAUR R/B,2003-012B,2026-09-22T21:51:36.757440,1.00594938,.00233887,11.2867,22.6277,278.6638,81.1227,0,U,27712,999,2677,0,.31E-6,0
INSAT-3A,2003-013A,2026-09-23T13:05:33.938880,0.99813487,.00041689,9.0602,59.8852,337.8392,318.4281,0,U,27714,999,8570,0,-.22E-5,0
ARIANE 5 R/B,2003-013C,2026-09-23T08:12:22.404672,2.24037596,.70701799,0.8095,173.0375,130.5519,179.3813,0,U,27716,999,19203,-.25247068E-2,-.62E-6,0
ARIANE 5 DEB [SYLDA],2003-013D,2026-09-23T13:20:56.755680,2.22487339,.70880169,1.1316,217.2677,59.0949,173.5261,0,U,27717,999,19071,.5358889E-2,.145E-5,0
ASIASAT 4,2003-014A,2026-09-23T13:10:17.433696,1.00271872,.00027156,4.9496,74.4577,113.2252,159.8629,0,U,27718,999,4628,0,-.22E-5,0
ARIANE 1 DEB,1979-104S,2026-09-16T02:25:52.396896,1.93238480,.73279219,16.7434,338.2853,237.7258,31.1376,0,U,27732,999,8780,.65121294E-1,.547E-5,0
COSMOS 2397,2003-015A,2026-09-22T21:38:01.653792,1.00469046,.00415418,12.8099,19.3219,12.4139,318.0421,0,U,27775,999,8589,0,.13E-5,0
SL-12 R/B(2),2003-015F,2026-09-23T12:33:03.586752,1.00185775,.00092373,12.8598,19.6475,42.6250,234.0007,0,U,27780,999,8548,0,-.33E-5,0
ATLAS AGENA R/B,1968-063B,2026-09-23T09:25:51.887424,1.01776297,.10141597,4.1446,263.0022,271.9640,76.0838,0,U,27785,999,2738,0,-.351E-5,0
ATLAS AGENA R/B,1969-036B,2026-08-30T03:58:51.212064,1.03852613,.1057348,14.5093,25.7183,251.4724,96.8504,0,U,27786,999,2758,0,-.62E-6,0
ATLAS AGENA R/B,1970-069B,2026-09-23T09:50:11.045184,1.01705223,.1184148,11.8252,132.2814,195.8409,160.2376,0,U,27787,999,2801,0,-.26E-6,0
COSMOS 1261 DEB,1981-031H,2026-09-19T02:33:46.084896,2.01740868,.69776443,65.1583,344.3472,15.5918,357.9971,0,U,27796,999,18776,0,-.875E-5,0
COSMOS 1285 DEB,1981-071P,2026-09-21T16:29:47.722560,1.97651498,.71397064,64.4097,55.7077,34.4741,355.7083,0,U,27800,999,19531,0,-.471E-5,0
COSMOS 1285 DEB,1981-071Q,2026-09-23T11:38:44.330784,1.97976266,.72670534,63.9071,25.2015,37.8472,355.4314,0,U,27801,999,18551,0,.586E-5,0
GSAT-2,2003-018A,2026-09-22T20:36:42.510240,0.99857785,.00100288,11.3629,40.8086,345.9556,71.4576,0,U,27807,999,8541,0,-.29E-5,0
HELLAS-SAT 2,2003-020A,2026-09-22T06:30:28.763136,1.00272801,.00081498,7.5890,66.6827,143.8631,238.2748,0,U,27811,999,4382,0,-.82E-6,0
BEIDOU-1 G3,2003-021A,2026-09-22T21:04:51.282912,0.99765981,.00174715,11.5632,40.3223,306.2547,53.8434,0,U,27813,999,8527,0,-.58E-6,0
THURAYA-2,2003-026A,2026-09-19T12:02:50.235648,1.00272666,.00003838,8.9843,31.5004,73.5759,118.0583,0,U,27825,999,8529,0,.124E-5,0
BLOCK DM-SL R/B,2003-026B,2026-09-23T12:09:23.854176,2.22047180,.6972887,6.1744,38.8985,17.7151,222.6747,0,U,27826,999,18897,0,-.76E-6,0
OPTUS C1,2003-028B,2026-09-23T13:04:32.211264,1.00272038,.00055698,7.1287,68.1747,112.7079,173.4291,0,U,27831,999,5404,0,-.147E-5,0
ARIANE 5 R/B,2003-028C,2026-09-23T08:52:26.290272,2.24845125,.71743548,7.0754,79.2222,17.4298,358.0665,0,U,27832,999,19126,-.50790284E-3,.1E-6,0
ARIANE 5 DEB [SYLDA],2003-028D,2026-09-23T06:06:21.769632,2.26668289,.71477566,6.9149,73.1097,33.6564,356.0291,0,U,27833,999,19233,-.22135599E-2,-.119E-5,0
BLOCK DM-SL R/B,2003-034B,2026-09-23T09:45:06.012576,2.24675532,.71423291,0.7928,322.7253,312.4288,242.9469,0,U,27855,999,18991,-.54029979E-3,.16E-6,0
USA 170,2003-040A,2026-09-23T01:29:16.062144,1.00273599,.00017973,10.7034,46.9888,161.3564,199.9994,0,U,27875,999,3398,0,.131E-5,0
COSMOS 917 DEB,1977-047F,2026-09-22T04:34:02.761536,2.02450396,.74802097,60.0437,203.5758,59.0549,353.3198,0,U,27883,999,17736,.19621E-2,.309E-4,0
COSMOS 917 DEB,1977-047G,2026-09-22T01:46:30.766080,2.01930604,.74645133,59.8938,192.8242,70.9583,351.2532,0,U,27884,999,17583,.1279169E-2,.1309E-4,0
COSMOS 917 DEB,1977-047K,2026-09-22T13:59:20.942592,1.97919901,.67480862,63.2014,226.4388,10.8987,358.2780,0,U,27887,999,2992,0,.261E-5,0
COSMOS 917 DEB,1977-047L,2026-09-20T06:04:31.599264,2.02130821,.7462362,60.0508,210.1277,58.6968,353.3075,0,U,27888,999,22012,.15261E-2,.344E-5,0
COSMOS 1191 DEB,1980-057K,2026-09-19T15:13:04.530144,1.99232091,.73844483,62.4833,339.2102,46.6117,354.7164,0,U,27897,999,17186,-.43347671E-2,-.1498E-4,0
COSMOS 1191 DEB,1980-057L,2026-09-21T16:16:28.209792,1.99717497,.69813967,64.7750,44.7401,30.1775,355.8865,0,U,27898,999,4487,0,-.403E-5,0
COSMOS 1382 DEB,1982-064G,2026-09-23T05:59:07.234656,2.00091690,.72715841,62.1723,155.1193,40.5317,6.9387,0,U,27905,999,18684,0,.322E-5,0
TITAN 4B CENTAUR R/B,2003-041B,2026-09-17T22:48:40.965696,1.00861242,.00336334,15.8048,36.2506,119.1049,241.2576,0,U,27938,999,2588,0,-.7E-6,0
ARIANE 5 R/B,2003-043B,2026-09-23T12:33:36.460224,2.23567922,.7171283,7.9062,297.0904,169.6471,222.4144,0,U,27946,999,18781,-.53268223E-3,-.34E-6,0
ARIANE 5 DEB [SPELTRA],2003-043D,2026-09-23T04:15:52.583616,2.25001917,.71462466,7.3854,296.1591,181.9025,242.4646,0,U,27950,999,18894,-.12388299E-2,-.95E-6,0
INSAT-3E,2003-043E,2026-09-23T12:33:38.105280,1.00806350,.00125891,9.9215,52.9988,242.9781,359.1278,0,U,27951,999,5479,0,-.349E-5,0
ARIANE 5 DEB [SYLDA],2003-043F,2026-09-23T11:21:03.960000,2.26418899,.71412113,7.1790,271.2262,230.1092,41.3871,0,U,27952,999,18969,-.25151878E-2,-.26E-5,0
BLOCK DM-SL R/B,2003-044B,2026-09-23T05:32:07.184544,2.14422994,.65866987,0.5375,330.2847,328.5448,11.3253,0,U,27953,999,17993,0,-.22E-6,0
GALAXY 13 (HORIZONS-1),2003-044A,2026-09-23T13:44:53.981664,1.00273011,.00016862,1.6670,82.4506,111.8594,224.3386,0,U,27954,999,4755,0,.132E-5,0
YAMAL 202,2003-053A,2026-09-23T14:34:44.891328,1.00272126,.00045293,6.5847,69.7013,122.0907,192.9256,0,U,28089,999,8368,0,-.76E-6,0
YAMAL 201,2003-053B,2026-09-23T12:20:37.312800,1.00291171,.00069261,9.8333,54.4874,137.8709,85.2845,0,U,28094,999,8586,0,-.232E-5,0
UFO 11 (USA 174),2003-057A,2026-09-23T15:09:50.322816,1.00271429,.00038609,9.0408,33.2944,163.1114,108.9406,0,U,28117,999,8343,0,-.98E-6,0
SL-12 R/B(2),2003-053E,2026-09-22T20:59:02.027328,1.00028564,.021863,13.7581,12.5976,305.9033,66.2488,0,U,28119,999,8570,0,-.58E-6,0
FREGAT R/B,2003-059B,2026-09-23T11:17:31.308864,2.01467038,.59599473,22.8885,245.3362,37.0712,352.0937,0,U,28133,999,16741,0,.249E-5,0
EXPRESS-AM22 (SESAT 2),2003-060A,2026-09-23T06:15:41.094720,0.99362068,.00136077,8.5105,62.9517,142.0295,199.8598,0,U,28134,999,8300,0,-.235E-5,0
BLOCK DM-SL R/B,2004-001B,2026-09-23T01:03:51.639552,2.24738447,.71452371,0.8080,327.1851,64.3649,356.0122,0,U,28138,999,18641,-.23304477E-3,-.198E-5,0
SL-12 R/B(2),2003-060D,2026-09-15T20:54:23.543712,1.00322021,.0019233,13.6376,13.0472,236.7131,124.0113,0,U,28139,999,8294,0,-.33E-6,0
IUS R/B(2),2004-004D,2026-09-23T12:18:26.585280,0.99824477,.00042619,12.3127,25.5386,25.5213,334.5478,0,U,28161,999,2637,0,.72E-6,0
ABS-4 (MOBISAT-1),2004-007A,2026-09-22T23:57:09.554400,1.00269896,.00052346,6.2828,70.7706,114.3680,237.0310,0,U,28184,999,5331,0,.41E-6,0
RADUGA-1 7,2004-010A,2026-09-16T00:06:00.725184,1.00256697,.00054982,13.7829,20.0052,232.7810,121.1714,0,U,28194,999,8232,0,.8E-6,0
SUPERBIRD-A2,2004-011A,2026-09-23T04:35:50.669088,0.99463688,.00258718,13.5517,16.8670,48.2879,324.9794,0,U,28218,999,8142,0,-.273E-5,0
SL-12 R/B(2),2004-015D,2026-09-23T03:46:38.756928,1.00709125,.00164813,13.4044,13.6184,331.2319,212.7584,0,U,28240,999,8239,0,-.219E-5,0
INTELSAT 10-02,2004-022A,2026-09-23T06:30:02.219328,1.00272557,.00000934,0.0307,252.2696,13.1060,193.2756,0,U,28358,999,8153,0,-.13E-6,0
BREEZE-M R/B,2004-022C,2026-09-22T20:28:14.805696,2.01475200,.59757689,24.2886,74.5616,0.6777,359.8420,0,U,28360,999,16332,0,.205E-5,0
ANIK F2,2004-027A,2026-09-23T13:29:59.002080,1.00272703,.00030593,3.5337,78.1389,90.5792,285.1130,0,U,28378,999,4225,0,-.49E-6,0
ARIANE 5 R/B,2004-027B,2026-09-23T11:59:45.600576,2.07979292,.72920773,6.9611,265.2434,163.4266,219.3782,0,U,28379,999,16857,.56678631E-3,-.193E-5,0
AMC-15,2004-041A,2026-09-23T13:21:59.327424,1.00269490,.00019467,0.0113,163.7581,16.8082,277.2937,0,U,28446,999,8029,0,0,0
BREEZE-M R/B,2004-041B,2026-08-29T03:11:16.797984,1.86976322,.5129284,16.5530,224.1070,128.7056,321.9877,0,U,28447,999,14938,0,-.12E-5,0
SL-12 R/B(2),2004-043D,2026-09-15T20:54:31.032000,1.00105889,.00079849,13.3012,15.7798,170.6851,187.7728,0,U,28466,999,8001,0,.5E-7,0
BREEZE-M DEB [TANK],2004-041C,2026-09-23T01:43:58.077408,2.23821056,.70325222,47.7869,93.0372,135.3010,309.5664,0,U,28477,999,17922,0,.53E-6,0
DELTA 4 DEMO SPACECRAFT,2004-050A,2026-08-31T21:18:56.102112,1.41310005,.27726796,13.7506,294.6424,30.4825,339.1332,0,U,28500,999,11195,0,-.101E-5,0
GOES 7 AKM,1987-022F,2026-09-23T13:50:49.030368,0.98768688,.10587246,10.0731,318.2356,93.0989,276.1651,0,U,28520,999,4694,0,-.288E-5,0
NSS-10,2005-003A,2026-09-23T08:02:15.874080,1.00271387,.00031541,6.6894,69.2209,112.6374,263.4745,0,U,28526,999,5414,0,-.248E-5,0
DELTA 4 R/B,2004-050B,2026-09-23T07:36:42.962688,1.37842654,.2589376,15.6397,315.1494,349.8773,47.3189,0,U,28546,999,10945,0,-.104E-5,0
ARIANE 1 DEB,1979-104V,2026-09-21T23:32:22.337376,1.95675774,.72907019,15.3671,219.4297,114.2097,16.9417,0,U,28556,999,9725,.32160237E-2,.35E-6,0
ARIANE 2 DEB,1988-098L,2026-09-22T08:37:22.569600,2.07209171,.72158091,4.1135,62.8832,48.8548,269.8856,0,U,28563,999,17723,-.33750024E-1,-.423E-5,0
ARIANE 44L+ DEB,1992-021R,2026-09-23T09:00:32.785344,2.23194756,.6986366,3.7304,66.1992,2.0188,314.1520,0,U,28577,999,17991,0,-.16E-6,0
BLOCK DM-SL R/B,2005-008B,2026-09-23T08:26:53.510208,2.13877236,.65573426,1.1434,21.4389,249.2519,32.9009,0,U,28627,999,16854,0,.17E-6,0
INMARSAT 4-F1,2005-009A,2026-09-23T12:29:05.287776,1.00271907,.00028363,5.3043,42.8107,146.7667,178.2007,0,U,28628,999,7865,0,.36E-6,0
SL-12 R/B(2),2005-010F,2026-09-17T23:54:30.142944,1.00291005,.00223446,13.2218,17.7021,268.8089,115.6539,0,U,28634,999,7863,0,.102E-5,0
BREEZE-M R/B,2004-008C,2026-09-22T18:20:07.815840,1.97323129,.60851512,12.4064,259.9043,56.6324,347.6579,0,U,28656,999,15618,0,-.301E-5,0
DIRECTV 8,2005-019A,2026-09-23T13:26:55.567104,1.00273338,.00030352,0.0137,225.9629,315.1147,264.0380,0,U,28659,999,7805,0,-.1E-7,0
BREEZE-M R/B,2005-019B,2026-09-22T17:47:30.214752,1.54369483,.32902624,9.8113,116.7027,46.1237,330.6182,0,U,28660,999,12004,0,-.106E-5,0
GALAXY 28 (G-28),2005-022A,2026-09-23T08:05:08.098656,1.00272682,.00018118,3.5452,77.6497,106.2792,272.4584,0,U,28702,999,5296,0,-.199E-5,0
SL-12 R/B(2),2005-023H,2026-09-22T23:53:50.273664,1.00810580,.00111345,13.0088,18.0880,329.0935,44.1113,0,U,28704,999,7819,0,.113E-5,0
THAICOM 4,2005-028A,2026-09-23T08:46:56.589600,1.00271672,.00003673,0.4912,84.4200,59.2989,109.7225,0,U,28786,999,5323,0,-.364E-5,0
ARIANE 5 R/B,2005-028B,2026-09-23T10:25:04.928448,2.26683816,.7166679,6.5726,185.5387,224.0814,49.3587,0,U,28787,999,17487,-.45969179E-3,-.134E-5,0
ANIK F1R,2005-036A,2026-09-23T13:20:49.943040,1.00272381,.0002837,4.5573,75.2992,63.6625,316.3732,0,U,28868,999,4744,0,-.73E-6,0
SYRACUSE 3A,2005-041B,2026-09-11T12:27:56.057184,1.00275934,.00024575,4.8548,74.7263,106.5771,42.9291,0,U,28885,999,7661,0,.114E-5,0
ARIANE 5 R/B,2005-041C,2026-09-23T13:39:21.289824,2.24436303,.71927264,7.3359,162.8586,86.9663,172.6280,0,U,28886,999,17166,.30539587E-3,.48E-6,0
INMARSAT 4-F2,2005-044A,2026-09-23T10:30:26.140320,1.00271470,.00026314,5.2220,43.7169,143.2564,116.4467,0,U,28899,999,7650,0,-.258E-5,0
METEOSAT-9 (MSG-2),2005-049B,2026-09-22T23:52:47.472960,1.00278880,.00016623,9.5780,53.1705,350.2430,2.4992,0,U,28912,999,797,0,.127E-5,0
ARIANE 5 R/B,2005-049C,2026-09-23T09:23:39.976224,2.24899826,.71458587,3.9875,282.3587,46.3144,11.5774,0,U,28913,999,17060,-.61945398E-3,-.179E-5,0
ARIANE 5 DEB [SYLDA],2005-049D,2026-09-23T06:51:56.236320,2.23717901,.71557345,4.4501,306.8201,358.3836,9.3222,0,U,28914,999,16950,.59526824E-3,-.14E-6,0
EUTELSAT 174A,2005-052A,2026-09-23T13:33:33.655968,1.00270422,.00061524,4.4604,75.2518,104.0429,200.5629,0,U,28924,999,5331,0,.11E-6,0
ECHOSTAR 10,2006-003A,2026-09-23T13:21:56.602368,1.00271287,.00023567,0.0146,356.0505,139.7809,316.8859,0,U,28935,999,7544,0,-.57E-6,0
BLOCK DM-SL R/B,2006-003B,2026-09-23T12:46:51.158784,2.19498103,.67822159,0.2435,94.0188,65.0705,304.7979,0,U,28936,999,16523,0,-.177E-5,0
SPAINSAT,2006-007A,2026-09-23T01:53:03.252768,1.00270844,.000497,0.8085,84.7612,102.7852,172.4633,0,U,28945,999,7519,0,-.219E-5,0
BREEZE-M R/B,2003-024C,2026-08-30T18:15:53.493984,1.82403884,.50898617,16.7269,124.3462,86.8140,37.6876,0,U,28998,999,8754,0,-.51E-6,0
SCATHA AKM,1979-007C,2026-09-21T20:09:54.120672,1.01588709,.17732979,9.3849,275.2927,143.0302,233.3155,0,U,29000,999,4893,0,-.24E-6,0
SATCOM 3 DEB,1979-101E,2026-09-17T14:40:29.540064,1.81879532,.48220354,8.7072,85.9650,99.1933,298.8274,0,U,29002,999,13715,0,-.183E-5,0
EKRAN 2 DEB,1977-092K,2026-09-23T13:16:42.699072,1.00139732,.002059,3.8865,272.9209,348.7753,69.1426,0,U,29014,999,4826,0,-.356E-5,0
JCSAT-5A,2006-010A,2026-09-23T11:56:37.567392,1.00274341,.00020677,1.3543,82.8937,42.9233,187.7635,0,U,29045,999,7475,0,-.328E-5,0
BLOCK DM-SL R/B,2006-010B,2026-09-23T03:34:13.632096,2.19418563,.67882246,0.1698,50.3176,147.9874,114.3092,0,U,29046,999,16393,0,-.221E-5,0
ASTRA 1KR,2006-012A,2026-09-23T13:26:14.807904,1.00272469,.00035818,0.7201,82.5722,100.3721,40.0297,0,U,29055,999,4668,0,.118E-5,0
EWS-G1 (GOES 13),2006-018A,2026-09-23T13:26:02.976288,0.98785316,.00593205,4.7810,75.1719,279.9093,91.7363,0,U,29155,999,4422,0,.53E-6,0
SL-12 R/B(2),2006-022D,2026-09-23T09:37:20.789184,1.01012939,.00505672,12.6298,21.7315,44.1974,322.3642,0,U,29233,999,7476,0,-.123E-5,0
GALAXY 16 (G-16),2006-023A,2026-09-23T13:15:56.928672,1.00272831,.00027338,0.0140,191.5546,344.3780,286.4816,0,U,29236,999,7395,0,-.129E-5,0
BLOCK DM-SL R/B,2006-023B,2026-09-23T08:51:41.399424,2.15890916,.66264558,1.0229,23.1552,68.5957,347.3320,0,U,29237,999,15979,0,.2E-6,0
SL-6 R/B(2),2006-030B,2026-09-22T21:30:38.798496,2.05486690,.71391446,61.7404,150.8292,263.7264,18.2154,0,U,29261,999,15128,-.45973883E-2,.1115E-4,0
EUTELSAT 33F,2006-032A,2026-09-23T13:30:14.425344,1.00272825,.00033909,1.9078,80.9921,98.2749,58.8083,0,U,29270,999,4829,0,.155E-5,0
JCSAT-3A,2006-033A,2026-09-23T13:57:18.406656,1.00271957,.00020822,0.0155,252.5760,286.6989,160.5064,0,U,29272,999,4872,0,-.346E-5,0
KOREASAT 5 (MUGUNGWHA 5),2006-034A,2026-09-23T13:53:03.814368,1.00270406,.0002191,2.0300,81.5960,150.5155,91.6632,0,U,29349,999,4230,0,-.358E-5,0
ZHONGXING-22A,2006-038A,2026-09-22T18:45:51.693120,1.00081236,.00043325,11.6650,36.5048,157.9284,201.5686,0,U,29398,999,7335,0,-.345E-5,0
OPTUS D1,2006-043B,2026-09-23T10:25:02.706240,1.00271962,.0003679,3.2798,78.3593,99.5831,132.6099,0,U,29495,999,7310,0,-.182E-5,0
BLOCK DM-SL R/B,2006-049B,2026-09-23T13:43:12.260352,2.18870015,.69330107,0.9417,26.4552,101.1574,99.7779,0,U,29521,999,15909,0,-.41E-6,0
BADR-4,2006-051A,2026-09-23T11:48:01.725696,1.00275422,.00049614,2.2506,79.9098,104.0010,29.9707,0,U,29526,999,5225,0,.156E-5,0
BREEZE-M R/B,2006-051B,2026-09-23T04:13:25.657824,2.09457658,.63411756,14.5548,322.3155,334.4353,4.7365,0,U,29527,999,15202,0,.17E-6,0
FENGYUN 2D AKM,2006-053C,2026-09-20T13:37:54.768864,0.99356180,.0106255,11.9794,36.9864,50.1526,144.4388,0,U,29642,999,4720,0,0,0
MEASAT-3,2006-056A,2026-09-23T14:02:31.943616,0.99754902,.00041968,4.9743,74.8565,174.0337,121.8525,0,U,29648,999,5136,0,-.226E-5,0
TITAN 3C TRANSTAGE DEB,1968-081J,2026-09-23T09:46:13.406304,1.00906057,.01054079,2.0991,46.2916,317.5009,111.1054,0,U,30000,999,8023,0,-.222E-5,0
BEIDOU-1 G4,2007-003A,2026-09-16T08:17:15.199584,0.99156164,.00532215,10.1022,55.9621,276.4450,87.2035,0,U,30323,999,7161,0,-.192E-5,0
THEMIS A,2007-004A,2026-09-23T06:07:34.591008,0.87844254,.83318127,9.3798,101.1336,218.4648,35.5341,0,U,30580,999,4214,0,-.278E-5,0
SKYNET 5A,2007-007B,2026-09-23T08:40:04.747584,1.00269616,.00035261,5.5444,72.4918,121.6284,33.3252,0,U,30794,999,7168,0,-.269E-5,0
THEMIS D,2007-004D,2026-09-22T11:29:51.844128,0.87844434,.83037813,8.2506,74.6673,247.0469,26.8603,0,U,30797,999,4193,0,-.37E-5,0
THEMIS E,2007-004E,2026-09-22T20:48:23.582304,0.87839618,.84161655,7.1445,90.7037,234.7632,37.4802,0,U,30798,999,6678,0,-.403E-5,0
ANIK F3,2007-009A,2026-09-23T13:30:26.008992,1.00272011,.00027283,1.4442,82.5026,92.9995,270.8372,0,U,31102,999,4755,0,-.2E-7,0
BREEZE-M R/B,2007-009C,2026-09-18T13:51:10.651968,1.96445593,.56624209,11.8582,265.9189,131.8454,275.7807,0,U,31104,999,13955,0,.84E-6,0
ASTRA 1L,2007-016A,2026-09-23T09:48:35.677728,1.00271689,.00049243,1.5673,80.5662,101.9447,302.4262,0,U,31306,999,4597,0,-.185E-5,0
GALAXY 17 (G-17),2007-016B,2026-09-23T12:56:32.655840,1.00272520,.00036461,3.2124,78.5830,131.2259,261.7503,0,U,31307,999,7079,0,-.206E-5,0
NIGCOMSAT 1,2007-018A,2026-09-16T18:22:25.385376,1.00208383,.00062521,12.0137,32.1100,127.8949,170.4275,0,U,31395,999,7097,0,.45E-6,0
ARIANE 5 DEB [SYLDA],2007-044D,2026-09-23T11:51:38.879136,2.26831246,.71618163,4.7280,18.9738,44.4576,112.9227,0,U,32255,999,15673,-.8849E-3,-.123E-5,0
WGS F1 (USA 195),2007-046A,2026-09-23T08:00:46.018080,1.00271503,.00005631,0.0198,118.0664,78.3351,243.4748,0,U,32258,999,5331,0,-.269E-5,0
SKYNET 5B,2007-056B,2026-09-23T03:12:06.199776,1.00273925,.00037292,5.4943,72.2801,116.0666,246.7743,0,U,32294,999,6918,0,.142E-5,0
ASTRA 4A,2007-057A,2026-09-23T13:22:07.703040,1.00270213,.00026046,0.0161,146.9798,44.5667,16.1971,0,U,32299,999,5263,0,0,0
BREEZE-M R/B,2007-058C,2026-09-23T12:50:56.185728,1.04428871,.02512295,11.4356,24.5304,220.9027,128.0383,0,U,32375,999,7149,0,-.63E-6,0
HORIZONS-2,2007-063B,2026-09-23T04:15:38.464992,1.00274440,.0001655,2.8467,79.3343,106.8984,165.9331,0,U,32388,999,6879,0,-.254E-5,0
ARIANE 5 DEB [SYLDA],2007-063D,2026-09-22T14:10:45.107904,2.27010394,.71615236,5.3546,123.7582,311.6559,275.1415,0,U,32390,999,15491,-.12070067E-2,-.72E-6,0
THURAYA-3,2008-001A,2026-09-23T11:56:23.423712,1.00271928,.00026243,6.1541,35.8203,176.9326,32.4296,0,U,32404,999,6847,0,.12E-6,0
BLOCK DM-SL R/B,2008-001B,2026-09-22T07:44:18.104928,2.25219776,.71251898,6.0214,311.6150,43.8222,4.5183,0,U,32405,999,15379,-.69371481E-3,-.285E-5,0
EXPRESS-AM33,2008-003A,2026-09-23T15:03:42.041952,1.00246317,.00146269,5.0453,74.0483,171.9452,342.9461,0,U,32478,999,5472,0,-.3E-7,0
THOR 5,2008-006A,2026-09-23T08:12:44.868672,1.00272424,.00024212,0.0135,206.5546,336.0645,302.0224,0,U,32487,999,6830,0,-.11E-6,0
BREEZE-M R/B,2008-006B,2026-09-23T09:44:31.824960,2.21552499,.71638339,48.5213,149.5635,33.2816,356.0854,0,U,32488,999,15036,-.4069447E-3,-.175E-5,0
KIZUNA (WINDS),2008-007A,2026-09-23T00:15:17.721792,1.00334256,.00031489,8.7624,61.0342,138.0339,186.1923,0,U,32500,999,6787,0,.125E-5,0
SL-6 R/B(2),1977-093E,2026-09-16T12:24:42.439104,0.25811061,.68767947,51.7967,126.6325,278.6339,14.9865,0,U,32705,999,1205,0,.626E-5,0
AMC-14,2008-011A,2026-09-22T18:17:23.040672,1.00435744,.00351004,24.1221,19.3404,1.0622,12.8246,0,U,32708,999,6915,0,-.352E-5,0
DIRECTV 11,2008-013A,2026-09-23T10:48:22.023360,1.00264258,.00006566,0.0223,50.2893,335.7542,39.1827,0,U,32729,999,4657,0,-.126E-5,0
ICO G1,2008-016A,2026-09-23T10:44:08.907648,1.00273728,.00026303,5.5387,35.8080,128.6914,265.9908,0,U,32763,999,6753,0,-.169E-5,0
VINASAT-1,2008-018A,2026-09-23T12:49:11.341920,1.00267128,.00021358,0.0168,193.0454,11.5415,122.0384,0,U,32767,999,6757,0,0,0
STAR ONE C2,2008-018B,2026-09-23T11:19:41.942208,1.00272077,.00024586,1.4836,81.3268,97.4954,288.4507,0,U,32768,999,6764,0,-.277E-5,0
AMOS-3,2008-022A,2026-09-23T13:43:04.772064,1.00272381,.00019696,0.7010,84.5655,57.2932,144.3695,0,U,32794,999,8332,0,-.118E-5,0
GALAXY 18 (G-18),2008-024A,2026-09-23T13:29:55.439808,1.00271533,.0003057,0.0030,159.0220,25.0959,257.7849,0,U,32951,999,4683,0,.24E-6,0
COSMOS 1124 DEB,1979-077H,2026-09-22T10:10:40.044576,2.09809445,.66413742,65.4719,169.0864,328.5705,4.9804,0,U,32982,999,22295,0,.24E-6,0
SATCOM 3 DEB,1979-101K,2026-09-22T20:12:59.082336,1.82640982,.48517511,9.7842,65.5523,131.6556,268.8803,0,U,32984,999,9145,0,-.176E-5,0
SATCOM 3 DEB,1979-101L,2026-09-22T01:15:17.336736,1.80667752,.47392409,7.9821,152.9499,326.9011,270.8262,0,U,32985,999,12239,0,-.51E-6,0
SATCOM 3 DEB,1979-101N,2026-09-23T01:21:16.827264,1.83479102,.49417697,10.1814,20.6165,233.4409,62.2899,0,U,32987,999,12468,0,-.65E-6,0
ZHONGXING-9,2008-028A,2026-09-23T14:18:51.740352,1.00273203,.00067489,1.0122,83.8707,137.7766,87.9281,0,U,33051,999,6702,0,-.25E-5,0
SKYNET 5C,2008-030A,2026-09-23T09:50:20.511168,1.00272337,.00050257,4.0330,75.8010,116.7309,299.5563,0,U,33055,999,6694,0,-.138E-5,0
TURKSAT 3A,2008-030B,2026-09-23T13:32:51.674208,1.00271364,.00042481,0.0533,80.3165,85.2264,82.0850,0,U,33056,999,5334,0,.145E-5,0
SL-23 R/B,2008-022B,2026-09-23T11:00:13.120416,0.95533494,.05421928,13.8738,31.6540,58.5110,327.0394,0,U,33059,999,6391,0,-.106E-5,0
COSMOS 2440,2008-033A,2026-09-23T12:10:29.000640,1.00260679,.00056319,10.7674,40.2705,194.3261,26.9711,0,U,33108,999,6677,0,-.105E-5,0
SL-12 R/B(2),2008-033D,2026-09-23T14:07:00.497280,1.00308281,.00303278,10.7493,40.4013,341.0583,269.4078,0,U,33111,999,6679,0,-.117E-5,0
ECHOSTAR 11,2008-035A,2026-09-23T13:21:56.584224,1.00271563,.00025699,1.2516,82.8501,82.6267,287.6490,0,U,33207,999,5220,0,-.59E-6,0
BLOCK DM-SL R/B,2008-035B,2026-09-23T02:45:57.614688,2.26261048,.71294738,0.0996,171.6430,175.0447,353.8805,0,U,33208,999,15035,-.37419115E-3,-.232E-5,0
SUPERBIRD-C2,2008-038A,2026-09-23T11:54:42.579360,1.00272850,.00056664,2.6067,79.9441,73.3175,163.8065,0,U,33274,999,10671,0,-.305E-5,0
INMARSAT 4-F3,2008-039A,2026-09-23T15:28:45.451200,1.00267176,.00030881,4.3873,31.7604,163.3166,301.6414,0,U,33278,999,4753,0,-.138E-5,0
BREEZE-M R/B,2008-039C,2026-09-17T18:22:47.404416,2.01427854,.59617764,23.1659,351.1984,16.9485,356.4762,0,U,33280,999,13299,0,-.11E-5,0
NIMIQ 4,2008-044A,2026-09-23T12:57:25.072128,1.00273941,.00018531,0.0406,90.4717,89.9748,294.2971,0,U,33373,999,6597,0,-.222E-5,0
BREEZE-M R/B,2008-044C,2026-09-23T04:52:53.190624,2.03677244,.59923837,12.3894,296.5145,351.4104,1.8729,0,U,33375,999,13401,0,-.245E-5,0
GALAXY 19 (G-19),2008-045A,2026-09-23T13:14:57.172704,1.00273194,.00025456,0.0309,241.5698,304.0904,278.4908,0,U,33376,999,6588,0,-.141E-5,0
VENESAT-1,2008-055A,2026-09-18T06:41:59.093088,0.99274393,.00652083,5.9918,71.8447,194.2600,179.3300,0,U,33414,999,6538,0,-.215E-5,0
ASTRA 1M,2008-057A,2026-09-23T03:10:28.856352,1.00270087,.00036362,0.5415,82.5331,93.7056,252.7896,0,U,33436,999,4671,0,.119E-5,0
BREEZE-M R/B,2008-057C,2026-09-18T23:23:12.469632,2.00029915,.58745222,19.8879,113.6230,302.0753,13.9058,0,U,33438,999,13050,0,-.219E-5,0
FENGYUN 2D DEB,2006-053D,2026-09-22T23:52:52.139424,1.00293188,.00262184,11.8344,36.3058,28.9067,2.3091,0,U,33458,999,6636,0,-.29E-6,0
EUTELSAT HOTBIRD 13C,2008-065A,2026-09-23T07:58:38.720640,1.00273071,.00036116,3.1953,77.9403,107.3186,246.3082,0,U,33459,999,4832,0,-.282E-5,0
DELTA 4H R/B,2009-001B,2026-09-22T20:16:21.307584,0.96058414,.02618754,9.8462,34.7765,67.4599,295.3611,0,U,33491,999,2509,0,-.104E-5,0
TITAN 3C TRANSTAGE DEB,1968-081L,2026-09-23T07:01:57.883584,1.01830432,.00601831,2.2483,55.6577,298.9015,271.1281,0,U,33510,999,810,0,.44E-6,0
TITAN 3C TRANSTAGE DEB,1968-081M,2026-09-15T07:58:14.781792,1.00777917,.01236762,1.8784,41.5839,295.7801,359.4771,0,U,33511,999,6832,0,-.18E-6,0
TITAN 3C TRANSTAGE DEB,1968-081N,2026-09-22T12:13:22.428768,1.00909115,.01170998,2.2236,47.0567,295.0522,64.2317,0,U,33512,999,7461,0,.9E-7,0
TITAN 3C TRANSTAGE DEB,1968-081P,2026-09-23T08:58:40.463616,1.01390696,.00841253,2.2481,52.2411,286.2405,319.5664,0,U,33513,999,4886,0,.53E-6,0
GOES 5 AKM,1981-049D,2026-09-23T05:01:33.204576,0.82272790,.17082613,16.0829,317.0554,146.0323,15.7515,0,U,33521,999,5940,0,-.167E-5,0
ARIANE 3 DEB,1988-081L,2026-09-23T10:16:52.938336,2.15740397,.69729413,6.1513,252.9719,202.4219,321.4084,0,U,33536,999,17567,0,.2E-6,0
ARIANE 3 DEB,1988-081M,2026-09-23T13:36:54.976608,2.16897568,.70116613,6.8307,66.4093,190.0249,159.9206,0,U,33537,999,10675,0,.1E-6,0
ARIANE 3 DEB,1988-081N,2026-09-23T07:24:22.905216,2.24404833,.71906812,7.4075,319.2511,19.7183,357.8183,0,U,33538,999,17268,.31583188E-3,-.172E-5,0
ARIANE 44LP DEB,1988-109Q,2026-09-22T23:28:38.101728,2.23934215,.70999022,6.5830,248.7793,41.7001,96.6907,0,U,33541,999,19451,.20042338E-2,.58E-6,0
ARIANE 44LP DEB,1988-109R,2026-09-21T23:27:42.522336,2.24350061,.71127351,6.7220,168.9241,187.0077,12.0438,0,U,33542,999,17376,.28829941E-3,-.235E-5,0
ARIANE 2 DEB,1989-006BA,2026-09-20T05:08:48.635520,2.21849953,.69626225,10.4905,309.0924,318.1192,5.8818,0,U,33558,999,2336,0,-.16E-6,0
ARIANE 2 DEB,1989-006BC,2026-09-23T08:51:46.255968,2.25276697,.7089761,10.9596,350.6367,200.7675,229.3613,0,U,33560,999,18307,.51230451E-2,-.116E-5,0
ARIANE 2 DEB,1989-006BX,2026-09-22T05:26:31.455744,2.24776949,.70567359,11.3542,52.6691,68.8199,300.9014,0,U,33579,999,19728,-.32546042E-1,-.585E-5,0
EXPRESS-AM44,2009-007A,2026-09-23T08:09:45.156672,1.00272509,.00033814,3.7081,77.1234,98.2151,298.3218,0,U,33595,999,5327,0,-.88E-6,0
BREEZE-M R/B,2009-007D,2026-09-22T21:07:13.353024,0.97630332,.02012786,12.6127,35.6362,63.7943,303.9457,0,U,33598,999,6323,0,-.49E-6,0
NSS-9,2009-008A,2026-09-23T14:00:59.478336,1.00271205,.00021992,1.5078,81.4856,86.5586,227.7296,0,U,33749,999,6450,0,.71E-6,0
TELSTAR 11N,2009-009A,2026-09-23T11:27:33.687936,1.00268418,.00026413,0.0256,168.1484,17.5931,310.9314,0,U,34111,999,4723,0,0,0
SL-23 R/B,2009-009B,2026-09-22T21:35:00.899808,2.20447707,.69321417,34.5154,243.3280,206.5145,99.2485,0,U,34112,999,14152,0,.81E-6,0
ARIANE 44L+ DEB,1992-021W,2026-09-23T11:10:57.779328,2.22447314,.69350304,4.3729,228.7172,4.3439,253.6013,0,U,34180,999,18833,0,-.95E-6,0
RADUGA-1 8,2009-010A,2026-09-22T20:10:22.431360,0.99821091,.00101831,12.3018,40.7636,29.2456,344.1013,0,U,34264,999,6415,0,-.291E-5,0
SL-12 R/B(2),2009-010B,2026-09-23T12:33:03.614400,0.99999153,.00023007,12.2952,40.6872,290.6934,324.5720,0,U,34265,999,6417,0,-.293E-5,0
WGS F2 (USA 204),2009-017A,2026-09-23T15:11:33.341856,1.00269429,.00006332,0.0225,175.0960,2.6600,110.1247,0,U,34713,999,4660,0,0,0
ATLAS 5 CENTAUR R/B,2009-017B,2026-09-20T01:40:11.796672,1.18225067,.81714612,19.9179,307.2802,70.4869,354.5084,0,U,34714,999,7374,.82124391E-3,-.404E-5,0
SES-7 (PROTOSTAR 2),2009-027A,2026-09-23T00:10:38.261856,1.00270134,.0001767,0.0420,74.6603,141.2675,256.8625,0,U,34941,999,6361,0,-.347E-5,0
MEASAT-3A,2009-032A,2026-09-23T14:18:47.841984,1.00271268,.00019241,0.0456,341.0786,217.0410,179.0294,0,U,35362,999,901,0,-.112E-5,0
SL-23 R/B,2009-032B,2026-08-31T06:44:02.715072,1.68695150,.41119736,8.0684,171.2651,112.7667,14.4848,0,U,35363,999,10589,0,-.4E-6,0
EWS-G3 (GOES 14),2009-033A,2026-09-23T08:34:50.250720,1.00070598,.00022294,1.9356,81.6444,98.0108,28.2490,0,U,35491,999,757,0,-.62E-6,0
FM-5,2009-034A,2026-09-23T12:56:17.680128,1.00271043,.00004626,0.0302,258.1274,176.5040,35.6996,0,U,35493,999,4763,0,-.202E-5,0
TERRESTAR-1,2009-035A,2026-09-23T08:52:13.127232,1.00271491,.00021804,5.2347,48.6496,110.2069,225.4281,0,U,35496,999,6311,0,-.54E-6,0
COSMOS 917 DEB,1977-047S,2026-09-22T01:55:19.570368,2.01814428,.74575157,59.9234,202.3182,66.8948,351.9550,0,U,35505,999,14785,.10525179E-2,.1221E-4,0
COSMOS 1261 DEB,1981-031N,2026-09-20T06:29:32.095104,2.01959717,.7436219,61.2157,281.1886,46.2673,355.0766,0,U,35507,999,10034,.24016E-2,.1715E-4,0
CZ-3A DEB,2007-003G,2026-08-31T03:54:02.983392,1.82983995,.7518898,25.8527,247.4133,165.1390,348.5748,0,U,35548,999,11884,-.54732E-2,-.255E-5,0
CZ-3A DEB,2007-003K,2026-09-22T06:14:51.890784,2.16453736,.72048393,24.6263,202.0742,187.7869,147.4544,0,U,35551,999,2316,-.58172984E-2,-.426E-5,0
CZ-3A DEB,2007-003L,2026-09-23T01:12:54.378432,2.03253499,.74341065,26.3549,25.4143,180.0489,180.0378,0,U,35552,999,13252,.51785629E-2,.1945E-4,0
CZ-3A DEB,2007-003Q,2026-09-21T23:55:33.557088,2.27246564,.71725397,25.1521,226.2795,107.9914,336.6964,0,U,35556,999,1767,.38553166E-2,.297E-5,0
CZ-3A DEB,2007-003S,2026-09-23T02:00:04.995360,1.91867259,.74617051,22.7463,111.1865,163.2555,250.9611,0,U,35558,999,9281,.38545348E-2,.383E-5,0
CZ-3A DEB,2007-003X,2026-09-04T00:11:02.205888,1.89969202,.74699626,21.8746,142.3494,132.9049,359.1195,0,U,35563,999,1757,.30308136E-2,.167E-5,0
ASIASAT 5,2009-042A,2026-09-23T16:28:20.758368,1.00269518,.00016423,0.0221,126.3911,51.6635,172.0708,0,U,35696,999,6270,0,-.308E-5,0
JCSAT-12 (JCSAT-RA),2009-044A,2026-09-23T00:17:22.615584,1.00281860,.00015899,0.0259,265.3585,307.5604,285.3722,0,U,35755,999,6259,0,-.329E-5,0
OPTUS D3,2009-044B,2026-09-23T15:23:34.145952,1.00272198,.00042666,0.7984,267.8945,274.4086,207.2492,0,U,35756,999,6255,0,-.148E-5,0
NIMIQ 5,2009-050A,2026-09-23T11:17:27.157344,1.00268701,.00029216,0.0260,163.5896,24.2002,271.2008,0,U,35873,999,6232,0,0,0
AMAZONAS 2,2009-054A,2026-09-23T11:17:42.133056,1.00270402,.00033389,2.0614,81.6615,97.5997,280.4932,0,U,35942,999,6217,0,-.259E-5,0
COMSATBW-1,2009-054B,2026-09-23T13:38:51.099072,1.00272735,.00031595,0.0287,143.8381,48.4837,77.8203,0,U,35943,999,6229,0,.23E-6,0
NSS-12,2009-058A,2026-09-23T13:37:06.267360,1.00273575,.00029635,0.0383,76.9189,67.4334,119.3678,0,U,36032,999,6190,0,.7E-6,0
THOR 6,2009-058B,2026-09-23T08:12:44.868672,1.00271659,.00020157,0.0115,173.4581,27.7810,283.3117,0,U,36033,999,6199,0,-.12E-6,0
INTELSAT 14 (IS-14),2009-064A,2026-09-23T09:42:43.741152,1.00270575,.00024924,0.1611,84.2059,101.3330,277.4083,0,U,36097,999,6159,0,-.275E-5,0
ATLAS 5 CENTAUR R/B,2009-064B,2026-09-22T13:30:50.400576,1.76308647,.56206979,22.2503,61.0823,249.5418,67.1321,0,U,36098,999,10841,0,-.86E-6,0
EUTELSAT 36B,2009-065A,2026-09-23T13:35:13.945632,1.00274564,.0005825,0.7319,81.0812,100.8247,74.8469,0,U,36101,999,6169,0,.111E-5,0
INTELSAT 15 (IS-15),2009-067A,2026-09-23T10:19:55.174080,1.00272096,.0002411,0.0157,249.5817,301.4875,51.3600,0,U,36106,999,4221,0,-.187E-5,0
BLOCK DM-SL R/B,2009-067B,2026-09-23T13:51:18.981792,1.73595613,.44335686,12.3125,300.6460,169.7335,238.2417,0,U,36107,999,10663,0,-.53E-6,0
WGS F3 (USA 211),2009-068A,2026-09-23T15:41:28.212000,1.00293017,.00011549,0.3043,84.9200,151.6882,239.0195,0,U,36108,999,4758,0,.17E-6,0
DELTA 4 R/B,2009-068B,2026-09-23T02:11:38.751072,1.19291161,.81727509,22.4937,278.7090,228.1620,27.6782,0,U,36109,999,7287,.34080486E-3,-.21E-5,0
DIRECTV 12,2009-075A,2026-09-23T13:17:57.068736,1.00268160,.00002796,0.0052,96.8792,20.2480,342.0520,0,U,36131,999,4754,0,0,0
BEIDOU-2 G1,2010-001A,2026-09-23T15:43:38.212032,1.00272501,.00020123,4.5200,59.9794,252.9063,66.0412,0,U,36287,999,6115,0,-.277E-5,0
BREEZE-M R/B,2010-002B,2026-09-23T13:03:07.255008,1.04039510,.02108409,11.0617,35.5278,257.8056,71.9185,0,U,36359,999,6324,0,-.39E-6,0
SDO,2010-005A,2026-09-22T10:29:49.318368,1.00274759,.00015379,34.8516,84.8638,87.5741,244.7479,0,U,36395,999,6103,0,-.51E-6,0
BREEZE-M DEB [TANK],2010-006C,2026-09-22T04:26:28.594752,2.26707502,.72089464,45.9316,309.0074,238.4867,32.2734,0,U,36399,999,13616,.43005999E-3,-.86E-6,0
EWS-G2 (GOES 15),2010-008A,2026-09-23T11:56:15.936288,1.00272683,.0005147,1.5415,81.7723,84.4012,78.5591,0,U,36411,999,6062,0,.21E-6,0
ECHOSTAR 14,2010-010A,2026-09-23T13:26:55.580928,1.00269364,.00020025,0.0235,175.5341,3.8432,265.8616,0,U,36499,999,4753,0,0,0
SES-1,2010-016A,2026-09-23T13:16:56.992224,1.00271895,.00026797,0.0406,284.7950,267.5914,268.2725,0,U,36516,999,6002,0,-.116E-5,0
ASTRA 3B,2010-021A,2026-09-23T04:54:18.899424,1.00270092,.00033322,1.7157,82.1921,70.8954,306.0569,0,U,36581,999,5985,0,.136E-5,0
COMSATBW-2,2010-021B,2026-09-23T06:34:01.835904,1.00269920,.00027199,0.0099,164.7651,31.1676,277.9468,0,U,36582,999,5994,0,.86E-6,0
BREEZE-M R/B,2009-075B,2026-09-22T14:59:26.043072,1.99402047,.57654435,21.4873,303.0417,130.0097,286.9971,0,U,36587,999,11904,0,.19E-6,0
BEIDOU-2 G3,2010-024A,2026-09-23T00:02:24.051264,1.00273283,.00048169,4.7427,60.9857,0.4457,20.6910,0,U,36590,999,5975,0,-.135E-5,0
BADR-5,2010-025A,2026-09-23T13:29:29.497344,1.00270724,.00079887,0.0509,121.8694,94.3752,19.0506,0,U,36592,999,5420,0,.152E-5,0
ARABSAT-5A,2010-032B,2026-09-23T13:29:36.984768,1.00274894,.00040036,0.2856,77.3394,102.9611,55.0411,0,U,36745,999,5963,0,.152E-5,0
ECHOSTAR 15,2010-034A,2026-09-23T13:30:26.033184,1.00262863,.0002612,0.0185,172.0462,324.2837,309.8989,0,U,36792,999,5930,0,0,0
BEIDOU-2 IGSO-1,2010-036A,2026-09-13T16:04:22.733184,1.00289463,.0058541,54.3037,162.1610,217.4777,320.7749,0,U,36828,999,5898,0,-.13E-5,0
NILESAT 201,2010-037A,2026-09-23T04:45:42.223968,1.00272155,.00057111,0.0216,207.3443,336.9225,242.2310,0,U,36830,999,5935,0,-.59E-6,0
RASCOM-QAF 1R,2010-037B,2026-09-22T20:15:16.046208,1.00273548,.0005125,0.0358,107.3759,76.0451,125.0228,0,U,36831,999,5928,0,.17E-6,0
AEHF-1 (USA 214),2010-039A,2026-09-23T13:29:29.497344,1.00268789,.0003993,8.4651,66.7524,119.3666,48.6599,0,U,36868,999,5464,0,.152E-5,0
ZHONGXING-6A,2010-042A,2026-09-23T13:47:47.427936,0.99701184,.00021164,4.4718,75.9403,172.2194,166.1994,0,U,37150,999,5885,0,.97E-6,0
SL-6 R/B(2),2010-049B,2026-09-20T22:33:57.230208,2.04427550,.73822358,61.8207,162.5231,258.1167,18.2727,0,U,37171,999,11901,-.597056E-3,.1465E-4,0
XM-5,2010-053A,2026-09-23T06:41:07.177920,1.00270188,.00006315,0.0720,270.3172,235.6155,201.2951,0,U,37185,999,5846,0,-.25E-6,0
BSAT-3B,2010-056B,2026-09-23T12:41:33.388224,1.00270116,.00044111,0.0387,236.1868,333.2622,93.1658,0,U,37207,999,5308,0,-.352E-5,0
BEIDOU-2 G4,2010-057A,2026-09-23T12:32:47.220864,1.00271218,.0008176,3.8849,68.2358,179.9087,102.3973,0,U,37210,999,5827,0,-.111E-5,0
MERIDIAN 3,2010-058A,2026-09-20T13:14:52.536480,2.00603811,.6890039,63.4432,81.0346,260.9134,21.8141,0,U,37212,999,11637,0,.17E-5,0
SL-26 R/B,2010-058B,2026-09-16T15:08:20.749344,2.00811908,.70630334,63.7281,57.9883,261.1132,20.0739,0,U,37213,999,11626,0,.1253E-4,0
SKYTERRA 1,2010-061A,2026-09-23T13:18:10.446912,1.00271797,.00012234,5.3312,50.6135,167.7494,242.3149,0,U,37218,999,5818,0,-.116E-5,0
DELTA 4 R/B,2010-063B,2026-09-18T05:39:11.594304,1.04038303,.0211783,9.6343,79.7170,70.9173,291.4914,0,U,37233,999,2727,0,-.68E-6,0
HYLAS 1,2010-065A,2026-09-23T08:49:11.373600,1.00634407,.00040965,5.8844,71.7623,160.5339,29.3654,0,U,37237,999,787,0,-.304E-5,0
INTELSAT 17 (IS-17),2010-065B,2026-09-23T13:39:43.515360,1.00272874,.00025247,0.0032,178.0421,13.7665,81.5556,0,U,37238,999,5423,0,-.3E-7,0
BEIDOU-2 IGSO-2,2010-068A,2026-09-20T20:37:03.728352,1.00251768,.0057375,47.3773,270.6330,216.8661,286.8874,0,U,37256,999,5775,0,-.152E-5,0
EUTELSAT KA-SAT 9A,2010-069A,2026-09-23T13:23:22.583328,1.00273872,.00051683,0.0760,355.3475,167.6343,49.2732,0,U,37258,999,4499,0,.6E-6,0
HISPASAT 30W-5,2010-070A,2026-09-23T08:04:23.170656,1.00272275,.00056456,0.0355,117.8463,54.6800,280.7816,0,U,37264,999,5416,0,-.218E-5,0
KOREASAT 6,2010-070B,2026-09-23T14:15:47.560608,1.00272219,.00022165,0.0202,146.4123,54.2512,175.6160,0,U,37265,999,5775,0,-.113E-5,0
ELEKTRO-L 1 (GOMS 2),2011-001A,2026-09-23T12:33:02.401344,1.00186294,.00034589,9.9043,53.4699,47.3371,301.5745,0,U,37344,999,5746,0,.127E-5,0
FREGAT R/B,2011-001B,2026-09-23T06:14:33.701856,1.02799791,.01513513,10.4227,41.4633,74.6549,286.0802,0,U,37345,999,6140,0,-.159E-5,0
BEIDOU-2 IGSO-3,2011-013A,2026-09-22T20:04:53.160096,1.00290302,.00349281,62.5532,39.2417,183.8448,186.3288,0,U,37384,999,5664,0,-.156E-5,0
INTELSAT 28 (IS-28),2011-016A,2026-09-23T08:03:53.219232,1.00271055,.00037273,2.0517,81.2915,106.1002,264.1112,0,U,37392,999,5427,0,-.225E-5,0
YAHSAT 1A,2011-016B,2026-09-23T13:35:51.386208,1.00273380,.00020656,0.0131,173.5837,357.7464,87.5709,0,U,37393,999,4339,0,.99E-6,0
SBIRS GEO-1 (USA 230),2011-019A,2026-09-23T01:37:07.807872,1.00272397,.00017594,4.7503,52.9771,137.4150,247.6320,0,U,37481,999,5638,0,.101E-5,0
GSAT-8,2011-022A,2026-09-23T14:45:00.042912,1.00271263,.00066008,2.3773,80.5076,159.2307,39.0823,0,U,37605,999,5420,0,.85E-6,0
ST-2,2011-022B,2026-09-23T14:08:39.603264,1.00272351,.00017907,0.0181,155.4699,39.8163,107.3602,0,U,37606,999,5626,0,-.213E-5,0
SES-3,2011-035A,2026-09-23T13:18:57.076992,1.00271926,.00026065,1.5729,81.8203,117.1983,260.1504,0,U,37748,999,5558,0,-.102E-5,0
KAZSAT-2,2011-035B,2026-09-23T03:29:27.037248,1.00271034,.00014653,0.0091,243.2344,350.4397,267.2274,0,U,37749,999,5438,0,-.2E-5,0
BREEZE-M R/B,2011-035D,2026-09-23T14:32:06.423360,1.12712905,.07684846,9.5490,32.9707,68.6189,281.7182,0,U,37751,999,6248,0,-.82E-6,0
BEIDOU-2 IGSO-4,2011-038A,2026-09-23T16:23:57.833664,1.00266137,.01606274,54.6025,164.7974,230.8328,306.9584,0,U,37763,999,5563,0,-.82E-6,0
ASTRA 1N,2011-041A,2026-09-23T03:10:28.856352,1.00271710,.0004763,0.0836,31.6906,121.7705,275.3506,0,U,37775,999,4550,0,.118E-5,0
BSAT-3C (JCSAT-110R),2011-041B,2026-09-23T12:09:37.154592,1.00271317,.0000501,0.0205,60.8343,195.3186,38.5794,0,U,37776,999,5145,0,-.352E-5,0
BREEZE-M DEB [ADAPTOR],2011-035E,2026-09-23T13:46:14.407104,2.05992214,.61361421,24.9468,45.4419,206.4081,140.4521,0,U,37787,999,11215,0,-.84E-6,0
ZHONGXING-1A,2011-047A,2026-09-23T14:31:41.111616,1.00023821,.00014083,3.9637,77.0688,222.4777,332.3891,0,U,37804,999,2831,0,.13E-5,0
COSMOS 2473,2011-048A,2026-09-23T12:42:52.229088,1.00295809,.00066854,5.8201,72.2104,139.1354,176.2780,0,U,37806,999,845,0,.124E-5,0
BREEZE-M R/B,2011-048B,2026-09-22T16:44:06.294048,1.04263058,.02279039,10.2417,41.9162,87.8322,102.7447,0,U,37807,999,5663,0,-.68E-6,0
SES-2,2011-049A,2026-09-23T09:30:44.888832,1.00271513,.00029463,0.3029,87.1327,93.3815,237.4385,0,U,37809,999,5494,0,-.197E-5,0
ARABSAT-5C,2011-049B,2026-09-23T04:53:18.993984,1.00271821,.00039189,0.0570,9.8304,181.9780,263.5796,0,U,37810,999,5502,0,.121E-5,0
EUTELSAT 7 WEST A,2011-051A,2026-09-23T06:28:09.897600,1.00272772,.00061158,0.0686,10.4364,169.3751,272.0597,0,U,37816,999,5486,0,-.62E-6,0
QUETZSAT 1,2011-054A,2026-09-23T12:58:54.928992,1.00268323,.00028108,0.0157,172.0829,17.6707,290.3730,0,U,37826,999,5086,0,0,0
INTELSAT 18 (IS-18),2011-056A,2026-09-23T14:29:33.248256,1.00271745,.00021113,0.0231,248.8410,299.2964,211.7194,0,U,37834,999,5479,0,.51E-6,0
SL-23 R/B,2011-056B,2026-09-22T10:40:23.700864,1.96802172,.56681439,19.5220,309.4871,290.5956,19.1389,0,U,37835,999,10758,0,-.27E-5,0
EUTELSAT 16A,2011-057A,2026-09-23T06:34:54.252192,1.00274177,.00054897,0.1138,66.6453,115.8946,294.3317,0,U,37836,999,832,0,.102E-5,0
VIASAT-1,2011-059A,2026-09-23T06:00:03.308256,1.00268466,.00024563,0.0254,180.7875,354.2475,161.9729,0,U,37843,999,4830,0,0,0
ASIASAT 7,2011-069A,2026-09-23T12:39:09.972864,1.00271599,.0001679,0.0222,98.2470,57.1893,142.2546,0,U,37933,999,4584,0,-.335E-5,0
BEIDOU-2 IGSO-5,2011-073A,2026-09-18T17:29:04.508160,1.00277777,.01166045,47.5134,270.3747,224.4140,220.9898,0,U,37948,999,5407,0,-.129E-5,0
AMOS-5,2011-074A,2026-09-19T21:28:26.819040,1.00189613,.00023967,9.0411,59.6771,91.2683,213.4313,0,U,37950,999,5394,0,.137E-5,0
LUCH-5A,2011-074B,2026-09-23T12:16:43.914432,1.00274134,.00042596,8.9960,72.3401,129.3518,151.8637,0,U,37951,999,5403,0,-.44E-6,0
BREEZE-M R/B,2011-074C,2026-09-23T12:36:00.173664,0.89625442,.08003669,11.6357,49.5430,182.3318,58.3014,0,U,37952,999,4802,0,-.138E-5,0
NIGCOMSAT 1R,2011-077A,2026-09-23T04:59:48.372000,1.00271323,.00027373,0.0365,232.5216,102.5017,144.5156,0,U,38014,999,5394,0,.143E-5,0
WGS F4 (USA 233),2012-003A,2026-09-23T12:26:02.660640,1.00273582,.00001513,0.0149,158.8580,273.6690,204.7770,0,U,38070,999,4513,0,-.217E-5,0
DELTA 4 R/B,2012-003B,2026-09-23T11:47:58.599744,1.17697419,.82073277,22.6733,78.1066,7.0916,359.6325,0,U,38071,999,6212,-.18002361E-3,.78E-6,0
FENGYUN 2F AKM,2012-002C,2026-09-23T14:43:46.963200,0.99390892,.0062728,9.3947,56.7448,208.1668,28.1618,0,U,38072,999,5281,0,.76E-6,0
SES-4,2012-007A,2026-09-23T09:49:20.605728,1.00271508,.00025247,0.0164,59.1431,132.4899,295.9684,0,U,38087,999,5321,0,-.17E-5,0
BEIDOU-2 G5,2012-008A,2026-09-23T14:44:42.768960,1.00272064,.00068704,3.8128,68.9730,238.0322,335.3133,0,U,38091,999,5335,0,.59E-6,0
MUOS-1,2012-009A,2026-09-23T13:16:36.975072,1.00270938,.00521065,5.6753,46.9683,3.6610,50.9533,0,U,38093,999,5343,0,-.124E-5,0
INTELSAT 22 (IS-22),2012-011A,2026-09-23T13:41:13.372224,1.00269181,.00017557,0.0260,139.5422,61.1502,79.1266,0,U,38098,999,817,0,0,0
BREEZE-M R/B,2012-011B,2026-09-23T06:16:32.589120,1.11834475,.76352543,25.2730,153.1647,28.6606,357.5017,0,U,38099,999,5907,0,-.4E-5,0
COSMOS 2479,2012-012A,2026-09-23T12:26:38.527872,1.00394779,.00054324,9.0736,55.3403,215.9602,10.7672,0,U,38101,999,5307,0,-.275E-5,0
SL-12 R/B(2),2012-012D,2026-09-23T13:16:30.410400,1.00387186,.00111342,9.0615,55.5329,302.1538,104.3367,0,U,38104,999,5305,0,-.142E-5,0
APSTAR-7,2012-013A,2026-09-23T03:26:49.789248,1.00272044,.00026163,0.0055,167.8641,8.2938,314.0738,0,U,38107,999,5280,0,-.104E-5,0
YAHSAT 1B,2012-016A,2026-09-23T14:06:59.316192,1.00273782,.00012634,0.1026,88.0664,97.8058,75.9471,0,U,38245,999,4659,0,.125E-5,0
AEHF-2 (USA 235),2012-019A,2026-09-23T06:25:32.649600,1.00271059,.00026596,6.8729,56.7003,142.0254,243.3193,0,U,38254,999,797,0,-.132E-5,0
JCSAT-13,2012-023A,2026-09-23T13:56:11.014656,1.00270453,.00024662,0.0242,172.0862,5.3644,158.0325,0,U,38331,999,5253,0,0,0
VINASAT-2,2012-023B,2026-09-23T12:49:11.342784,1.00271139,.00020723,0.0375,310.5586,225.0951,150.8961,0,U,38332,999,4764,0,-.33E-5,0
NIMIQ 6,2012-026A,2026-09-23T12:05:53.585952,1.00269611,.00029555,0.0199,164.2896,19.7905,268.6459,0,U,38342,999,5140,0,0,0
ZHONGXING-2A,2012-028A,2026-09-23T16:26:43.796832,1.00273787,.00011048,1.7012,82.4701,157.7068,107.3172,0,U,38352,999,5228,0,-.293E-5,0
INTELSAT 19 (IS-19),2012-030A,2026-09-23T11:44:56.597280,1.00268742,.00032269,0.0207,180.7815,11.1850,152.6230,0,U,38356,999,5143,0,0,0
BLOCK DM-SL R/B,2012-030B,2026-09-23T06:42:21.138048,2.25337708,.70963372,0.7461,23.8040,44.4076,349.7461,0,U,38357,999,11784,-.18722974E-2,-.68E-6,0
DELTA 4 R/B,2012-034B,2026-09-23T05:01:44.527296,1.03149643,.01955452,7.1867,58.7434,182.5229,177.5547,0,U,38529,999,2765,0,-.15E-6,0
ECHOSTAR 17,2012-035A,2026-09-23T13:20:56.645088,1.00269245,.00022024,0.0259,157.1482,31.7796,266.6207,0,U,38551,999,5204,0,0,0
METEOSAT-10 (MSG-3),2012-035B,2026-09-23T06:30:17.195040,1.00273017,.0000963,4.8983,60.4597,113.5248,285.7922,0,U,38552,999,5184,0,-.4E-7,0
SES-5,2012-036A,2026-09-23T13:22:07.703040,1.00272118,.00020626,0.0183,25.0702,156.2320,26.6371,0,U,38652,999,4544,0,.32E-6,0
SATCOM 3 DEB,1979-101W,2026-09-21T13:45:36.028224,1.80347436,.47466617,7.5615,174.5725,290.8644,25.6761,0,U,38687,999,12463,0,-.34E-6,0
SATCOM 3 DEB,1979-101X,2026-09-21T19:50:21.154272,1.80460022,.49436317,8.2830,81.9126,109.1605,309.4716,0,U,38688,999,1399,0,-.192E-5,0
TITAN 3C TRANSTAGE DEB,1968-081Q,2026-09-23T08:10:49.008864,0.99324309,.02470288,1.9920,25.5144,323.1151,35.6100,0,U,38690,999,5146,0,-.74E-6,0
TITAN 3C TRANSTAGE DEB,1968-081R,2026-09-23T10:19:13.309824,1.00721164,.01902815,2.6064,50.1375,260.8406,97.4607,0,U,38691,999,5235,0,-.152E-5,0
TITAN 3C TRANSTAGE DEB,1968-081X,2026-09-22T18:53:16.725696,1.01480491,.07232424,5.6643,43.4699,106.0272,262.2544,0,U,38697,999,7585,0,-.279E-5,0
TITAN 3C TRANSTAGE DEB,1968-081AA,2026-09-22T06:42:11.886336,1.02729730,.01239082,2.4856,63.2445,210.7850,148.9923,0,U,38700,999,6559,0,-.89E-6,0
TITAN 3C TRANSTAGE DEB,1968-081AB,2026-09-19T12:49:51.983616,1.01158539,.01573245,2.5795,52.4139,253.1954,105.4439,0,U,38701,999,2065,0,-.21E-6,0
TITAN 3C TRANSTAGE DEB,1968-081AC,2026-09-22T10:37:01.650144,1.02229816,.02194797,1.3307,52.5242,37.7409,324.6402,0,U,38702,999,7071,0,-.26E-5,0
TITAN 3C TRANSTAGE DEB,1968-081AE,2026-09-22T23:06:41.261184,1.02196385,.02050844,4.3575,62.9997,219.7323,139.0492,0,U,38704,999,7700,0,-.302E-5,0
TITAN 3C TRANSTAGE DEB,1968-081AF,2026-09-22T02:10:11.225280,1.02090332,.02849987,3.4081,61.0530,1.5973,358.8165,0,U,38705,999,7605,0,-.1E-7,0
INTELSAT 20 (IS-20),2012-043A,2026-09-23T03:24:35.004384,1.00285106,.00028932,0.0170,121.9131,63.4597,296.2887,0,U,38740,999,5173,0,-.3E-6,0
HYLAS 2,2012-043B,2026-09-23T09:51:50.367168,1.00522051,.00040178,2.6717,79.7560,159.5605,257.6346,0,U,38741,999,5176,0,-.61E-6,0
INTELSAT 21 (IS-21),2012-045A,2026-09-23T13:04:16.914144,1.00270011,.00021014,0.0209,103.9837,75.7214,320.7727,0,U,38749,999,5151,0,-.286E-5,0
ASTRA 2F,2012-051A,2026-09-23T11:46:09.404832,1.00271495,.00039616,0.0683,256.7677,305.8870,4.4221,0,U,38778,999,4212,0,.148E-5,0
GSAT-10,2012-051B,2026-09-23T13:44:34.628064,1.00272479,.00052,0.0260,255.1590,221.5441,174.9134,0,U,38779,999,5108,0,-.167E-5,0
INTELSAT 23 (IS-23),2012-057A,2026-09-23T07:57:46.305216,1.00260149,.00012164,0.0352,267.5255,351.3234,169.8157,0,U,38867,999,5093,0,-.287E-5,0
BEIDOU-2 G6,2012-059A,2026-09-23T12:22:46.092864,1.00268917,.00066767,4.6639,72.3973,323.1753,236.4365,0,U,38953,999,5089,0,-.172E-5,0
LUCH-5B,2012-061A,2026-09-23T14:58:57.497376,1.00273193,.00061055,10.6919,48.8759,165.7871,356.2562,0,U,38977,999,5059,0,-.131E-5,0
YAMAL 300K,2012-061B,2026-09-23T14:00:52.814304,1.00272212,.00001482,0.0096,163.2955,202.8173,29.5082,0,U,38978,999,5061,0,.7E-6,0
STAR ONE C3,2012-062A,2026-09-23T11:16:49.716768,1.00270724,.000207,0.0434,84.0304,95.1875,277.3198,0,U,38991,999,5075,0,-.251E-5,0
EUTELSAT 21B,2012-062B,2026-09-23T06:36:24.109056,1.00274547,.00028618,0.0715,345.0346,195.5381,302.2791,0,U,38992,999,5081,0,.128E-5,0
MERIDIAN 6,2012-063A,2026-09-23T05:51:54.188352,2.00699718,.73741817,63.6725,340.8364,227.9725,40.4819,0,U,38995,999,10147,0,-.637E-5,0
FREGAT R/B,2012-063B,2026-09-23T12:49:37.182432,2.00210567,.73602778,63.9562,343.0372,229.5183,38.9082,0,U,38996,999,10128,0,-.681E-5,0
ECHOSTAR 16,2012-065A,2026-09-23T11:20:41.845920,1.00268725,.00021923,0.0266,165.9157,20.9963,284.0938,0,U,39008,999,5063,0,0,0
ZHONGXING-12,2012-067A,2026-09-23T13:45:49.509216,1.00272933,.00027315,0.0188,130.6822,42.3070,123.4188,0,U,39017,999,5049,0,-.209E-5,0
EUTELSAT 70B,2012-069A,2026-09-23T00:47:38.441184,1.00271458,.00036894,0.0658,1.8579,181.1534,261.2925,0,U,39020,999,5049,0,-.46E-6,0
YAMAL 402,2012-070A,2026-09-23T16:05:37.971168,1.00272807,.00036111,1.5100,82.7540,97.0345,119.0546,0,U,39022,999,5038,0,.85E-6,0
BREEZE-M R/B,2012-070B,2026-09-22T03:19:33.473568,2.09993821,.63505322,26.1912,20.9939,223.8890,63.3070,0,U,39023,999,10509,0,.89E-6,0
SKYNET 5D,2012-075A,2026-09-23T13:35:51.386208,1.00271564,.00039376,0.0723,356.8717,192.0993,70.1647,0,U,39034,999,5014,0,.98E-6,0
MEXSAT 3,2012-075B,2026-09-23T13:54:43.590816,1.00276034,.00019549,0.0268,163.8427,73.0467,219.4282,0,U,39035,999,803,0,0,0
TDRS 11,2013-004A,2026-09-23T13:58:52.936032,1.00271400,.00031221,3.6716,32.6912,41.0725,323.9736,0,U,39070,999,4768,0,.81E-6,0
AMAZONAS 3,2013-006A,2026-09-23T13:03:24.497856,1.00273147,.00052553,0.0274,214.2725,343.6028,299.4074,0,U,39078,999,4591,0,-.284E-5,0
AZERSPACE 1,2013-006B,2026-09-23T01:35:30.463584,1.00269031,.00016836,0.0245,153.5718,47.3959,230.8285,0,U,39079,999,4978,0,0,0
SBIRS GEO-2 (USA 241),2013-011A,2026-09-23T13:14:43.424736,1.00272851,.00024525,4.7000,52.4376,144.8687,266.9931,0,U,39120,999,4952,0,-.143E-5,0
EUTELSAT 117 WEST A,2013-012A,2026-09-23T13:29:05.332128,1.00269834,.00029975,0.0129,159.8050,26.5233,261.5532,0,U,39122,999,4941,0,0,0
ANIK G1,2013-014A,2026-09-23T13:20:56.587200,1.00271900,.0003068,0.0039,87.6649,108.3618,259.3344,0,U,39127,999,4923,0,-.76E-6,0
ZHONGXING-11,2013-020A,2026-09-23T16:24:15.090336,1.00269427,.00009918,0.0378,329.3046,155.2532,221.9416,0,U,39157,999,4888,0,-.291E-5,0
EUTELSAT 7B,2013-022A,2026-09-23T06:34:54.252192,1.00268937,.00040858,0.0693,346.2916,122.4722,8.1350,0,U,39163,999,4893,0,.102E-5,0
WGS F5 (USA 243),2013-024A,2026-09-23T07:58:01.280928,1.00269384,.00006383,0.0241,179.6332,7.1536,242.4191,0,U,39168,999,4815,0,0,0
DELTA 4 R/B,2013-024B,2026-09-19T09:07:12.077760,1.10023505,.82292431,26.2764,25.1995,31.5589,357.8771,0,U,39169,999,5348,-.14382335E-3,-.145E-5,0
SES-6,2013-026A,2026-09-23T11:26:41.271648,1.00273299,.00024593,0.0417,320.0948,225.2300,308.1895,0,U,39172,999,4871,0,-.263E-5,0
BREEZE-M R/B,2013-026B,2026-09-21T04:36:41.314176,1.10516118,.76714507,27.2424,297.5585,209.7522,65.3943,0,U,39173,999,5331,0,-.29E-5,0
IRNSS-1A,2013-034A,2026-09-19T19:28:43.318272,1.00276768,.00201805,35.9295,62.5184,178.6911,104.7739,0,U,39199,999,4831,0,.84E-6,0
MUOS-2,2013-036A,2026-09-23T13:33:16.847712,1.00273506,.00575321,5.1905,45.5481,178.2620,153.9248,0,U,39206,999,4817,0,-.9E-7,0
ALPHASAT,2013-038A,2026-09-23T04:54:41.363424,1.00272929,.00038517,3.0036,0.5667,191.2269,268.8284,0,U,39215,999,4500,0,.135E-5,0
INSAT-3D,2013-038B,2026-09-23T10:32:31.465248,1.00275248,.00019578,2.1718,81.1914,123.1460,85.6074,0,U,39216,999,4806,0,-.339E-5,0
WGS F6 (USA 244),2013-041A,2026-09-23T05:24:02.744928,1.00272410,.00000519,0.0167,176.9027,28.2992,102.7084,0,U,39222,999,4704,0,.87E-6,0
ES'HAIL 1,2013-044A,2026-09-23T03:12:13.688928,1.00268968,.00023001,0.0637,348.6335,183.0591,263.8656,0,U,39233,999,4760,0,.141E-5,0
GSAT-7,2013-044B,2026-09-23T13:58:39.747072,1.00272318,.00054834,0.3266,86.5895,165.6717,33.8667,0,U,39234,999,4624,0,-.79E-6,0
AMOS-4,2013-045A,2026-09-23T13:39:21.051360,1.00272019,.0001166,0.0206,223.0303,310.4671,98.7759,0,U,39237,999,4794,0,.6E-7,0
SL-23 R/B,2013-045B,2026-09-23T12:17:19.743648,2.10663864,.64066765,26.6641,58.9817,142.2301,287.5594,0,U,39238,999,10053,0,-.206E-5,0
AEHF-3 (USA 246),2013-050A,2026-09-23T13:30:01.924128,1.00271374,.00923656,5.5321,66.2230,188.7220,185.7216,0,U,39256,999,4664,0,.32E-6,0
ASTRA 2E,2013-056A,2026-09-23T13:28:59.545056,1.00270689,.00021644,0.0903,306.0019,235.6100,51.5403,0,U,39285,999,4740,0,.149E-5,0
TITAN 3C TRANSTAGE DEB,1968-081AG,2026-09-22T15:54:11.079936,1.00567547,.01549629,1.7504,36.7360,300.5829,68.1627,0,U,39296,999,5267,0,-.7E-6,0
TITAN 3C TRANSTAGE DEB,1968-081AH,2026-09-21T15:22:52.213440,1.00369084,.01862905,1.7386,30.7623,304.7715,53.9805,0,U,39297,999,1744,0,-.166E-5,0
TITAN 3C TRANSTAGE DEB,1968-081AJ,2026-09-23T14:03:18.914112,1.00184620,.01486873,1.7908,31.4893,316.9351,29.3169,0,U,39298,999,6726,0,-.125E-5,0
CZ-3B DEB,2010-042E,2026-09-22T14:03:14.541408,1.91305497,.74604039,24.5606,350.7354,183.2054,168.4825,0,U,39333,999,9198,-.98105071E-3,-.446E-5,0
CZ-3B DEB,2010-042F,2026-09-16T09:52:13.594944,1.86383228,.73706214,25.1718,214.6117,87.0103,16.5193,0,U,39334,999,9952,0,-.45E-6,0
CZ-3B DEB,2010-042G,2026-09-18T14:41:18.012192,1.97562993,.7363822,28.3128,8.9154,8.0407,354.2392,0,U,39335,999,8589,.60684E-2,.26E-6,0
CZ-3B DEB,2010-042J,2026-09-21T17:55:29.876448,1.84278240,.7523248,24.8574,86.5519,341.9244,1.6566,0,U,39337,999,8448,.88959285E-3,.93E-6,0
CZ-3C DEB,2010-057C,2026-09-23T05:15:01.188864,2.25955844,.71894018,20.2004,332.1501,44.0617,354.4444,0,U,39338,999,10661,.28865805E-4,-.252E-5,0
CZ-3C DEB,2010-057D,2026-09-18T01:02:29.881824,2.14573490,.71957746,20.5317,228.6887,258.3790,22.7592,0,U,39339,999,10131,-.21110561E-2,-.134E-5,0
CZ-3C DEB,2010-057G,2026-09-23T13:39:40.913856,2.20689045,.71923774,20.4362,66.5182,221.0670,49.9735,0,U,39342,999,10438,-.63787616E-3,-.15E-6,0
CZ-3C DEB,2010-057L,2026-09-22T22:32:22.642944,2.17980444,.72018646,20.0441,135.2848,82.6761,346.9102,0,U,39346,999,10307,.19250837E-2,-.12E-6,0
CZ-3C DEB,2010-057N,2026-09-23T05:36:18.921312,2.26184170,.72174382,20.5006,290.8078,100.7501,340.5973,0,U,39348,999,10661,.8747531E-5,-.201E-5,0
CZ-3C DEB,2010-057S,2026-09-22T23:32:35.168640,2.18291010,.72111374,20.3956,124.2129,92.8271,5.2821,0,U,39352,999,10315,.18796037E-2,.4E-7,0
CZ-3C DEB,2010-057T,2026-09-19T11:12:08.839008,2.24424821,.7145497,20.4043,45.1775,264.9005,28.0884,0,U,39353,999,10591,.21613604E-2,-.47E-6,0
FM-6,2013-058A,2026-09-23T13:29:05.294976,1.00272830,.00009945,0.0198,236.6914,28.9425,182.7091,0,U,39360,999,4705,0,-.17E-6,0
RADUGA-1M 3,2013-062A,2026-09-23T13:30:51.865056,1.00273497,.00019724,6.2041,71.0784,299.0471,229.9776,0,U,39375,999,4709,0,.156E-5,0
BREEZE-M R/B,2013-062B,2026-09-18T05:42:37.726560,1.04208811,.02331134,9.6128,50.7249,119.3015,243.1299,0,U,39376,999,4891,0,-.102E-5,0
COSMOS 1030 DEB,1978-083T,2026-09-20T22:28:55.981920,2.00359241,.70429457,63.7556,178.0857,4.2196,359.4529,0,U,39447,999,8466,0,.623E-5,0
SES-8,2013-071A,2026-09-23T14:11:22.673760,1.00268786,.00020888,0.0494,286.6801,229.4318,154.1816,0,U,39460,999,4541,0,-.271E-5,0
INMARSAT 5-F1,2013-073A,2026-09-23T03:22:50.171808,1.00268143,.00002618,0.0253,161.4709,20.9566,292.9140,0,U,39476,999,4656,0,0,0
TKSAT-1 (TUPAC KATARI),2013-075A,2026-09-23T09:30:44.888832,1.00271380,.00021358,0.0439,24.3788,144.0640,249.3128,0,U,39481,999,4658,0,-.197E-5,0
EXPRESS-AM5,2013-077A,2026-09-23T15:43:23.236320,1.00271882,.0002084,0.0287,249.7908,238.9748,249.6415,0,U,39487,999,4734,0,-.281E-5,0
BREEZE-M R/B,2013-073C,2026-09-22T15:48:27.925920,1.09861850,.74002531,24.6346,177.2240,177.9735,189.1536,0,U,39494,999,5034,0,-.42E-5,0
GSAT-14,2014-001A,2026-09-23T13:58:27.117120,1.00269988,.00057128,0.0265,169.8136,52.6798,63.5619,0,U,39498,999,4636,0,0,0
THAICOM 6,2014-002A,2026-09-23T13:43:12.260352,1.00272922,.00034974,0.0556,111.7657,47.5327,127.4748,0,U,39500,999,4644,0,-.123E-5,0
TDRS 12,2014-004A,2026-09-23T06:18:33.320160,1.00266845,.00068687,4.0806,20.5619,216.0818,179.0729,0,U,39504,999,4526,0,-.269E-5,0
ABS-2,2014-006A,2026-09-23T13:58:39.755712,1.00269227,.0003558,0.0249,157.8036,25.7285,103.4958,0,U,39508,999,4626,0,0,0
ATHENA-FIDUS,2014-006B,2026-09-23T13:31:36.793056,1.00272262,.00015114,0.0104,149.0504,46.6643,47.4099,0,U,39509,999,4607,0,.153E-5,0
TURKSAT 4A,2014-007A,2026-09-23T13:32:51.674208,1.00274247,.00039578,0.0803,284.5722,320.0040,3.0753,0,U,39522,999,4595,0,.144E-5,0
CZ-3C DEB,2010-057X,2026-09-23T09:21:19.092384,2.25365773,.7223482,20.2187,296.3239,105.2256,338.5266,0,U,39600,999,10545,-.87331716E-4,-.189E-5,0
EXPRESS-AT1,2014-010A,2026-09-23T13:59:41.923968,1.00315427,.00049514,0.5036,84.3460,85.1983,119.3384,0,U,39612,999,4580,0,-.113E-5,0
EXPRESS-AT2,2014-010B,2026-09-23T11:54:08.638848,1.00272454,.00003728,0.0169,240.1599,227.0974,129.6331,0,U,39613,999,4548,0,.77E-6,0
BREEZE-M R/B,2014-010C,2026-09-23T08:28:12.967104,0.90579947,.06654474,11.2302,58.2759,54.7467,311.4149,0,U,39614,999,4139,0,-.139E-5,0
AMAZONAS 4A,2014-011A,2026-09-22T09:06:27.035712,1.00270753,.00062067,0.0525,160.2813,27.9536,235.6387,0,U,39616,999,4568,0,-.255E-5,0
ASTRA 5B,2014-011B,2026-09-23T04:54:18.899424,1.00273798,.00033685,0.1026,293.6896,265.8729,259.6019,0,U,39617,999,4565,0,.135E-5,0
IRNSS-1B,2014-017A,2026-09-22T23:55:32.209248,1.00273186,.00198809,28.7586,238.7232,191.5745,345.4831,0,U,39635,999,4577,0,.105E-5,0
CTS DEB [ARRAY COVER],1976-004E,2026-09-23T02:38:54.383424,1.00308948,.00453904,2.9866,264.1579,210.9365,195.0446,0,U,39688,999,4376,0,-.182E-5,0
CTS DEB [ARRAY COVER],1976-004F,2026-09-22T23:52:02.654688,1.00230535,.01150517,3.0196,265.0811,65.1060,295.6574,0,U,39689,999,6787,0,-.201E-5,0
LUCH-5V,2014-023A,2026-09-23T12:30:03.014208,1.00267632,.00029009,5.3718,68.6661,142.5515,73.3241,0,U,39727,999,4534,0,-.265E-5,0
KAZSAT-3,2014-023B,2026-09-23T13:37:28.731360,1.00272164,.00003341,0.0161,252.2765,359.8652,13.1597,0,U,39728,999,4344,0,.59E-6,0
BREEZE-M R/B,2014-023C,2026-09-01T11:41:42.577440,0.92543694,.06439457,10.3046,52.6218,202.3543,154.8529,0,U,39729,999,4168,0,-.112E-5,0
EUTELSAT 3B,2014-030A,2026-09-23T01:23:16.636416,1.00271866,.0004213,0.0641,359.0737,180.1912,206.5796,0,U,39773,999,4504,0,.18E-6,0
ASIASAT 8 (AMOS-7),2014-046A,2026-09-23T14:29:49.531200,1.00270747,.00016257,0.0183,104.1918,75.1365,145.9076,0,U,40107,999,10313,0,-.334E-5,0
ASIASAT 6,2014-052A,2026-09-23T13:55:03.622656,1.00267772,.00010592,0.0215,168.4955,24.6800,137.9408,0,U,40141,999,4406,0,0,0
OPTUS 10,2014-054A,2026-09-23T15:22:24.775392,1.00273469,.00019319,0.1062,25.7061,152.4850,210.9201,0,U,40146,999,4401,0,-.148E-5,0
MEASAT-3B,2014-054B,2026-09-23T00:02:38.504256,1.00268954,.00009701,0.0521,50.3018,67.1796,336.5249,0,U,40147,999,4390,0,-.243E-5,0
CZ-3B DEB,2010-042K,2026-09-22T21:42:18.018144,1.88764955,.73213941,25.4147,189.5632,122.9956,351.8284,0,U,40158,999,8859,0,-.46E-6,0
CZ-3B DEB,2010-042M,2026-09-21T15:19:19.762752,1.89897747,.72881477,26.4574,233.6361,28.5875,45.2795,0,U,40160,999,8905,0,.41E-6,0
CZ-3B DEB,2010-042P,2026-09-21T08:51:03.680640,1.92057726,.72496401,26.2681,233.1873,35.6358,355.8567,0,U,40162,999,9005,0,.148E-5,0
CZ-3B DEB,2010-042R,2026-09-20T08:00:46.513152,1.89873174,.7330401,26.0961,212.3768,61.1842,31.6167,0,U,40164,999,8907,0,.174E-5,0
CZ-3B DEB,2010-042U,2026-09-22T23:57:37.065888,1.93609975,.71704121,26.6728,253.0805,2.9751,359.6075,0,U,40167,999,9745,0,-.14E-6,0
CZ-3B DEB,2010-042W,2026-09-20T04:35:45.254400,1.93995343,.7235674,25.6426,211.7541,78.4103,1.8603,0,U,40169,999,9964,0,-.106E-5,0
CZ-3C DEB,2010-057Y,2026-09-23T13:39:06.379776,2.23804371,.71253217,20.3913,72.0652,202.5251,82.6586,0,U,40170,999,10792,.63678015E-2,.255E-5,0
CZ-3B DEB,2011-077C,2026-09-22T19:15:13.534272,1.91936529,.74411374,25.6745,271.7649,193.1793,122.7971,0,U,40179,999,8998,-.11363315E-2,-.69E-6,0
CZ-3B DEB,2011-077D,2026-09-21T22:23:56.450400,2.03296305,.7442201,23.2009,139.0526,122.1581,330.4513,0,U,40180,999,9107,.56770968E-2,.3499E-4,0
CZ-3B DEB,2011-077G,2026-09-23T09:31:17.999040,1.85820259,.75458118,21.3817,253.4753,1.6017,359.7891,0,U,40183,999,8309,.63051799E-2,.835E-5,0
CZ-3B DEB,2011-077H,2026-09-22T03:42:09.716832,1.93687473,.75113945,21.3781,164.8299,140.4972,310.1451,0,U,40184,999,8186,.1075957E-2,.32E-5,0
CZ-3B DEB,2011-077J,2026-09-21T01:12:29.229984,1.93043277,.74551125,24.8182,210.0742,309.8396,5.4431,0,U,40185,999,8718,.14974567E-2,-.34E-6,0
CZ-3B DEB,2011-077L,2026-09-23T07:38:27.079872,1.90951540,.73759493,26.7070,328.6867,82.2718,348.0542,0,U,40187,999,9648,-.22622716E-2,-.233E-5,0
CZ-3B DEB,2011-077N,2026-09-17T08:42:38.629440,1.90409085,.73694043,27.0434,353.5039,31.8484,356.4442,0,U,40189,999,9608,.4705054E-2,-.177E-5,0
CZ-3B DEB,2011-077Q,2026-09-18T18:31:22.952352,1.95236307,.74694124,25.6500,221.6200,253.7387,19.3556,0,U,40191,999,8162,.54175584E-3,-.261E-5,0
CZ-3B DEB,2011-077S,2026-09-23T07:41:38.200992,1.86780215,.74171067,26.7969,5.8039,18.8238,357.9161,0,U,40193,999,7799,-.29037884E-2,-.355E-5,0
CZ-3C DEB,2012-008G,2026-09-22T14:43:03.497952,2.19836286,.69859232,20.0996,220.6446,205.7571,89.5748,0,U,40197,999,10312,0,.4E-7,0
CZ-3C DEB,2012-008H,2026-09-22T15:29:37.378464,2.18895989,.72519891,19.7321,333.5766,332.3253,3.3480,0,U,40198,999,10174,.1416614E-2,.125E-5,0
CZ-3C DEB,2012-008K,2026-09-15T10:08:28.937760,2.19221158,.69811289,20.6612,228.9052,179.8459,180.7130,0,U,40200,999,10070,0,-.66E-6,0
CZ-3C DEB,2012-008L,2026-09-23T12:16:17.083776,2.24775068,.70941546,21.5364,43.4103,137.1859,308.0100,0,U,40201,999,10540,-.23776812E-2,-.283E-5,0
CZ-3C DEB,2012-008S,2026-09-20T06:37:23.541024,2.24302683,.7201392,19.1270,276.7344,82.8674,346.8819,0,U,40207,999,9755,-.13313E-3,-.264E-5,0
BREEZE-M R/B,2014-058B,2026-09-22T19:55:56.577216,0.91687123,.0636273,10.7553,58.8223,200.8335,156.5989,0,U,40259,999,4012,0,-.145E-5,0
HIMAWARI-8,2014-060A,2026-09-23T13:17:43.794240,1.00272681,.00010497,0.0212,105.0999,93.5567,143.8675,0,U,40267,999,4374,0,-.277E-5,0
IRNSS-1C,2014-061A,2026-09-23T00:03:23.955840,1.00269559,.0019793,6.7615,87.0454,10.3859,348.2850,0,U,40269,999,4366,0,-.159E-5,0
INTELSAT 30 (IS-30),2014-062A,2026-09-23T13:13:56.945856,1.00267425,.00013635,0.0187,147.1605,263.9392,54.7440,0,U,40271,999,778,0,0,0
ARSAT 1,2014-062B,2026-09-23T11:17:42.133056,1.00267942,.00017313,0.0161,143.3835,33.6021,282.9602,0,U,40272,999,4361,0,0,0
EUTELSAT 53A,2014-064A,2026-09-23T13:35:58.873632,1.00268754,.00022395,0.0250,187.5073,6.3946,65.4993,0,U,40277,999,4255,0,0,0
BREEZE-M R/B,2014-064B,2026-09-22T20:40:34.410432,0.95222093,.05816513,9.5510,61.6005,220.2557,135.4388,0,U,40278,999,4145,0,-.124E-5,0
MERIDIAN 7,2014-069A,2026-09-23T09:19:57.971424,2.00606153,.6614088,63.4474,205.7865,269.8878,20.2361,0,U,40296,999,8720,0,.232E-5,0
GSAT-16,2014-078A,2026-09-23T05:03:25.524576,1.00270883,.00055397,0.0204,154.9910,322.7812,15.2432,0,U,40332,999,4310,0,.83E-6,0
DIRECTV 14,2014-078B,2026-09-23T05:17:09.523104,1.00270041,.00008625,0.0153,164.5284,291.1696,246.4355,0,U,40333,999,4302,0,0,0
YAMAL 401,2014-082A,2026-09-23T14:56:26.503008,1.00272762,.00004538,0.0196,231.4856,336.6951,108.3717,0,U,40345,999,4290,0,-.23E-5,0
ASTRA 2G,2014-089A,2026-09-23T11:46:09.404832,1.00268859,.00026062,0.0213,350.8026,109.1513,107.1090,0,U,40364,999,4295,0,0,0
FENGYUN 2G,2014-090A,2026-09-23T16:24:32.390208,1.00270475,.00037723,5.8809,71.5757,185.1799,91.6889,0,U,40367,999,4298,0,-.299E-5,0
CZ-3A R/B,2014-090B,2026-09-23T04:16:03.197856,2.26453491,.72588084,25.0577,3.6843,303.2826,7.3964,0,U,40368,999,9455,.5152077E-3,.369E-5,0
FENGYUN 2G AKM,2014-090C,2026-09-18T05:21:30.611808,0.99592075,.00485986,7.7855,67.4467,174.4326,185.7538,0,U,40369,999,4256,0,-.184E-5,0
MUOS-3,2015-002A,2026-09-23T06:25:40.137888,1.00273049,.0058322,4.7096,43.8101,179.0898,220.1891,0,U,40374,999,4257,0,-.126E-5,0
INMARSAT 5-F2,2015-005A,2026-09-23T11:22:34.166784,1.00268161,.00004307,0.0195,153.0677,348.1993,336.6585,0,U,40384,999,4198,0,-.287E-5,0
BREEZE-M R/B,2015-005B,2026-09-21T14:47:57.209568,1.11107318,.75704406,26.9303,265.9188,144.7462,303.7561,0,U,40385,999,4722,0,-.151E-5,0
ABS-3A,2015-010A,2026-09-23T08:12:07.428960,1.00271123,.00019759,0.0050,170.9265,310.6129,0.6818,0,U,40424,999,4236,0,-.28E-6,0
EUTELSAT 115 WEST B,2015-010B,2026-09-23T06:57:48.384576,1.00272600,.00002044,0.0398,13.2770,259.9103,78.5165,0,U,40425,999,4236,0,-.27E-6,0
MMS 1,2015-011A,2026-09-23T16:00:01.999584,0.28323886,.82622883,73.1569,347.6284,169.4887,264.6023,0,U,40482,999,138,0,-.1651E-4,0
MMS 2,2015-011B,2026-09-23T16:00:01.999584,0.28323851,.82651288,73.1617,347.6271,169.4900,264.5795,0,U,40483,999,138,0,-.1652E-4,0
MMS 3,2015-011C,2026-09-23T16:00:01.999584,0.28323884,.82634975,73.1608,347.6393,169.4986,264.5540,0,U,40484,999,138,0,-.1652E-4,0
MMS 4,2015-011D,2026-09-23T16:00:01.999584,0.28329073,.82634309,73.1527,347.6227,169.5125,264.5260,0,U,40485,999,138,0,-.1651E-4,0
EXPRESS-AM7,2015-012A,2026-09-23T15:15:41.041152,1.00270290,.00033059,0.0252,165.9732,22.6739,82.7423,0,U,40505,999,4199,0,0,0
BEIDOU-3S IGSO-1S,2015-019A,2026-09-23T12:32:26.388096,1.00287329,.00389488,49.0086,294.2693,201.5353,150.9890,0,U,40549,999,4205,0,-.142E-5,0
THOR 7,2015-022A,2026-09-23T08:12:44.868672,1.00273206,.00026668,0.0192,228.3334,314.7786,301.6399,0,U,40613,999,4180,0,-.1E-6,0
TURKMENALEM52E/MONACOSAT,2015-023A,2026-09-23T05:02:25.620864,1.00271763,.00030551,0.0216,106.1586,73.1151,310.4318,0,U,40617,999,4183,0,.102E-5,0
DIRECTV 15,2015-026A,2026-09-22T23:10:21.542304,1.00269494,.00011876,0.0204,107.4089,52.6883,86.4486,0,U,40663,999,4144,0,-.105E-5,0
SKY MEXICO-1,2015-026B,2026-09-23T07:50:24.510912,1.00267069,.0002238,0.0220,174.2574,15.5502,211.1688,0,U,40664,999,4143,0,0,0
METEOSAT-11 (MSG-4),2015-034A,2026-09-23T13:23:30.070752,1.00275771,.00005225,3.4428,70.3908,86.5728,55.6450,0,U,40732,999,820,0,.64E-6,0
STAR ONE C4,2015-034B,2026-09-23T11:18:12.086208,1.00272466,.0001011,0.0529,17.3970,173.6020,270.9048,0,U,40733,999,4100,0,-.267E-5,0
WGS F7 (USA 263),2015-036A,2026-09-23T11:36:15.614784,1.00272850,.00003442,0.0177,166.9751,300.8404,243.6195,0,U,40746,999,4085,0,.17E-6,0
ARIANE 1 DEB,1979-104AD,2026-09-20T11:46:43.811040,2.24582815,.714589,18.0193,0.7962,99.5714,276.1221,0,U,40776,999,217,-.17711E-1,-.928E-5,0
ARIANE 2 DEB,1989-006CG,2026-09-19T04:59:19.163616,2.25288415,.7121014,7.7967,214.9813,167.6268,341.0422,0,U,40787,999,10556,.1031829E-2,-.166E-5,0
CZ-3A DEB,2007-003AS,2026-09-22T16:11:43.774944,1.72554047,.76437488,27.6636,33.9428,235.7049,28.6019,0,U,40813,999,8615,.31628628E-2,.218E-5,0
CZ-3B DEB,2010-042X,2026-09-18T16:46:04.735488,1.90401920,.73103813,26.3589,132.0944,202.1163,94.0426,0,U,40814,999,8255,.35952983E-2,-.164E-5,0
CZ-3C DEB,2010-057AJ,2026-09-20T22:19:01.859232,2.20044498,.71716851,19.2247,124.5885,136.9936,309.3606,0,U,40817,999,5140,.7298142E-2,.364E-5,0
CZ-3C DEB,2010-057AK,2026-09-23T11:07:07.127616,2.25735520,.71109596,20.6691,60.4110,225.4325,48.4190,0,U,40818,999,9520,-.97537886E-3,-.15E-6,0
CZ-3C DEB,2010-057AY,2026-09-15T15:03:38.325024,2.20874674,.71841103,20.1901,92.2451,170.4562,219.7174,0,U,40831,999,252,.11128337E-2,.26E-6,0
CZ-3C DEB,2010-057BB,2026-09-23T03:12:14.702400,2.19675397,.71987464,19.9463,103.9942,151.6720,281.1942,0,U,40834,999,9266,.26599803E-3,.64E-6,0
CZ-3C DEB,2010-057BC,2026-09-15T22:01:16.513536,2.20292827,.71923255,20.1906,82.0200,195.9496,116.4206,0,U,40835,999,1436,.76261922E-3,-.35E-6,0
CZ-3B DEB,2011-077U,2026-09-23T00:12:00.384192,2.03688737,.74044059,25.1336,143.2091,53.0999,353.9544,0,U,40839,999,9089,.18278329E-2,-.193E-5,0
CZ-3B DEB,2011-077X,2026-09-23T08:23:37.345056,1.76813856,.75591388,22.8612,7.9772,138.4341,314.6347,0,U,40842,999,8192,-.38556698E-2,-.307E-5,0
CZ-3B DEB,2011-077AA,2026-09-21T01:37:47.216640,2.07751321,.73787922,21.8364,104.6226,247.9916,23.3640,0,U,40845,999,9431,.2106282E-2,-.86E-6,0
CZ-3B DEB,2011-077AD,2026-09-23T09:07:51.246336,1.90961039,.73689206,26.9719,337.0688,58.7677,352.7484,0,U,40848,999,8096,-.12722766E-1,-.536E-5,0
CZ-3B DEB,2011-077AE,2026-09-21T21:13:55.023168,1.90650278,.73894393,26.4472,319.9553,107.2007,339.3246,0,U,40849,999,9378,-.4992732E-2,-.244E-5,0
CZ-3B DEB,2011-077AG,2026-09-23T09:53:35.992896,1.90206110,.73611954,26.5860,357.1335,42.0849,355.1043,0,U,40851,999,8809,-.23423836E-2,-.336E-5,0
CZ-3B DEB,2011-077AH,2026-09-18T08:34:48.192672,1.90662194,.7339104,27.2275,14.0961,345.9937,1.4405,0,U,40852,999,8813,0,-.295E-5,0
CZ-3C DEB,2012-008Y,2026-09-22T17:33:13.352256,2.12272847,.72818983,18.7228,38.3181,244.9883,26.6123,0,U,40858,999,9129,.13700476E-2,.121E-5,0
CZ-3C DEB,2012-008AA,2026-09-22T03:47:45.222720,2.24011934,.72425789,19.0127,290.2185,60.1599,352.1961,0,U,40860,999,925,.2984812E-2,.634E-5,0
CZ-3C DEB,2012-008AC,2026-09-21T21:03:49.942368,2.08005435,.73094256,18.3206,110.0768,99.7899,342.0337,0,U,40862,999,142,.38815102E-2,.251E-5,0
CZ-3C DEB,2012-008AD,2026-09-23T01:30:19.055520,2.20843310,.70525786,20.3787,157.0667,304.1803,7.9949,0,U,40863,999,9440,0,.84E-6,0
CZ-3C DEB,2012-008AL,2026-09-14T19:45:33.108768,2.05396548,.73142968,16.9111,148.9683,65.1631,351.5071,0,U,40870,999,201,.1175101E-1,.718E-5,0
INTELSAT 34 (IS-34),2015-039A,2026-09-23T06:14:18.726144,1.00270384,.00002396,0.0234,284.7186,147.4523,328.0450,0,U,40874,999,4061,0,-.287E-5,0
EUTELSAT 8 WEST B,2015-039B,2026-09-23T06:28:02.410176,1.00271271,.00035976,0.0692,344.7136,197.5305,268.9015,0,U,40875,999,4064,0,-.68E-6,0
GSAT-6,2015-041A,2026-09-23T12:01:45.408864,1.00272920,.0002915,2.1667,81.2338,104.4623,79.6283,0,U,40880,999,4058,0,-.161E-5,0
INMARSAT 5-F3,2015-042A,2026-09-23T14:29:33.248256,1.00272813,.00011174,0.0199,149.9998,236.2981,13.1227,0,U,40882,999,4055,0,.49E-6,0
BREEZE-M R/B,2015-042B,2026-09-21T23:56:00.457728,1.10224937,.79203075,29.9021,62.3574,179.8197,181.3136,0,U,40883,999,4457,0,-.31E-6,0
MUOS-4,2015-044A,2026-09-23T08:34:20.299296,1.00272297,.00525734,4.5133,42.6673,3.5399,159.5869,0,U,40887,999,4054,0,-.91E-6,0
TJS-1,2015-046A,2026-09-23T14:28:53.901696,1.00272327,.00032888,0.5695,83.8763,77.5355,213.3163,0,U,40892,999,4055,0,-.157E-5,0
EXPRESS-AM8,2015-048A,2026-09-23T14:59:27.448800,1.00272851,.00004661,0.0150,241.5516,213.3687,118.4328,0,U,40895,999,4033,0,-.113E-5,0
BLOCK DM-SL R/B,2015-048B,2026-09-22T23:34:27.314112,0.98654524,.00998533,9.3227,59.4744,150.9561,209.7401,0,U,40896,999,3974,0,.48E-6,0
COSMOS 1700 DEB,1985-102G,2026-09-21T18:48:46.899360,1.00290419,.00260082,9.5360,318.2206,136.0556,237.8763,0,U,40924,999,6840,0,.98E-6,0
BEIDOU-3S IGSO-2S,2015-053A,2026-09-23T10:23:17.350944,1.00282446,.00655546,49.0780,257.6045,192.6054,163.9949,0,U,40938,999,4033,0,-.111E-5,0
SKY MUSTER 1 (NBN1A),2015-054A,2026-09-23T08:52:56.015328,1.00270332,.00018539,0.0137,221.6117,314.4131,99.6904,0,U,40940,999,4024,0,-.28E-5,0
ARSAT 2,2015-054B,2026-09-23T12:57:47.536128,1.00268238,.00019326,0.0175,150.7594,32.4818,292.5972,0,U,40941,999,4029,0,0,0
MORELOS 3,2015-056A,2026-09-23T13:24:10.276128,1.00272115,.00033243,3.2776,17.4539,179.9576,252.9462,0,U,40946,999,4027,0,-.42E-6,0
APSTAR-9,2015-059A,2026-09-23T12:21:56.882880,1.00272502,.00026021,0.0479,54.5149,126.2237,149.1565,0,U,40982,999,4009,0,-.267E-5,0
TURKSAT 4B,2015-060A,2026-09-23T10:09:41.156064,1.00276098,.00020987,0.0177,242.5807,301.9750,20.1714,0,U,40984,999,4008,0,.112E-5,0
ZHONGXING-2C,2015-063A,2026-09-23T12:07:44.833728,1.00268231,.000989,0.5198,86.5079,116.8968,84.2996,0,U,41021,999,3996,0,-.324E-5,0
GSAT-15,2015-065A,2026-09-23T00:14:46.809600,1.00272963,.00020605,0.0158,214.1049,308.3252,296.6254,0,U,41028,999,3977,0,-.26E-5,0
BADR-7 (ARABSAT-6B),2015-065B,2026-09-22T20:21:01.283328,1.00275405,.00068355,0.0499,240.7583,339.6911,112.5528,0,U,41029,999,3974,0,.143E-5,0
COSMOS 2510 (EKS 1),2015-066A,2026-09-21T01:38:29.345280,2.00647188,.71912246,63.4408,332.9561,274.9085,13.9604,0,U,41032,999,7939,0,-.1171E-4,0
FREGAT R/B,2015-066B,2026-09-21T00:48:28.014048,2.01961968,.73917774,62.7744,295.0168,268.5169,14.2928,0,U,41033,999,7985,.24794392E-3,-.1626E-4,0
LAOSAT 1,2015-067A,2026-09-23T13:57:25.894944,1.00268835,.00021454,0.0515,5.3020,117.1180,217.8732,0,U,41034,999,3984,0,-.345E-5,0
TELSTAR 12V,2015-068A,2026-09-23T09:51:20.414880,1.00269660,.00022515,0.0249,172.4089,10.0419,312.6545,0,U,41036,999,3961,0,0,0
H-2A R/B,2015-068B,2026-09-21T19:51:53.858016,2.12564443,.64703472,19.6321,51.7930,324.3219,6.0499,0,U,41037,999,8410,0,-.207E-5,0
ELEKTRO-L 2,2015-074A,2026-09-23T06:26:10.090176,1.00272438,.00017488,6.9337,69.2766,194.1578,180.7381,0,U,41105,999,3949,0,-.114E-5,0
FREGAT R/B,2015-074B,2026-09-22T16:43:10.791552,1.02892164,.01978919,8.3487,60.6691,1.7228,358.4744,0,U,41106,999,4051,0,.18E-6,0
CZ-3B DEB,2011-077AJ,2026-09-03T11:13:40.239840,1.69772271,.7280558,22.7700,343.6171,281.6941,11.6134,0,U,41119,999,7233,0,-.66E-6,0
COSMOS 2513,2015-075A,2026-09-23T12:22:30.153792,1.00271906,.00014776,0.0479,104.1484,106.5138,57.5948,0,U,41121,999,3953,0,-.14E-5,0
BREEZE-M R/B,2015-075B,2026-09-23T00:27:22.106304,1.04641090,.03402029,8.6932,57.5441,165.5815,195.5652,0,U,41122,999,4122,0,-.174E-5,0
EXPRESS-AMU1,2015-082A,2026-09-23T06:40:38.702208,1.00274950,.00026716,0.0229,246.6695,304.9208,306.8277,0,U,41191,999,3925,0,.154E-5,0
GAOFEN-4,2015-083A,2026-09-23T15:33:39.168864,1.00272720,.00032698,0.6039,83.1991,135.6772,122.7718,0,U,41194,999,3951,0,-.336E-5,0
BELINTERSAT-1,2016-001A,2026-09-23T13:35:28.922208,1.00271922,.00005623,0.0453,73.5451,34.3781,149.8603,0,U,41238,999,3922,0,.105E-5,0
IRNSS-1E,2016-003A,2026-09-22T20:13:08.367744,1.00271989,.00216643,33.4473,58.3394,180.9710,177.5152,0,U,41241,999,3905,0,-.276E-5,0
INTELSAT 29E (IS-29E),2016-004A,2026-09-23T07:06:06.260256,1.00619110,.00039959,6.7379,69.0810,130.2492,34.7626,0,U,41308,999,3926,0,-.315E-5,0
EUTELSAT 9B,2016-005A,2026-09-23T13:23:22.583328,1.00272135,.00026911,0.0545,66.4922,151.3553,354.4083,0,U,41310,999,3910,0,.6E-6,0
SES-9,2016-013A,2026-09-23T00:10:38.261856,1.00266695,.00017257,0.0155,167.7598,327.0815,337.9791,0,U,41380,999,3842,0,0,0
FALCON 9 R/B,2016-013B,2026-09-23T02:37:57.238464,2.05390314,.74176096,27.2638,219.6399,3.6662,359.4436,0,U,41381,999,7732,.16696018E-2,.587E-5,0
EUTELSAT 65 WEST A,2016-014A,2026-09-23T07:54:16.640064,1.00267838,.00024067,0.1023,296.4513,257.6595,221.4199,0,U,41382,999,3850,0,-.278E-5,0
IRNSS-1F,2016-015A,2026-09-23T01:31:45.822720,1.00254854,.00208469,5.5907,94.5241,173.8400,149.1561,0,U,41384,999,3864,0,.159E-5,0
BEIDOU-2 IGSO-6,2016-021A,2026-09-22T17:40:46.716384,1.00280821,.00619824,60.3689,37.0780,228.2485,98.0117,0,U,41434,999,3845,0,-.14E-5,0
IRNSS-1G,2016-027A,2026-09-23T10:36:32.615424,1.00276601,.00026572,5.4341,95.1884,43.2007,152.5163,0,U,41469,999,3816,0,-.332E-5,0
JCSAT-2B,2016-028A,2026-09-23T12:52:38.692416,1.00271039,.00010117,0.0191,154.0313,32.3791,163.1533,0,U,41471,999,3811,0,-.167E-5,0
BREEZE-M DEB,2015-075E,2026-09-22T10:52:06.646080,1.05680965,.03219394,8.6122,58.2838,177.9534,182.3274,0,U,41544,999,4126,0,-.185E-5,0
BREEZE-M DEB,2015-075H,2026-09-21T15:21:58.809600,1.03189971,.02692461,8.8715,60.6432,142.7815,219.2561,0,U,41547,999,4027,0,-.4E-6,0
BREEZE-M DEB,2015-075J,2026-09-22T12:32:14.188416,1.02194549,.03759569,8.9060,54.8086,139.2333,223.7856,0,U,41548,999,4026,0,-.142E-5,0
THAICOM 8,2016-031A,2026-09-23T13:43:12.260352,1.00268829,.00008095,0.0734,25.0902,92.4879,169.1220,0,U,41552,999,3770,0,-.122E-5,0
INTELSAT 31 (IS-31),2016-035A,2026-09-23T13:13:56.947584,1.00270379,.00018408,0.0147,213.0162,14.2949,238.5365,0,U,41581,999,3767,0,-.152E-5,0
BREEZE-M R/B,2016-035B,2026-09-23T06:49:59.827872,1.12667830,.79506006,30.6856,283.7368,166.6079,246.5125,0,U,41582,999,4234,0,.78E-6,0
DELTA 4 R/B,2016-036B,2026-09-22T17:05:54.093696,1.04080891,.02306462,5.5778,359.2469,254.7782,102.7265,0,U,41585,999,2674,0,-.22E-5,0
BEIDOU-2 G7,2016-037A,2026-09-23T13:52:18.886368,1.00270778,.00050565,1.9579,69.6707,353.0859,258.3360,0,U,41586,999,787,0,-.353E-5,0
ABS-2A (MONGOLSAT-1),2016-038A,2026-09-23T13:58:39.736704,1.00268833,.00017688,0.0214,174.5535,312.9055,159.3738,0,U,41588,999,3769,0,0,0
EUTELSAT 117 WEST B,2016-038B,2026-09-23T06:46:47.237952,1.00271758,.00001692,0.0397,14.2413,289.6776,42.9251,0,U,41589,999,3764,0,-.14E-6,0
FALCON 9 R/B,2016-038C,2026-09-22T17:33:55.967328,1.46156156,.79682592,23.0878,300.5620,347.8554,1.1051,0,U,41590,999,4749,.4450179E-3,.514E-5,0
BRISAT,2016-039A,2026-09-22T21:14:38.603328,1.00269143,.00021729,0.0207,191.5199,342.1811,297.1986,0,U,41591,999,3759,0,0,0
ECHOSTAR 18,2016-039B,2026-09-23T11:20:41.845920,1.00267628,.00016715,0.0259,168.3533,11.2760,291.5198,0,U,41592,999,3761,0,0,0
MUOS-5,2016-041A,2026-09-23T13:20:49.919712,1.00271678,.02042415,2.0041,303.9097,260.8577,252.8789,0,U,41622,999,3807,0,-.136E-5,0
TIANTONG-1 1,2016-048A,2026-09-23T16:27:09.029952,1.00268495,.00020263,4.0386,44.0369,94.2989,212.3813,0,U,41725,999,3725,0,-.315E-5,0
JCSAT-16,2016-050A,2026-09-22T20:55:27.192864,1.00271367,.0000724,0.0186,171.3470,9.0956,279.1220,0,U,41729,999,3705,0,-.253E-5,0
USA 270,2016-052A,2026-09-21T08:55:01.932096,1.00266895,.0008419,4.4378,75.9095,117.2798,67.0863,0,U,41744,999,2909,0,-.352E-5,0
INTELSAT 36 (IS-36),2016-053A,2026-09-23T03:24:35.004384,1.00268694,.00017575,0.0150,159.2526,191.9093,130.4816,0,U,41747,999,3694,0,0,0
INTELSAT 33E (IS-33E),2016-053B,2026-09-23T13:27:29.688192,1.00227342,.00239066,1.8220,82.7324,190.6697,314.2831,0,U,41748,999,3723,0,.132E-5,0
INSAT-3DR,2016-054A,2026-09-23T11:59:15.649152,1.00272242,.00118851,0.0550,93.2639,170.9011,352.0325,0,U,41752,999,3680,0,-.79E-6,0
GSAT-18,2016-060A,2026-09-23T13:58:39.793728,1.00271630,.00026373,0.0278,104.8566,17.9511,163.2597,0,U,41793,999,3651,0,-.78E-6,0
SKY MUSTER 2 (NBN1B),2016-060B,2026-09-23T13:11:30.443424,1.00270884,.00016515,0.0154,234.6971,300.5346,169.8640,0,U,41794,999,3650,0,-.246E-5,0
HIMAWARI-9,2016-064A,2026-09-23T13:17:49.753248,1.00268451,.00012686,0.0286,292.0023,272.0570,138.5518,0,U,41836,999,3619,0,-.277E-5,0
SHIJIAN-17 (SJ-17),2016-065A,2026-09-20T16:32:01.081824,0.99854585,.0001815,5.9888,71.4058,74.4184,197.4964,0,U,41838,999,3615,0,-.192E-5,0
YZ-2 R/B,2016-065C,2026-09-22T18:45:13.340160,0.93474073,.04614729,9.6277,65.4345,235.0512,120.6715,0,U,41840,999,3376,0,-.168E-5,0
GOES 16,2016-071A,2026-09-23T08:49:04.768320,1.00271719,.00018385,0.5757,84.2495,132.9051,172.6658,0,U,41866,999,3608,0,-.92E-6,0
TIANLIAN 1-04,2016-072A,2026-09-23T10:13:37.134336,1.00273325,.00470617,1.1152,81.9684,96.8975,153.6237,0,U,41869,999,3628,0,.3E-6,0
WGS F8 (USA 272),2016-075A,2026-09-22T20:45:26.928000,1.00270192,.00001716,0.0165,132.2682,210.7668,119.8612,0,U,41879,999,3580,0,-.205E-5,0
FENGYUN 4A,2016-077A,2026-09-23T13:55:56.038944,1.00270833,.00080605,2.5643,79.0262,165.9875,89.5121,0,U,41882,999,3591,0,-.358E-5,0
ECHOSTAR 19,2016-079A,2026-09-23T09:25:31.141056,1.00271595,.00015267,0.0204,160.3970,17.9334,228.2145,0,U,41893,999,3568,0,-.14E-5,0
JCSAT-110A (JCSAT-15),2016-082A,2026-09-23T10:26:54.504384,1.00271442,.00007149,0.0122,182.1819,357.7544,89.1728,0,U,41903,999,3574,0,-.353E-5,0
STAR ONE D1,2016-082B,2026-09-23T11:14:12.467904,1.00270567,.00022866,0.0188,235.1163,303.9303,267.8357,0,U,41904,999,3575,0,-.212E-5,0
TJS-2,2017-001A,2026-09-23T03:23:57.563808,1.00272707,.00017812,1.0779,83.7890,152.0908,243.6802,0,U,41911,999,3570,0,-.8E-7,0
YZ-1 R/B,2015-019C,2026-09-27T20:28:53.528448,0.27913181,.70203885,17.5776,80.5979,321.3159,358.3976,0,U,41929,999,1105,0,-.694E-5,0
SBIRS GEO-4 (USA 273),2017-004A,2026-09-22T23:33:41.802912,1.00273118,.00020373,2.4330,45.4770,120.8130,167.7894,0,U,41937,999,3557,0,-.166E-5,0
HISPASAT 36W-1,2017-006A,2026-09-23T09:45:20.989152,1.00272079,.00010251,0.0200,351.6335,187.9461,293.0344,0,U,41942,999,3523,0,-.246E-5,0
TELKOM 3S,2017-007A,2026-09-23T13:54:33.670368,1.00270680,.0002329,0.0223,242.4196,303.5493,143.1146,0,U,41944,999,3512,0,-.364E-5,0
INTELSAT 32E (IS-32E),2017-007B,2026-09-23T09:43:13.692576,1.00270023,.0000468,0.0143,230.0191,227.4279,7.4532,0,U,41945,999,3521,0,-.271E-5,0
ECHOSTAR 23,2017-014A,2026-09-23T13:24:25.943904,1.00269238,.00021142,0.0261,166.1914,21.3117,266.1192,0,U,42070,999,3490,0,0,0
WGS F9 (USA 275),2017-016A,2026-09-23T09:52:12.831168,1.00269479,.00003093,0.0210,177.1904,333.9532,347.1904,0,U,42075,999,3488,0,0,0
SES-10,2017-017A,2026-09-23T13:01:47.152704,1.00266137,.00027895,0.0170,138.5290,48.2031,304.2041,0,U,42432,999,3474,0,0,0
CZ-3B DEB,2010-042Z,2026-09-19T22:33:22.131072,1.81320872,.7509817,29.4712,228.1401,267.9182,13.5616,0,U,42458,999,7819,-.77895E-3,-.106E-5,0
CZ-3B DEB,2010-042AB,2026-09-20T20:06:56.596320,1.90345919,.75242293,30.2947,74.3527,143.7752,304.9598,0,U,42460,999,375,.39648813E-2,.727E-5,0
CZ-3B DEB,2010-042AE,2026-09-14T12:12:41.452704,1.93055583,.74621915,25.4626,345.7203,158.9375,354.4849,0,U,42463,999,322,.27155402E-2,-.3E-7,0
CZ-3B DEB,2010-042AF,2026-09-22T01:05:43.345248,1.82438603,.73558422,23.9032,249.9701,81.2262,348.4641,0,U,42464,999,8429,0,-.183E-5,0
CZ-3B DEB,2010-042AG,2026-09-15T14:58:37.713504,1.87572489,.74397265,24.6175,63.6641,53.7122,354.1478,0,U,42465,999,91,.87143489E-2,.6E-7,0
CZ-3B DEB,2011-077AL,2026-09-16T04:53:24.730080,1.89285810,.74689907,26.1307,285.4996,165.3177,243.3786,0,U,42471,999,3641,.29615144E-3,-.62E-6,0
CZ-3B DEB,2011-077AN,2026-09-22T03:45:28.927584,1.69257927,.72039946,23.5783,45.0659,135.4085,312.5787,0,U,42473,999,6473,0,-.26E-5,0
CZ-3B DEB,2011-077AP,2026-08-27T10:01:24.406176,1.66948938,.71845959,22.4632,75.4423,95.4748,342.7251,0,U,42474,999,7003,0,-.243E-5,0
CZ-3B DEB,2011-077AQ,2026-09-16T04:56:14.874144,1.91476373,.74251351,26.1383,280.0094,170.7526,220.8976,0,U,42475,999,3463,-.20025337E-2,-.12E-5,0
ARIANE 2 DEB,1989-006CM,2026-09-23T12:31:22.802880,2.17749336,.67328304,9.0975,20.7932,217.9094,130.5111,0,U,42485,999,10071,0,-.8E-6,0
CHINASAT 16 (SJ-13),2017-018A,2026-09-23T15:44:59.860032,1.00268530,.00070407,0.0813,90.6802,138.3840,120.2456,0,U,42662,999,3473,0,-.353E-5,0
KOREASAT 7,2017-023A,2026-09-23T14:48:42.555744,1.00270038,.00012746,0.0211,294.2815,275.6653,130.5978,0,U,42691,999,3435,0,-.363E-5,0
SGDC,2017-023B,2026-09-23T04:51:09.668736,1.00269209,.00024179,0.0163,173.9166,14.7045,171.3747,0,U,42692,999,3438,0,0,0
GSAT-9,2017-024A,2026-09-23T13:48:34.244640,1.00274413,.00027069,0.0465,93.7883,83.0139,130.1093,0,U,42695,999,3428,0,-.288E-5,0
INMARSAT 5-F4,2017-025A,2026-09-22T23:56:36.890880,1.00270736,.00005529,0.0248,165.3244,38.0482,214.1341,0,U,42698,999,3425,0,0,0
SES-15,2017-026A,2026-09-23T13:32:55.488768,1.00275423,.00008675,0.0424,327.3069,202.5047,266.6990,0,U,42709,999,841,0,.58E-6,0
COSMOS 2518 (EKS 2),2017-027A,2026-09-22T05:17:23.296992,2.00740372,.69203298,63.0161,236.9363,273.9274,16.1417,0,U,42719,999,6835,0,.117E-5,0
FREGAT R/B,2017-027B,2026-09-22T00:07:51.794112,2.01955563,.70490485,62.4635,219.8865,268.0678,17.2484,0,U,42720,999,6878,0,.1105E-4,0
QZS-2 (MICHIBIKI-2),2017-028A,2026-09-22T19:17:13.243200,1.00258685,.07490817,39.2878,241.7169,270.5554,279.7571,0,U,42738,999,860,0,-.16E-5,0
VIASAT-2,2017-029A,2026-09-23T03:09:38.717568,1.00271375,.00008053,0.0207,244.0940,255.1144,200.2757,0,U,42740,999,3417,0,-.267E-5,0
EUTELSAT 172B,2017-029B,2026-09-23T13:03:37.386144,1.00271284,.00002992,0.0208,150.4856,308.0521,271.7849,0,U,42741,999,3473,0,-.7E-7,0
GSAT-19,2017-031A,2026-09-23T06:14:38.676768,1.00270118,.00034073,0.0478,94.3888,33.5906,15.6750,0,U,42747,999,3413,0,.123E-5,0
ECHOSTAR 21,2017-032A,2026-09-23T06:38:38.484384,1.00270644,.00025414,1.7841,1.9119,183.4603,286.7192,0,U,42749,999,3408,0,.65E-6,0
ZHONGXING-9A,2017-035A,2026-09-23T10:29:46.728960,0.99786130,.00003486,5.2285,73.9582,291.7108,274.1152,0,U,42763,999,3463,0,-.329E-5,0
BULGARIASAT-1,2017-038A,2026-09-23T06:30:47.147328,1.00282773,.00036291,0.0134,123.1521,73.0354,265.5666,0,U,42801,999,3383,0,.11E-6,0
HELLAS-SAT 3,2017-040A,2026-09-23T13:31:59.257056,1.00271765,.00014608,0.0685,42.5258,63.6594,138.2363,0,U,42814,999,3379,0,.151E-5,0
GSAT-17,2017-040B,2026-09-23T13:55:17.889024,1.00271511,.00045063,0.0263,105.2631,143.1690,56.3393,0,U,42815,999,3377,0,-.259E-5,0
INTELSAT 35E (IS-35E),2017-041A,2026-09-23T09:45:43.453152,1.00268150,.00023101,0.0255,161.0968,33.5282,279.5600,0,U,42818,999,3380,0,0,0
FALCON 9 R/B,2017-041B,2026-09-22T13:55:00.887232,2.10492438,.74277723,25.2238,144.1120,137.0722,313.8513,0,U,42819,999,6542,.66089351E-3,.2734E-4,0
COSMOS 2520,2017-046A,2026-09-23T05:00:25.811712,1.00272171,.00007533,0.0276,119.4639,161.0331,201.6853,0,U,42907,999,3338,0,.135E-5,0
BREEZE-M R/B,2017-046C,2026-09-23T11:03:48.650400,0.90332522,.07618737,8.9730,67.1404,163.7637,199.0428,0,U,42909,999,3004,0,-.121E-5,0
TDRS 13,2017-047A,2026-09-23T09:52:20.318592,1.00271948,.00133891,3.4873,5.0559,123.4140,10.4935,0,U,42915,999,3333,0,-.98E-6,0
QZS-3 (MICHIBIKI-3),2017-048A,2026-09-23T13:57:03.430944,1.00269334,.00016047,0.0645,139.7534,25.3316,173.6627,0,U,42917,999,3324,0,-.349E-5,0
AMAZONAS 5,2017-053A,2026-09-23T13:03:24.497856,1.00273637,.00023958,0.0496,322.5252,257.8303,276.9004,0,U,42934,999,3303,0,-.284E-5,0
ASIASAT 9,2017-057A,2026-09-23T10:30:24.168672,1.00270811,.00025753,0.0094,194.0299,346.3059,101.6773,0,U,42942,999,3286,0,-.361E-5,0
INTELSAT 37E (IS-37E),2017-059A,2026-09-23T09:50:27.998592,1.00267847,.00028885,0.0252,172.4050,15.5155,303.9485,0,U,42950,999,3305,0,0,0
BSAT-4A,2017-059B,2026-09-23T12:41:33.387360,1.00268822,.00012776,0.0250,69.0063,40.0725,193.5270,0,U,42951,999,3278,0,0,0
QZS-4 (MICHIBIKI-4),2017-062A,2026-09-23T13:09:44.388288,1.00271871,.07508804,40.0438,342.2306,269.8360,88.3456,0,U,42965,999,3279,0,-.295E-5,0
SES-11 (ECHOSTAR 105),2017-063A,2026-09-23T13:25:41.429856,1.00272149,.00026242,0.0060,280.8735,246.0674,291.9579,0,U,42967,999,3271,0,-.91E-6,0
KOREASAT 5A,2017-067A,2026-09-23T13:53:11.301792,1.00272029,.00008383,0.0347,273.3555,296.9249,113.6164,0,U,42984,999,3251,0,-.36E-5,0
ALCOMSAT 1,2017-078A,2026-09-23T06:23:10.377312,1.00272684,.0002112,0.0529,62.5491,115.0527,255.5435,0,U,43039,999,3227,0,-.188E-5,0
ANGOSAT 1,2017-086A,2026-09-23T13:29:30.496992,0.99376629,.0020711,7.8200,66.0978,175.2631,208.7888,0,U,43087,999,3171,0,.64E-6,0
FREGAT R/B,2017-086B,2026-09-22T01:33:56.356704,0.98388695,.01264381,7.7789,65.2246,30.9381,329.9604,0,U,43088,999,3139,0,-.6E-7,0
SBIRS GEO-3 (USA 282),2018-009A,2026-09-23T12:40:06.528576,1.00272479,.0001967,2.2659,16.4320,167.0111,209.5836,0,U,43162,999,3183,0,.129E-5,0
AL YAH 3,2018-012A,2026-09-23T06:24:32.745024,1.00271384,.0003564,1.7973,81.7721,100.1850,256.2234,0,U,43174,999,3182,0,-.156E-5,0
SES-14,2018-012B,2026-09-23T11:24:41.464224,1.00270961,.00010722,0.0340,46.2008,126.8124,313.0048,0,U,43175,999,801,0,-.28E-5,0
ARIANE 5 R/B,2018-012C,2026-09-23T09:24:42.688800,2.04892210,.74656151,21.6074,296.9903,236.5028,30.1270,0,U,43176,999,6133,.14337991E-2,.308E-4,0
GOES 17,2018-022A,2026-09-23T12:08:10.544640,1.00272256,.00009449,1.1827,84.0408,133.3111,237.5825,0,U,43226,999,3141,0,-.184E-5,0
HISPASAT 30W-6,2018-023A,2026-09-23T08:04:23.170656,1.00272524,.00030899,0.0502,31.0355,118.5174,303.7478,0,U,43228,999,3139,0,-.218E-5,0
GSAT-6A,2018-027A,2026-09-23T13:45:49.509216,1.19317140,.13229267,3.4507,79.3117,117.1553,83.6089,0,U,43241,999,3703,0,-.151E-5,0
SUPERBIRD-B3,2018-033A,2026-09-23T14:08:31.155072,1.00271330,.00012527,0.0335,91.3281,78.8762,206.4009,0,U,43271,999,3104,0,-.93E-6,0
HYLAS 4,2018-033B,2026-09-23T11:28:26.105088,1.00272198,.00011962,0.0839,269.4104,289.9687,301.5723,0,U,43272,999,3105,0,-.235E-5,0
IRNSS-1I,2018-035A,2026-09-16T01:59:04.577568,1.00272519,.00206973,28.9650,72.7792,177.9945,189.1474,0,U,43286,999,3099,0,.81E-6,0
METEOSAT 3 AKM,1988-051G,2026-09-23T02:28:25.391424,0.99534568,.00571591,11.8372,329.4662,179.1022,180.9345,0,U,43333,999,4667,0,-.201E-5,0
USA 283,2018-036A,2026-09-20T10:42:56.550240,1.00269457,.000003,0.0150,145.2934,242.1536,266.7058,0,U,43339,999,2624,0,0,0
FENGYUN 2A DEB,1997-029D,2026-09-22T16:40:33.987648,1.00257689,.00495318,14.8535,356.1835,50.5280,309.9430,0,U,43355,999,4358,0,-.339E-5,0
FENGYUN 2F DEB,2012-002D,2026-09-19T20:22:21.078048,1.00234604,.0251064,9.3248,56.3736,307.3678,50.4565,0,U,43396,999,4371,0,-.408E-5,0
COSMOS 2526,2018-037A,2026-09-23T13:57:25.894944,1.00273574,.00007758,0.0184,122.6616,145.4443,71.7563,0,U,43432,999,3094,0,-.346E-5,0
BREEZE-M R/B,2018-037B,2026-09-17T23:42:14.719104,0.90513818,.06716732,8.4039,70.2238,30.6757,333.2130,0,U,43433,999,2804,0,-.15E-5,0
APSTAR-6C,2018-041A,2026-09-21T03:56:38.817888,1.00270670,.0001917,0.0515,317.9766,270.8896,324.3689,0,U,43450,999,3077,0,-.322E-5,0
TITAN 3C TRANSTAGE DEB,1969-013L,2026-09-21T12:11:31.826400,1.07388836,.08951626,1.7952,126.4489,7.2840,354.3579,0,U,43453,999,3307,0,-.129E-5,0
TITAN 3C TRANSTAGE DEB,1969-013M,2026-09-20T12:50:06.719136,1.02846131,.0543251,1.3379,115.2211,359.0519,1.4844,0,U,43454,999,3161,0,-.243E-5,0
TITAN 3C TRANSTAGE DEB,1969-013P,2026-09-22T05:31:36.624864,1.02671928,.07562822,2.2290,54.6005,73.9837,294.7340,0,U,43456,999,772,0,-.16E-6,0
BANGABANDHUSAT-1,2018-044A,2026-09-23T12:45:34.985088,1.00270186,.000253,0.0098,150.5228,42.5109,119.8486,0,U,43463,999,3069,0,-.364E-5,0
SES-12,2018-049A,2026-09-23T14:11:22.236576,1.00272076,.00018194,0.0315,51.0367,187.3796,71.8868,0,U,43488,999,3040,0,-.271E-5,0
FENGYUN 2H,2018-050A,2026-09-23T12:19:12.277056,1.00272002,.00025569,3.2765,77.8311,147.3022,41.3704,0,U,43491,999,3042,0,-.129E-5,0
FENGYUN 2H AKM,2018-050C,2026-09-22T23:58:38.485056,1.00049833,.00876717,5.1131,75.2525,328.7862,30.9713,0,U,43497,999,3028,0,-.24E-6,0
TITAN 3C TRANSTAGE DEB,1969-013S,2026-09-22T00:13:19.077312,0.97797723,.02140172,1.7532,64.5612,53.7686,308.9169,0,U,43514,999,87930,0,-.7E-7,0
TITAN 3C TRANSTAGE DEB,1969-013T,2026-08-29T18:51:29.581920,0.95443792,.0329603,1.9912,60.0111,146.7752,216.1539,0,U,43515,999,2892,0,-.184E-5,0
BEIDOU-2 IGSO-7,2018-057A,2026-09-22T11:08:29.736384,1.00274597,.01079608,55.2122,162.2284,236.4752,242.3661,0,U,43539,999,3010,0,-.146E-5,0
TELSTAR 19V,2018-059A,2026-09-23T09:37:36.730848,1.00270421,.00026255,0.0092,154.4628,27.2424,261.9552,0,U,43562,999,3012,0,-.282E-5,0
TELKOM 4 (MERAH PUTIH),2018-064A,2026-09-23T01:53:13.765056,1.00271765,.00013551,0.0233,244.7804,307.2550,306.2217,0,U,43587,999,2986,0,-.346E-5,0
TELSTAR 18V,2018-069A,2026-09-23T13:14:16.421280,1.00271300,.00020245,0.0240,252.3943,286.8887,159.7110,0,U,43611,999,2962,0,-.295E-5,0
AZERSPACE 2 (IS-38),2018-074A,2026-09-23T11:51:01.439424,1.00271759,.00010076,0.0151,114.0434,92.8890,18.2878,0,U,43632,999,2943,0,.135E-5,0
HORIZONS-3E,2018-074B,2026-09-23T10:17:05.663328,1.00272953,.00007846,0.0123,179.4891,353.4508,152.6458,0,U,43633,999,2932,0,-.32E-6,0
FENGYUN 2H DEB,2018-050D,2026-09-21T23:19:46.924896,1.00318881,.00571301,5.1385,74.8820,271.5056,88.0980,0,U,43645,999,2989,0,-.183E-5,0
FENGYUN 2G DEB,2014-090D,2026-09-18T01:12:30.373056,1.00252987,.02022272,7.7642,67.1043,291.1853,66.7838,0,U,43646,999,4263,0,.45E-6,0
AEHF-4 (USA 288),2018-079A,2026-09-23T13:01:47.152704,1.00275755,.00684284,1.4221,358.7702,359.3859,132.1383,0,U,43651,999,2928,0,-.276E-5,0
BEIDOU-3 G1,2018-085A,2026-09-23T12:38:51.491904,1.00272245,.00059424,2.6361,94.5936,22.3272,235.2616,0,U,43683,999,2904,0,-.108E-5,0
GSAT-29,2018-089A,2026-09-23T05:03:18.037152,1.00269292,.00023342,0.0265,256.1152,286.3287,310.5307,0,U,43698,999,2877,0,.83E-6,0
ES'HAIL 2,2018-090A,2026-09-22T20:21:01.219392,1.00270447,.00012226,0.0264,165.0094,17.8751,149.8479,0,U,43700,999,2865,0,0,0
GEO-KOMPSAT-2A,2018-100A,2026-09-23T08:49:26.350176,1.00263602,.00015694,0.0134,106.6252,22.6968,133.5066,0,U,43823,999,2861,0,0,0
GSAT-11,2018-100B,2026-09-23T13:58:39.721152,1.00272101,.0006334,0.0561,267.9509,213.8201,164.3380,0,U,43824,999,2846,0,-.79E-6,0
GSAT-7A,2018-105A,2026-09-22T23:57:39.505824,1.00268064,.00021615,0.0479,91.4045,93.6595,239.0182,0,U,43864,999,2842,0,.25E-6,0
COSMOS 2533,2018-107A,2026-09-23T12:14:32.015328,1.00273405,.00001333,0.0143,131.1186,54.6711,70.2195,0,U,43867,999,2843,0,-.41E-6,0
BREEZE-M R/B,2018-107B,2026-09-22T15:45:58.752864,0.90470082,.07293326,7.7046,72.6079,315.2357,39.2497,0,U,43868,999,2559,0,-.161E-5,0
TJS-3,2018-110A,2026-09-22T14:28:43.047264,1.00453969,.0004243,2.7879,79.2222,139.7369,172.3209,0,U,43874,999,2839,0,.3E-6,0
ZHONGXING-2D,2019-001A,2026-09-23T13:57:55.847232,1.00275153,.0001096,0.0278,356.9255,319.5890,25.4211,0,U,43920,999,5506,0,-.338E-5,0
ATLAS 5 CENTAUR DEB,2014-055N,2026-09-21T11:28:18.656544,1.81439104,.4996569,20.2187,128.2849,189.7782,154.8826,0,U,43959,999,5341,0,-.112E-5,0
ATLAS 5 CENTAUR DEB,2014-055P,2026-09-21T11:30:36.348768,1.81622312,.50133984,20.2726,128.7561,189.6997,154.9978,0,U,43960,999,5339,0,-.113E-5,0
ATLAS 5 CENTAUR DEB,2014-055W,2026-09-23T04:35:13.514496,1.82856884,.49888238,20.4159,124.8899,197.1095,136.9484,0,U,43967,999,5379,0,-.86E-6,0
ATLAS 5 CENTAUR DEB,2014-055X,2026-09-18T05:25:37.790112,1.83135441,.50043318,20.4411,122.8890,200.6564,128.5151,0,U,43968,999,5378,0,-.171E-5,0
ATLAS 5 CENTAUR DEB,2014-055AL,2026-08-28T22:53:25.232928,1.78788093,.5091447,20.1398,131.6342,179.9348,180.1533,0,U,43981,999,5208,0,-.84E-6,0
ATLAS 5 CENTAUR DEB,2014-055AM,2026-09-16T08:06:34.538400,1.75459211,.47186451,19.0413,184.1014,94.6655,318.6075,0,U,43982,999,5141,0,-.25E-6,0
ATLAS 5 CENTAUR DEB,2014-055AQ,2026-09-08T06:48:56.712672,1.76721536,.47636568,19.0725,166.4591,119.0230,296.5520,0,U,43985,999,1349,0,-.31E-6,0
ATLAS 5 CENTAUR DEB,2014-055BB,2026-09-22T05:28:49.952352,1.81740946,.48035015,19.8686,148.1072,157.2470,234.2345,0,U,43996,999,5279,0,-.55E-6,0
ATLAS 5 CENTAUR DEB,2014-055BD,2026-09-02T13:01:32.857824,1.83525620,.5050088,20.5227,124.0616,202.4464,123.9851,0,U,43998,999,5274,0,-.136E-5,0
ATLAS 5 CENTAUR DEB,2014-055BN,2026-09-21T11:22:30.886176,1.76252099,.4851411,19.1686,169.2069,119.6942,296.9627,0,U,44007,999,5133,0,-.14E-6,0
HELLAS-SAT 4 & SGS-1,2019-007A,2026-09-23T13:31:59.257056,1.00273423,.00062936,0.0623,130.2849,29.5676,84.5581,0,U,44034,999,2836,0,.151E-5,0
GSAT-31,2019-007B,2026-09-23T14:06:59.311008,1.00274539,.00042059,0.0191,106.3246,123.3709,32.3920,0,U,44035,999,2795,0,.123E-5,0
ATLAS 5 CENTAUR DEB,2014-055BY,2026-09-22T04:13:42.142944,1.76612812,.4647382,19.0234,181.3868,98.2949,315.0370,0,U,44038,999,5098,0,0,0
NUSANTARA SATU,2019-009A,2026-09-23T13:11:30.383808,1.00270958,.00045569,0.0240,145.4059,6.3754,194.5175,0,U,44048,999,2775,0,-.236E-5,0
ZHONGXING-6C,2019-012A,2026-09-23T13:16:29.185248,1.00272393,.00139825,0.0430,337.1360,87.5583,267.3020,0,U,44067,999,2772,0,-.336E-5,0
WGS 10 (USA 291),2019-014A,2026-09-23T15:10:36.623712,1.00272324,.00001017,0.0081,144.8442,309.9685,195.6427,0,U,44071,999,2760,0,.45E-6,0
TIANLIAN 2-01,2019-017A,2026-09-23T16:12:56.433888,1.00272037,.00034108,0.7862,82.4082,128.8506,111.5317,0,U,44076,999,2763,0,-.108E-5,0
ATLAS 5 CENTAUR DEB,2014-055CC,2026-09-21T04:04:17.495616,1.75840429,.47507507,19.1109,181.4531,99.8444,314.9587,0,U,44107,999,4822,0,-.5E-7,0
ARABSAT-6A,2019-021A,2026-09-23T06:39:01.357920,1.00271259,.00056015,0.0153,329.2744,285.8495,237.2724,0,U,44186,999,2714,0,0,0
BEIDOU-3 IGSO-1,2019-023A,2026-09-22T17:33:06.687360,1.00263658,.00279531,58.8347,36.6540,223.2993,123.3492,0,U,44204,999,818,0,-.194E-5,0
BEIDOU-2 G8,2019-027A,2026-09-23T13:10:50.655360,1.00269549,.00089678,1.9005,74.2608,277.9287,352.4526,0,U,44231,999,2706,0,-.247E-5,0
YAMAL 601,2019-031A,2026-09-23T15:17:25.725120,1.00272612,.0002435,0.0157,155.7808,21.8279,103.2490,0,U,44307,999,2691,0,.118E-5,0
AT&T T-16,2019-034A,2026-09-23T09:27:30.653856,1.00270644,.00005629,0.0160,113.0804,345.2186,304.9681,0,U,44333,999,2661,0,-.117E-5,0
EUTELSAT 7C,2019-034B,2026-09-23T06:32:17.004192,1.00273126,.00034359,0.0680,182.9714,342.6188,301.6254,0,U,44334,999,781,0,.47E-6,0
BEIDOU-3 IGSO-2,2019-035A,2026-09-22T10:15:02.922624,1.00270543,.00387123,55.2502,158.0086,210.6023,266.1690,0,U,44337,999,2664,0,-.151E-5,0
USA 142 DEB,1999-017H,2026-09-08T10:33:42.019488,2.27013003,.71796225,28.7393,199.4114,264.2755,17.6256,0,U,44436,999,5913,-.16784408E-3,.59E-6,0
MERIDIAN 8,2019-046A,2026-09-22T10:13:09.871680,2.00611690,.71001382,63.2117,38.0970,275.0685,14.5903,0,U,44453,999,5229,0,.187E-5,0
COSMOS 2539,2019-048A,2026-09-23T15:06:56.731392,1.00273377,.00003115,0.0164,130.7435,358.1771,112.3101,0,U,44457,999,2621,0,.8E-6,0
BREEZE-M R/B,2019-048B,2026-09-22T04:02:44.298528,0.90283776,.07440476,7.1610,71.7400,132.8065,233.9591,0,U,44458,999,2343,0,-.161E-5,0
EDRS-C,2019-049A,2026-09-23T11:53:12.469344,1.00271596,.00010492,0.0258,225.1000,316.0720,141.9943,0,U,44475,999,2619,0,-.263E-5,0
INTELSAT 39 (IS-39),2019-049B,2026-09-23T14:40:32.888064,1.00271669,.00008496,0.0181,214.8145,250.9046,178.8394,0,U,44476,999,2611,0,.32E-6,0
AMOS-17,2019-050A,2026-09-23T04:52:26.577696,1.00273148,.00015892,0.0421,9.8888,162.1568,280.1118,0,U,44479,999,2616,0,.107E-5,0
AEHF-5 (USA 292),2019-051A,2026-09-23T15:06:21.921696,1.00270297,.00289924,1.3889,344.3324,10.8438,326.9830,0,U,44481,999,2624,0,-.259E-5,0
COSMOS 2541 (EKS 3),2019-065A,2026-09-21T23:35:24.370944,2.00578129,.65097177,62.7092,147.9236,272.0498,20.2642,0,U,44552,999,5116,0,.111E-5,0
FREGAT R/B,2019-065B,2026-09-13T02:17:20.813856,2.01544382,.6761537,63.3334,144.2291,260.4991,23.2551,0,U,44553,999,5127,0,-.935E-5,0
ARIANE 44LP DEB,1992-060J,2026-09-15T04:57:26.174016,2.23367755,.71687688,7.1326,298.0834,100.7499,340.4757,0,U,44573,999,10155,.66398669E-3,-.79E-6,0
LUCH DEB,1994-082G,2026-09-14T22:25:09.188832,1.00688393,.00179798,14.5825,353.3014,117.1640,232.7678,0,U,44582,999,4714,0,.94E-6,0
SL-12 DEB,1999-027E,2026-09-23T02:41:46.608000,1.46034987,.31815071,7.4466,115.1707,171.1744,13.6654,0,U,44588,999,6848,0,-.57E-6,0
EUTELSAT 5 WEST B,2019-067A,2026-09-23T06:28:54.827328,1.00273250,.00032341,0.0684,340.1954,200.3886,273.7941,0,U,44624,999,2541,0,-.44E-6,0
MEV-1,2019-067B,2026-09-20T17:39:46.579392,1.00272705,.0004224,0.8053,267.9219,269.9045,242.9064,0,U,44625,999,6249,0,-.15E-5,0
BREEZE-M R/B,2019-067C,2026-09-22T18:52:31.789056,0.93850183,.64549883,24.4136,55.9805,21.2226,356.3416,0,U,44626,999,2201,0,-.45E-6,0
TJS-4,2019-070A,2026-09-23T15:27:17.279136,1.00273272,.00033969,0.0705,92.2668,160.3201,65.2758,0,U,44637,999,2552,0,-.172E-5,0
ATLAS 5 CENTAUR DEB,2018-079X,2026-09-22T15:40:56.519616,1.72652907,.46240467,13.1463,54.3674,273.5951,36.6201,0,U,44661,999,5028,0,-.123E-5,0
ATLAS 5 CENTAUR DEB,2018-079AB,2026-09-21T10:34:26.042016,1.68616955,.46223185,12.8630,66.5519,249.4965,56.1880,0,U,44665,999,4499,0,-.112E-5,0
ATLAS 5 CENTAUR DEB,2018-079AK,2026-09-23T12:03:23.661216,1.77545807,.47098803,13.4780,35.5020,311.1329,16.8249,0,U,44673,999,5161,0,-.146E-5,0
ATLAS 5 CENTAUR DEB,2018-079AR,2026-09-17T14:58:50.533536,1.79398705,.46926685,13.5366,31.3749,319.2401,13.7445,0,U,44679,999,4833,0,-.17E-5,0
ATLAS 5 CENTAUR DEB,2018-079AS,2026-09-21T11:23:01.998816,1.75587908,.46917316,13.4390,41.3158,298.3805,22.4065,0,U,44680,999,4715,0,-.152E-5,0
ATLAS 5 CENTAUR DEB,2018-079AX,2026-09-23T06:11:57.018048,1.69272467,.45281347,12.7780,67.8034,248.8263,58.0485,0,U,44685,999,4516,0,-.94E-6,0
ATLAS 5 CENTAUR DEB,2018-079AY,2026-09-01T21:11:32.995392,1.69097358,.46301751,12.7781,67.9238,249.3876,56.1618,0,U,44686,999,4487,0,-.121E-5,0
ATLAS 5 CENTAUR DEB,2018-079BE,2026-09-23T11:55:07.998240,1.71609830,.46099848,12.6673,68.3956,256.8011,49.5295,0,U,44692,999,4505,0,-.107E-5,0
ATLAS 5 CENTAUR DEB,2018-079BF,2026-09-21T20:41:59.593920,1.78456865,.46760806,13.6029,32.9366,314.2880,15.7277,0,U,44693,999,4860,0,-.156E-5,0
ATLAS 5 CENTAUR DEB,2018-079BG,2026-09-22T04:58:13.498752,1.77403927,.47127678,13.7286,31.3886,314.6396,15.4234,0,U,44694,999,4828,0,-.156E-5,0
BEIDOU-3 IGSO-3,2019-073A,2026-09-22T10:39:16.828128,1.00260570,.00467241,54.6380,279.8366,198.2760,161.6069,0,U,44709,999,2543,0,-.138E-5,0
TIBA-1,2019-080A,2026-09-23T11:48:16.702272,1.00271551,.00023084,0.0271,14.3272,174.0238,26.5347,0,U,44800,999,2503,0,0,0
INMARSAT GX5,2019-080B,2026-09-23T13:24:00.023040,1.00273391,.00020204,0.0108,334.4773,230.4194,9.5302,0,U,44801,999,777,0,0,0
ATLAS 5 CENTAUR DEB,2014-055CD,2026-09-17T21:27:25.392096,1.84917646,.4975491,20.5641,118.9529,208.4973,111.7314,0,U,44845,999,4614,0,-.176E-5,0
JCSAT-18 (KACIFIC 1),2019-091A,2026-09-22T21:14:38.603328,1.00278760,.00005785,0.0495,330.2373,290.0113,210.1878,0,U,44868,999,2499,0,-.202E-5,0
SHIJIAN-20 (SJ-20),2019-097A,2026-09-20T03:25:34.509792,1.00276741,.0002984,5.1562,73.8415,170.0024,206.9817,0,U,44910,999,2465,0,.145E-5,0
TJS-5,2020-002A,2026-09-20T21:27:38.454912,1.00270303,.000745,0.2333,83.0230,351.4185,354.7641,0,U,44978,999,2466,0,-.346E-5,0
GSAT-30,2020-005A,2026-09-23T00:03:23.955840,1.00272079,.00018631,0.0348,98.8741,42.0519,304.8022,0,U,45026,999,2448,0,-.167E-5,0
EUTELSAT KONNECT,2020-005B,2026-09-23T13:22:45.142752,1.00270905,.00019429,0.0635,98.7017,119.0523,352.5741,0,U,45027,999,2532,0,.48E-6,0
JCSAT-17,2020-013A,2026-09-22T16:48:20.604672,1.00270797,.00045334,5.3984,357.7594,183.1663,208.7127,0,U,45245,999,2421,0,-.316E-5,0
GEO-KOMPSAT-2B,2020-013B,2026-09-23T13:57:25.894944,1.00268708,.000166,0.0498,314.4091,280.2110,105.4300,0,U,45246,999,2426,0,-.346E-5,0
MERIDIAN 9,2020-015A,2026-09-23T04:04:13.541952,2.00617005,.68280366,65.5403,308.7056,276.2570,16.1591,0,U,45254,999,4825,0,.3E-7,0
FREGAT R/B,2020-015B,2026-09-23T03:32:29.209920,1.99760811,.68592507,65.6714,302.7061,277.2546,15.5809,0,U,45255,999,4811,0,.177E-5,0
BEIDOU-3 G2,2020-017A,2026-09-23T08:35:50.155296,1.00272131,.00022652,2.6031,48.5469,132.1034,30.6001,0,U,45344,999,2424,0,-.14E-5,0
AEHF-6 (USA 298),2020-022B,2026-09-23T13:14:22.962624,1.00266655,.00423512,2.3461,302.6450,10.3945,25.5998,0,U,45465,999,2400,0,-.304E-5,0
ATLAS 5 CENTAUR DEB,2018-079BV,2026-09-22T11:40:49.048320,1.70644141,.45316966,13.0773,61.5666,255.9013,51.2544,0,U,45473,999,4337,0,-.104E-5,0
COSMOS 2546 (EKS 4),2020-031A,2026-08-31T07:05:39.834816,2.00576418,.71153275,63.1638,56.8572,266.6524,17.3178,0,U,45608,999,4597,0,-.36E-5,0
FREGAT R/B,2020-031B,2026-09-20T20:02:05.218368,2.01437319,.7227483,63.4700,50.0065,258.4362,19.7115,0,U,45609,999,4658,0,-.1453E-4,0
BEIDOU-3 G3,2020-040A,2026-09-23T13:52:18.886368,1.00275013,.00029887,2.6831,67.3824,292.0118,321.6841,0,U,45807,999,2305,0,-.353E-5,0
APSTAR-6D,2020-045A,2026-09-23T08:51:11.182752,1.00272031,.00024434,0.0419,105.3763,340.7081,182.9878,0,U,45863,999,2284,0,-.319E-5,0
KOREASAT 116,2020-048A,2026-09-23T14:48:42.534144,1.00269283,.00013673,0.0340,269.0290,278.8570,152.9713,0,U,45920,999,2262,0,-.363E-5,0
EXPRESS 103,2020-053A,2026-09-23T16:24:15.110208,1.00273886,.00014638,0.0385,263.8600,190.4684,250.7856,0,U,45985,999,2263,0,-.282E-5,0
EXPRESS 80,2020-053B,2026-09-20T03:36:55.923264,1.00286177,.00646333,0.0271,170.2364,63.5597,259.7327,0,U,45986,999,2259,0,-.146E-5,0
BREEZE-M R/B,2020-053C,2026-09-22T17:52:56.652960,1.03580928,.43433865,7.7074,75.5791,84.3272,322.6002,0,U,45987,999,2325,0,-.203E-5,0
BSAT-4B,2020-056A,2026-09-23T12:41:33.388224,1.00273287,.00041555,0.0240,145.4564,10.0487,147.1081,0,U,46112,999,2237,0,-.352E-5,0
MEV-2,2020-056B,2026-09-23T06:30:02.219328,1.00272557,.00000934,0.0307,252.2696,13.1060,193.2756,0,U,46113,999,8164,0,-.13E-6,0
GALAXY 30 (G-30),2020-056C,2026-09-23T13:31:23.443392,1.00272975,.00023694,0.0201,144.1999,40.3237,255.7562,0,U,46114,999,2227,0,.35E-6,0
ATLAS 5 CENTAUR DEB,2018-079CA,2026-09-08T11:56:18.611232,1.79049432,.46723833,13.5966,32.3140,315.5819,15.1666,0,U,46602,999,4147,0,-.178E-5,0
ATLAS 5 CENTAUR DEB,2018-079CC,2026-09-23T06:17:35.454624,1.74543560,.45942903,13.5647,46.1281,284.2783,30.3745,0,U,46604,999,4361,0,-.122E-5,0
ATLAS 5 CENTAUR DEB,2018-079CG,2026-09-23T12:31:17.642208,1.79359162,.4674078,13.6133,30.4858,319.6215,13.6905,0,U,46608,999,3203,0,-.148E-5,0
GAOFEN-13 01,2020-071A,2026-09-23T12:45:34.981632,1.00270332,.00591306,0.1525,80.5183,121.4035,110.3352,0,U,46610,999,2190,0,-.364E-5,0
ATLAS 5 CENTAUR DEB,2018-079CK,2026-08-29T17:59:44.219040,1.69895561,.5059707,13.0050,13.9071,357.8342,0.4599,0,U,46657,999,3658,0,-.143E-5,0
ATLAS 5 CENTAUR DEB,2018-079CT,2026-09-21T14:39:03.626496,1.71551114,.45697504,13.5609,52.6378,268.3431,40.7996,0,U,46665,999,3729,0,-.12E-5,0
ATLAS 5 CENTAUR DEB,2018-079DB,2026-09-22T15:55:07.649472,1.71822285,.457117,12.5097,55.2293,279.5233,33.3436,0,U,46846,999,3697,0,-.133E-5,0
ATLAS 5 CENTAUR DEB,2018-079DC,2026-09-20T20:37:03.849312,1.77278639,.46946459,13.6718,34.0800,310.5353,17.1356,0,U,46847,999,3813,0,-.161E-5,0
ATLAS 5 CENTAUR DEB,2018-079DN,2026-09-23T06:07:47.106912,1.69098086,.46124001,12.7512,67.3268,249.9394,55.8886,0,U,46857,999,3638,0,-.96E-6,0
TIANTONG-1 2,2020-082A,2026-09-23T12:47:27.769056,1.00274635,.00006449,0.7040,343.7146,237.7841,97.6676,0,U,46916,999,2163,0,-.357E-5,0
ATLAS 5 CENTAUR DEB,2014-055DE,2026-09-19T00:56:18.907872,1.79155516,.48295758,19.5227,157.7925,139.2989,269.1509,0,U,47096,999,3880,0,-.5E-6,0
LUCAS (JDRS-1),2020-089A,2026-09-23T14:56:26.502144,1.00270185,.00021851,0.0381,261.5958,299.6874,116.1011,0,U,47202,999,2140,0,-.237E-5,0
SXM-7,2020-096A,2026-09-23T12:56:32.655840,1.00271613,.00044961,0.0204,129.2512,358.0078,344.1233,0,U,47240,999,843,0,-.207E-5,0
BREEZE-M DEB [TANK],2020-097B,2026-09-22T23:08:19.724352,2.20879440,.73195485,58.5715,87.5577,117.7456,332.3561,0,U,47243,999,4636,.15169665E-2,.2213E-4,0
CMS-01,2020-099A,2026-09-23T13:44:34.628064,1.00271264,.00052341,0.0653,90.5351,163.9277,37.1130,0,U,47256,999,2118,0,-.166E-5,0
TURKSAT 5A,2021-001A,2026-09-23T13:29:36.984768,1.00273183,.00000764,0.0158,111.3773,303.2560,181.1306,0,U,47306,999,2095,0,.153E-5,0
FALCON 9 R/B,2021-001B,2026-09-22T18:01:05.165472,1.65904786,.78214396,15.1311,158.3661,86.3257,350.1074,0,U,47307,999,3177,.8511107E-3,.9089E-4,-.824978E-6
TIANTONG-1 3,2021-003A,2026-09-23T13:44:04.675776,1.00273203,.00033074,1.6995,345.5820,207.4780,96.9310,0,U,47321,999,2094,0,-.157E-5,0
TJS-6,2021-010A,2026-09-23T14:11:47.018688,1.00273660,.00036386,0.0136,195.7194,347.8700,210.3137,0,U,47613,999,2079,0,.42E-6,0
SHIYAN-9 (SY-9),2021-019A,2026-09-23T11:50:21.539904,1.00267692,.00144985,16.3161,301.1623,20.5242,4.8802,0,U,47851,999,2512,0,-.23E-5,0
SL-6 DEB,1980-063E,2026-09-20T10:29:42.098784,2.11465873,.7087689,64.1180,330.9367,283.6683,12.2466,0,U,48261,999,9902,-.16438E-3,.381E-5,0
SL-6 DEB,1980-063F,2026-09-23T06:01:01.374240,2.05114564,.72095305,63.8189,348.6569,280.7066,13.4954,0,U,48262,999,9618,.72095903E-2,-.1083E-4,0
COSMOS 1367 DEB,1982-045E,2026-09-17T16:20:14.906976,2.06306711,.71764761,64.4674,38.6933,12.3936,358.4047,0,U,48266,999,4953,.60433696E-2,.549E-5,0
ARIANE 3 DEB,1984-081G,2026-09-20T05:51:33.749568,2.08061623,.7091073,6.2360,332.6496,60.7175,351.2188,0,U,48347,999,9762,0,-.147E-5,0
ARIANE 3 DEB,1984-081H,2026-09-23T02:34:24.697056,2.08297328,.715642,6.9970,210.2421,269.3759,15.9409,0,U,48348,999,9826,0,.207E-5,0
SBIRS GEO-5 (USA 315),2021-042A,2026-09-23T15:13:02.333856,1.00271725,.00020342,4.9886,329.8886,216.4277,138.2326,0,U,48618,999,1975,0,-.272E-5,0
FENGYUN 4B,2021-047A,2026-09-23T12:07:59.811168,1.00275322,.00081812,0.3941,80.9660,280.7566,287.3228,0,U,48808,999,1955,0,-.332E-5,0
SXM-8,2021-049A,2026-09-23T12:56:32.655840,1.00270934,.00056708,0.0368,40.6239,358.4743,72.3025,0,U,48838,999,1957,0,-.207E-5,0
TIANLIAN 1-05,2021-063A,2026-09-23T15:08:19.099104,1.00273695,.00038907,1.8398,79.6817,144.3356,22.4144,0,U,49011,999,1906,0,.108E-5,0
STAR ONE D2,2021-069A,2026-09-23T02:03:38.806848,1.00268413,.00026257,0.0263,168.8663,11.5818,142.3187,0,U,49055,999,1893,0,0,0
EUTELSAT QUANTUM,2021-069B,2026-09-23T14:06:59.367168,1.00270520,.00023592,0.0150,160.8647,24.8735,76.1464,0,U,49056,999,1891,0,0,0
ZHONGXING-2E,2021-071A,2026-09-23T12:31:49.211040,1.00270395,.00006543,0.0460,77.7206,167.1021,43.5853,0,U,49062,999,1902,0,-.293E-5,0
TJS-7,2021-077A,2026-09-23T15:12:27.624384,1.00273460,.00016833,0.1103,260.0397,102.5712,128.5446,0,U,49115,999,1053,0,-.126E-5,0
CHINASAT 9B,2021-080A,2026-09-23T16:28:20.767008,1.00269088,.0003496,0.0252,235.3838,311.8647,163.7712,0,U,49125,999,1863,0,-.313E-5,0
SHIYAN-10 01 (SY-10 01),2021-087A,2026-09-22T02:38:16.503072,2.00599474,.68830513,63.1354,209.1075,269.7073,18.0270,0,U,49258,999,3647,0,.655E-5,0
SHIJIAN-21 (SJ-21),2021-094A,2026-09-23T05:39:54.169632,1.00261961,.00538763,5.3394,60.5101,171.6786,342.5426,0,U,49330,999,634,0,-.347E-5,0
SES-17,2021-095A,2026-09-23T03:09:38.717568,1.00270670,.00016245,0.0399,29.6451,144.4883,168.1798,0,U,49332,999,1883,0,-.274E-5,0
SYRACUSE 4A,2021-095B,2026-09-23T13:33:51.577920,1.00269862,.00015809,0.0233,185.5572,354.3591,71.4694,0,U,49333,999,1893,0,0,0
QZS-1R (MICHIBIKI-1R),2021-096A,2026-09-22T19:12:52.030080,1.00285002,.07444492,37.6627,78.1405,270.0135,76.2507,0,U,49336,999,1798,0,-.21E-5,0
ATLAS 5 CENTAUR DEB,2018-079ER,2026-09-21T11:04:18.597504,1.76312272,.47576694,13.8352,30.4407,315.6572,14.8216,0,U,49340,999,3260,0,-.163E-5,0
ATLAS 5 CENTAUR DEB,2018-079ES,2026-09-15T10:08:51.736992,1.75090808,.46460665,13.7891,40.4949,293.5625,25.0408,0,U,49341,999,3228,0,-.163E-5,0
ATLAS 5 CENTAUR DEB,2018-079EU,2026-09-20T14:15:25.518240,1.74605658,.45601598,13.0618,53.5229,277.5045,34.6874,0,U,49343,999,3229,0,-.141E-5,0
ATLAS 5 CENTAUR DEB,2018-079FT,2026-08-26T13:16:20.881344,1.65053321,.5168275,14.4009,35.5861,298.3985,19.2357,0,U,49366,999,3053,0,-.188E-5,0
COSMOS 2552 (EKS 5),2021-113A,2026-09-22T03:26:29.608800,2.00583124,.64025726,62.8244,198.6797,272.3818,20.9817,0,U,49503,999,3534,0,-.135E-5,0
FREGAT R/B,2021-113B,2026-09-21T22:59:55.250304,2.01623162,.6473609,63.3444,198.3279,265.7322,23.4115,0,U,49504,999,3551,0,.1014E-4,0
ZHONGXING-1D,2021-114A,2026-09-23T13:57:55.847232,1.00274884,.00009367,0.0470,324.6718,292.6081,84.8186,0,U,49505,999,1780,0,-.337E-5,0
STPSAT-6,2021-118A,2026-09-23T05:58:20.258112,1.00272056,.00010522,0.5667,84.0875,202.7296,52.9529,0,U,49817,999,1755,0,-.46E-6,0
SATCOM 3 DEB,1979-101Z,2026-09-22T06:08:13.420032,1.81797574,.48010022,8.3608,93.0153,88.8924,323.7992,0,U,49955,999,8039,0,-.184E-5,0
SATCOM 3 DEB,1979-101AA,2026-09-19T02:08:11.909472,1.79252065,.50897811,8.1153,92.3276,85.8649,328.4527,0,U,49956,999,1568,0,-.168E-5,0
SATCOM 3 DEB,1979-101AD,2026-09-23T10:33:31.368960,1.80685110,.47959585,7.4640,112.6921,57.9754,62.2580,0,U,49959,999,8484,0,-.159E-5,0
TITAN 3C TRANSTAGE R/B,1970-027C,2026-09-23T08:57:15.616224,0.44285503,.68401217,46.3625,68.7481,203.1863,0.1227,0,U,50000,999,9160,0,.108E-5,0
EXPRESS AMU-7,2021-123A,2026-09-23T13:11:30.395040,1.00274110,.0000598,0.0388,260.5274,198.3348,246.4269,0,U,50001,999,1752,0,-.244E-5,0
EXPRESS AMU-3,2021-123B,2026-09-22T17:01:45.715296,1.00269854,.00003507,0.0321,246.6430,144.1623,329.2116,0,U,50002,999,801,0,-.324E-5,0
BREEZE-M R/B,2021-123C,2026-09-23T01:11:11.337792,1.07953063,.43946697,6.0702,84.1353,60.0841,336.8276,0,U,50003,999,1890,0,-.186E-5,0
TIANLIAN 2-02,2021-124A,2026-09-23T11:39:08.064000,1.00272608,.00038572,1.0477,84.4165,154.3570,109.3382,0,U,50005,999,1760,0,-.15E-6,0
TURKSAT 5B,2021-126A,2026-09-23T06:14:38.676768,1.00271903,.00019102,0.0772,334.5750,317.4101,205.7910,0,U,50212,999,1728,0,.144E-5,0
INMARSAT 6-F1,2021-128A,2026-09-23T08:36:50.059872,1.00268043,.00001402,0.0244,160.9059,353.9368,60.3609,0,U,50319,999,1724,0,0,0
SHIYAN-12 01 (SY-12 01),2021-129A,2026-09-22T18:19:51.364416,1.00480482,.0001871,3.9186,78.5275,172.6079,72.7390,0,U,50321,999,1747,0,.102E-5,0
SHIYAN-12 02 (SY-12 02),2021-129B,2026-09-22T17:06:54.642816,1.00441216,.0004103,3.9167,78.5211,98.4072,238.5663,0,U,50322,999,1747,0,-.1E-5,0
TJS-9,2021-135A,2026-09-23T13:49:38.624736,1.00273275,.00052491,0.0312,106.1391,232.0330,8.9143,0,U,50574,999,1741,0,-.3E-5,0
GOES 18,2022-021A,2026-09-23T12:28:26.859648,1.00272140,.00003557,0.0446,342.8132,248.2021,181.4790,0,U,51850,999,757,0,.95E-6,0
MERIDIAN 10,2022-030A,2026-09-23T04:07:22.096128,2.00592847,.6812281,62.6804,130.1594,272.8148,17.4823,0,U,52145,999,3299,0,.156E-5,0
FREGAT R/B,2022-030B,2026-09-20T14:34:45.026112,2.00097384,.68956263,62.6917,124.1312,274.7057,16.1549,0,U,52146,999,3292,0,-.587E-5,0
ZHONGXING-6D,2022-038A,2026-09-22T15:33:37.916928,1.00274034,.00026495,0.0131,187.1102,37.9248,134.9585,0,U,52255,999,1640,0,-.356E-5,0
NILESAT 301,2022-061A,2026-09-23T04:45:42.223968,1.00268911,.00013734,0.0246,30.4635,149.3455,246.6282,0,U,52817,999,1571,0,0,0
FALCON 9 R/B,2022-061B,2026-09-23T02:55:30.403488,1.82320734,.76331884,18.7851,304.2065,306.6154,5.2833,0,U,52818,999,2811,.49803333E-3,.334E-5,0
CMS-02 (GSAT-24),2022-067A,2026-09-23T12:25:09.604992,1.00271155,.00023006,0.0198,155.5263,107.0072,9.1360,0,U,52903,999,1559,0,-.166E-5,0
MEASAT 3D,2022-067B,2026-09-23T14:47:11.413248,1.00273909,.00016684,0.0493,340.6812,257.9202,77.1760,0,U,52904,999,1563,0,-.244E-5,0
SES-22,2022-071A,2026-09-23T13:38:54.878208,1.00272575,.00010733,0.0225,257.5498,269.3654,261.2386,0,U,52933,999,850,0,.103E-5,0
WFOV (USA 332),2022-073A,2026-09-23T10:29:31.752384,1.00273601,.00023935,3.9553,77.2123,163.7158,38.0694,0,U,52940,999,1535,0,-.361E-5,0
TIANLIAN 2-03,2022-078A,2026-09-23T08:15:59.558112,1.00272107,.00017853,0.9162,77.7962,151.4668,267.5051,0,U,53100,999,1553,0,.71E-6,0
SBIRS GEO-6 (USA 336),2022-092A,2026-09-23T13:13:43.297248,1.00271860,.00019841,3.1034,319.2354,219.2751,161.3330,0,U,53355,999,1522,0,-.295E-5,0
EUTELSAT KONNECT VHTS,2022-110A,2026-09-23T03:05:44.310912,1.00270214,.00027329,0.0549,104.7839,48.5510,257.8351,0,U,53765,999,781,0,.15E-6,0
ARIANE 5 R/B,2022-110B,2026-09-22T17:19:18.634944,1.86003452,.76397176,4.1745,154.8797,155.6110,278.7960,0,U,53766,999,1339,.91984579E-3,.5069E-4,0
ZHONGXING-1E,2022-112A,2026-09-23T16:15:42.329664,1.00272410,.00030383,0.0470,331.2045,293.9893,62.7089,0,U,53813,999,1483,0,-.151E-5,0
SES-20,2022-123A,2026-09-23T04:18:14.856768,1.00272362,.00019211,0.0299,88.8143,27.7264,206.9743,0,U,53960,999,1451,0,-.103E-5,0
SES-21,2022-123B,2026-09-22T17:54:29.545056,1.00271023,.00010178,0.0358,62.3483,118.3652,318.5230,0,U,53961,999,819,0,.67E-6,0
GALAXY 33 (G-33),2022-128A,2026-09-23T13:39:01.243296,1.00271595,.00020096,0.0195,164.6262,19.4906,250.0660,0,U,54026,999,1472,0,0,0
GALAXY 34 (G-34),2022-128B,2026-09-23T00:46:25.040928,1.00273292,.00017299,0.0220,185.0177,7.7934,51.6973,0,U,54027,999,1489,0,0,0
ANGOSAT 2,2022-131A,2026-09-23T13:27:22.199904,1.00271147,.00017972,0.0263,165.3059,86.3815,335.5609,0,U,54033,999,1446,0,0,0
EUTELSAT HOTBIRD 13F,2022-134A,2026-09-23T06:38:38.484384,1.00272455,.00018795,0.0691,286.7100,80.4740,107.6273,0,U,54048,999,1436,0,.85E-6,0
FALCON 9 R/B,2022-134B,2026-09-21T05:18:13.970592,1.35655100,.80058774,27.7049,9.9273,301.1569,4.9601,0,U,54049,999,1941,-.23056349E-4,-.215E-5,0
COSMOS 2563 (EKS 6),2022-145A,2026-09-15T09:43:57.917280,2.00620956,.69981795,63.1669,269.3421,269.9558,16.9194,0,U,54223,999,2837,0,-.1037E-4,0
FREGAT R/B,2022-145B,2026-09-08T23:11:04.229088,2.02042054,.70132411,63.5520,269.7665,265.5312,18.5295,0,U,54224,999,2842,0,-.1202E-4,0
EUTELSAT HOTBIRD 13G,2022-146A,2026-09-23T06:38:38.484384,1.00272250,.00021754,0.0564,240.7603,292.9116,301.1457,0,U,54225,999,844,0,.85E-6,0
FALCON 9 R/B,2022-146B,2026-09-22T11:08:59.668800,1.39827765,.79789641,27.1056,31.1765,296.1546,5.5607,0,U,54226,999,1906,-.51539905E-4,-.268E-5,0
ZHONGXING-19,2022-148A,2026-09-23T14:37:07.453056,1.00270728,.00049123,0.0591,261.3965,283.6380,199.8936,0,U,54230,999,1436,0,-.83E-6,0
GALAXY 31 (G-31),2022-153A,2026-09-23T13:28:55.652736,1.00272102,.00013584,0.0131,172.7530,3.3860,267.5157,0,U,54243,999,811,0,.12E-6,0
GALAXY 32 (G-32),2022-153B,2026-09-23T12:06:37.717344,1.00269882,.00001338,0.0174,175.1174,75.2699,202.6278,0,U,54244,999,1412,0,0,0
EUTELSAT 10B,2022-157A,2026-09-23T06:33:09.419616,1.00271915,.00014299,0.0555,101.4657,2.5341,6.4172,0,U,54259,999,1401,0,.66E-6,0
FALCON 9 R/B,2022-157B,2026-09-23T07:04:32.098080,1.71770359,.77437612,21.7036,313.6929,62.6594,353.7623,0,U,54260,999,2106,.18052881E-2,.215E-4,0
GALAXY 35 (G-35),2022-170A,2026-09-23T10:44:22.608960,1.00272563,.00020408,0.0133,171.0553,4.8489,254.4053,0,U,54741,999,1387,0,-.164E-5,0
GALAXY 36 (G-36),2022-170B,2026-09-23T12:55:32.752128,1.00272146,.00020632,0.0211,207.4969,281.0129,338.7844,0,U,54742,999,1377,0,-.187E-5,0
METEOSAT-12 (MTG-I1),2022-170C,2026-09-23T08:12:52.356960,1.00273526,.00036751,0.7405,20.4682,94.3809,10.1262,0,U,54743,999,1396,0,-.9E-7,0
SHIYAN-10 02 (SY-10 02),2022-178A,2026-09-13T21:08:35.767392,2.00653885,.69048563,64.0134,310.3824,267.6534,18.6662,0,U,54878,999,1833,0,.837E-5,0
SHIJIAN-23 (SJ-23),2023-002A,2026-09-22T18:19:46.494048,1.00024696,.0002989,3.9608,77.0262,227.7632,43.8318,0,U,55131,999,1348,0,-.7E-7,0
APSTAR-6E,2023-005A,2026-09-23T15:41:45.891168,1.00267669,.0004039,0.0426,245.3282,328.0443,158.5812,0,U,55239,999,1968,0,-.319E-5,0
USA 342,2023-008A,2026-09-20T11:53:57.238368,1.00270138,.0000354,0.0101,169.1490,72.5997,320.0533,0,U,55263,999,1347,0,0,0
ELEKTRO-L 4,2023-016A,2026-09-23T12:47:24.256896,1.00270718,.00022263,0.0721,60.5664,136.2974,163.1458,0,U,55506,999,1331,0,-.6E-6,0
AMAZONAS NEXUS,2023-017A,2026-09-23T09:38:14.171424,1.00270253,.00025492,0.0541,22.0254,117.6273,306.1813,0,U,55508,999,802,0,-.284E-5,0
INMARSAT 6-F2,2023-022A,2026-09-23T11:58:23.232000,1.00962112,.30807529,5.7756,36.8776,216.6703,357.6373,0,U,55683,999,1154,0,-.155E-5,0
ZHONGXING-26,2023-023A,2026-09-23T16:44:13.719264,1.00257851,.0001898,0.0573,67.1295,54.6382,256.9465,0,U,55686,999,1321,0,-.355E-5,0
LUCH-5X (OLYMP-K 2),2023-031A,2026-09-22T05:08:10.006080,1.00266464,.0001105,0.0192,113.6904,14.3402,12.0665,0,U,55841,999,1291,0,.31E-6,0
BREEZE-M R/B,2023-031B,2026-09-22T23:01:47.308512,0.98958871,.00669534,3.0800,78.3496,13.5759,347.0687,0,U,55842,999,1274,0,-.19E-6,0
ATLAS 5 CENTAUR DEB,2018-079HC,2026-09-13T02:06:28.840320,1.79140991,.49003834,13.7574,19.4540,343.8695,4.7874,0,U,55850,999,2657,0,-.174E-5,0
GAOFEN-13 02,2023-036A,2026-09-23T13:08:58.065792,1.00274897,.00033014,1.0126,13.2168,303.2177,31.4095,0,U,55912,999,1307,0,-.219E-5,0
SES-18,2023-038A,2026-09-23T13:18:57.140064,1.00272632,.00025063,0.0465,272.3047,313.4902,233.2692,0,U,55970,999,1308,0,-.103E-5,0
SES-19,2023-038B,2026-09-23T13:35:54.987360,1.00273537,.00017037,0.0321,279.8208,255.6542,256.0446,0,U,55971,999,1307,0,.86E-6,0
INTELSAT 40E (IS-40E),2023-052A,2026-09-23T00:56:26.709792,1.00271522,.00026635,0.0105,174.5371,10.9684,99.5155,0,U,56174,999,1280,0,-.177E-5,0
VIASAT-3 F1,2023-060A,2026-09-22T11:23:16.073376,1.00271751,.00006385,0.0190,217.4642,319.7275,266.0622,0,U,56370,999,1240,0,-.189E-5,0
ARCTURUS,2023-060B,2026-09-23T12:46:08.167008,1.00273031,.00008598,3.0212,78.6541,199.4445,35.5918,0,U,56371,999,1244,0,-.361E-5,0
GS-1,2023-060C,2026-09-22T20:51:48.086784,1.00249026,.00030568,2.9707,78.5849,263.8023,58.0184,0,U,56372,999,851,0,-.186E-5,0
BEIDOU-3 G4,2023-066A,2026-09-23T15:43:23.236320,1.00267135,.00054807,0.4419,0.0518,198.3570,179.9053,0,U,56564,999,1237,0,-.283E-5,0
ARABSAT-7B (BADR-8),2023-075A,2026-09-22T20:21:01.207296,1.00272564,.00015798,0.0764,21.5520,354.4497,316.9907,0,U,56757,999,1209,0,.142E-5,0
NVS-01 (IRNSS-1J),2023-076A,2026-09-23T13:18:28.675584,1.00271993,.00060268,1.9428,239.7845,1.3931,90.4286,0,U,56759,999,1210,0,-.341E-5,0
NUSANTARA TIGA (SATRIA),2023-086A,2026-09-23T13:11:30.397632,1.00267412,.00031516,0.0141,25.2881,261.2360,59.7508,0,U,57045,999,1074,0,0,0
FALCON 9 R/B,2023-086B,2026-09-22T15:29:20.666976,1.46547145,.78610227,26.0874,191.9959,212.5860,55.4597,0,U,57046,999,1707,.41907413E-2,.17E-6,0
H2SAT (HEINRICH HERTZ),2023-093A,2026-09-22T23:49:37.245216,1.00269154,.00001154,0.0180,74.2548,18.6482,267.0984,0,U,57213,999,1189,0,0,0
SYRACUSE 4B,2023-093B,2026-09-22T00:22:11.658144,1.00270264,.00002787,0.0214,185.3842,76.6449,97.9678,0,U,57214,999,794,0,0,0
JUPITER 3 (ECHOSTAR 24),2023-108A,2026-09-23T06:12:24.709248,1.00268844,.00009854,0.0226,156.3703,29.1850,174.4436,0,U,57479,999,1163,0,0,0
GALAXY 37 (G-37),2023-112A,2026-09-23T13:31:55.617024,1.00272703,.00020684,0.0175,237.6205,311.4802,249.3115,0,U,57493,999,1152,0,.46E-6,0
ATLAS 5 CENTAUR DEB,2018-079HW,2026-09-22T19:15:21.498624,1.69236279,.46414208,12.8450,65.4579,253.8170,51.8374,0,U,57595,999,2992,0,-.105E-5,0
LUDI TANCE-4 01A,2023-120A,2026-09-23T16:23:32.623872,1.00274971,.00036595,15.0424,191.5529,44.4096,102.0614,0,U,57624,999,1153,0,-.2E-5,0
TJS-10,2023-169A,2026-09-22T18:21:33.591168,1.00272761,.0004359,2.7879,79.2270,132.6416,157.6046,0,U,58204,999,1051,0,-.25E-5,0
ZHONGXING-6E,2023-172A,2026-09-23T14:48:42.535008,1.00273594,.00024761,0.0336,244.6348,295.0431,160.5069,0,U,58253,999,1064,0,-.363E-5,0
YAOGAN-41,2023-197A,2026-09-23T13:55:56.038944,1.00269925,.00137201,2.9602,314.8371,212.2525,167.5059,0,U,58582,999,1031,0,-.366E-5,0
OVZON-3,2024-003A,2026-09-23T11:55:16.031712,1.00273761,.00005846,0.0124,189.1209,269.0482,142.7297,0,U,58698,999,843,0,.49E-6,0
FALCON 9 R/B,2024-003B,2026-09-23T12:26:49.109280,1.74600551,.76957781,27.1681,29.8277,262.0929,14.1276,0,U,58699,999,1692,.23140558E-3,.105E-5,0
INSAT-3DS,2024-033A,2026-09-23T14:01:42.221280,1.00272199,.0001388,0.0100,202.2243,343.3470,109.3943,0,U,58990,999,4805,0,-.158E-5,0
MERAH PUTIH 2,2024-035A,2026-09-23T12:42:26.551008,1.00271054,.00008005,0.0224,243.0409,310.1784,112.7426,0,U,58995,999,957,0,-.359E-5,0
FALCON 9 R/B,2024-035B,2026-09-23T05:50:16.558944,1.40605040,.79921675,20.9450,71.9047,201.7033,81.1088,0,U,58996,999,1319,.22727306E-3,.108E-5,0
TJS-11,2024-037A,2026-09-20T20:59:15.582624,1.00275781,.0002154,4.0818,328.3228,277.8967,180.8792,0,U,59020,999,954,0,-.367E-5,0
HULIANWAN GAOGUI-01 (HG-01),2024-040A,2026-09-23T06:39:53.774208,1.00271203,.00018212,0.0938,340.6271,41.2546,113.8456,0,U,59069,999,831,0,.154E-5,0
EUTELSAT 36D,2024-059A,2026-09-23T04:57:56.052000,1.00271926,.00000721,0.0159,178.3805,259.7902,34.2532,0,U,59346,999,913,0,.154E-5,0
PAKSAT-MM1,2024-104A,2026-09-23T06:14:38.676768,1.00275147,.00023086,0.0228,201.9804,339.6070,312.4026,0,U,59915,999,851,0,.152E-5,0
TITAN 3C TRANSTAGE DEB,1968-081AL,2026-09-23T08:22:32.485440,1.02049359,.00817091,2.4196,58.1643,234.5696,125.1972,0,U,59978,999,3081,0,-.167E-5,0
HIMAWARI 1 AKM,1977-065GQ,2026-09-22T22:16:31.226880,1.01122870,.02751962,3.9578,271.9311,126.5973,235.6573,0,U,59985,999,4743,0,-.324E-5,0
EKRAN 2 DEB,1977-092M,2026-09-23T12:19:12.269280,1.00943420,.0037459,3.5295,269.2837,121.7757,236.5269,0,U,59986,999,4751,0,-.27E-5,0
EKRAN 2 DEB,1977-092N,2026-09-22T23:50:32.688096,1.00187736,.00135892,3.8801,272.5605,234.4380,250.5641,0,U,59987,999,6409,0,.146E-5,0
OPS 9442 (DSCS 2-12) DEB,1978-113E,2026-09-15T22:24:22.715136,0.98457747,.016864,7.9770,301.7692,89.4703,272.3918,0,U,59989,999,4611,0,-.321E-5,0
OPS 9442 (DSCS 2-12) DEB,1978-113F,2026-09-22T12:02:00.642048,0.98219310,.01491557,8.1895,301.6776,128.5526,259.3694,0,U,59990,999,4605,0,-.328E-5,0
OPS 9442 (DSCS 2-12) DEB,1978-113G,2026-09-22T21:12:08.085888,0.98450320,.01541717,7.9131,302.6845,146.6160,318.4777,0,U,59991,999,4515,0,-.67E-6,0
OPS 9442 (DSCS 2-12) DEB,1978-113H,2026-09-22T03:02:23.218368,0.98334637,.02195598,8.1425,302.2258,111.0785,302.6493,0,U,59992,999,5984,0,-.259E-5,0
ASTRA 1P (SES-24),2024-115A,2026-09-23T03:10:28.856352,1.00271635,.00021713,0.0620,349.1241,239.5947,200.1115,0,U,60086,999,817,0,.118E-5,0
FALCON 9 R/B,2024-115B,2026-09-19T11:51:26.919648,1.44184565,.7926884,26.4969,253.1606,97.2995,348.3181,0,U,60087,999,1181,-.45035738E-2,-.668E-5,0
GOES 19,2024-119A,2026-09-23T11:16:49.716768,1.00272515,.00003854,0.0204,352.1787,258.5149,205.6644,0,U,60133,999,795,0,-.25E-5,0
ZHONGXING-3A,2024-122A,2026-09-21T15:38:30.318720,1.00268125,.0002435,0.0158,357.1942,219.6941,119.8453,0,U,60179,999,827,0,-.317E-5,0
TURKSAT 6A,2024-127A,2026-09-22T23:35:26.505024,1.00271682,.00045831,0.0292,214.0990,344.7964,198.7856,0,U,60233,999,799,0,.144E-5,0
FALCON 9 R/B,2024-127B,2026-09-06T07:38:43.522656,1.03948158,.8345651,27.7334,357.6593,11.6090,359.0488,0,U,60234,999,793,.48703E-3,-.47E-5,0
YZ-1S R/B,2024-048E,2026-09-25T20:47:10.106016,0.47335570,.89229703,15.3813,292.0587,261.8273,359.1279,0,U,60326,999,420,.1658698E-2,-.1373E-4,0
HULIANWAN GAOGUI-02 (HG-02),2024-135A,2026-09-23T12:52:38.692416,1.00273219,.00043126,0.0662,349.4746,3.3312,355.8372,0,U,60327,999,847,0,-.175E-5,0
ASBM-1,2024-143A,2026-09-21T05:22:52.896576,1.50427306,.56445619,62.9327,41.6965,269.4461,29.3625,0,U,60422,999,1306,0,-.16E-6,0
ASBM-2,2024-143B,2026-09-15T13:47:03.350976,1.50425879,.56406868,62.8936,41.9938,269.4595,29.3828,0,U,60423,999,1296,0,-.72E-6,0
ZHONGXING-4A,2024-151A,2026-09-23T00:13:22.999008,1.00269218,.00010516,1.0699,269.9494,12.7749,200.7171,0,U,60606,999,773,0,-.366E-5,0
HULIANWAN GAOGUI-03 (HG-03),2024-181A,2026-09-23T12:58:54.928992,1.00269824,.00009477,0.0726,354.3643,105.5144,20.1335,0,U,61503,999,781,0,-.243E-5,0
DSN-3 (KIRAMEKI-3),2024-198A,2026-09-23T13:10:57.514656,1.00270375,.00012773,0.0220,204.2886,323.6101,176.3113,0,U,61733,999,690,0,-.252E-5,0
KOREASAT 6A,2024-206A,2026-09-23T12:44:32.574048,1.00270598,.00007989,0.0150,205.5865,328.9232,135.0556,0,U,61910,999,682,0,-.363E-5,0
INTELSAT 33E DEB,2016-053E,2026-09-22T02:30:03.417408,0.99835661,.00479048,1.9730,90.3998,110.9466,250.2426,0,U,61988,999,700,0,.129E-5,0
INTELSAT 33E DEB,2016-053F,2026-09-22T23:06:28.396224,0.98024105,.08556374,2.7847,107.3009,96.6830,273.6599,0,U,61989,999,680,0,-.25E-5,0
INTELSAT 33E DEB,2016-053G,2026-09-22T05:21:27.389952,1.01392478,.01011759,1.7022,75.1166,343.9173,16.5198,0,U,61990,999,713,0,.22E-6,0
INTELSAT 33E DEB,2016-053H,2026-09-22T14:54:26.441568,1.02043373,.01160799,1.9074,89.0757,260.2462,99.1476,0,U,61991,999,718,0,-.97E-6,0
INTELSAT 33E DEB,2016-053J,2026-09-22T08:39:16.429248,1.00799049,.0034423,1.8047,82.4316,311.8492,48.5996,0,U,61992,999,709,0,-.24E-5,0
INTELSAT 33E DEB,2016-053K,2026-09-23T11:43:42.129984,1.01204740,.00828295,1.7118,75.2823,319.1328,41.0747,0,U,61993,999,713,0,-.21E-5,0
INTELSAT 33E DEB,2016-053L,2026-09-22T09:53:39.018624,1.00510100,.00248196,1.8311,83.6865,214.9804,145.5991,0,U,61994,999,707,0,-.285E-5,0
INTELSAT 33E DEB,2016-053M,2026-09-22T16:01:52.867200,1.01035854,.00525454,1.7873,81.4265,287.7230,72.4691,0,U,61995,999,711,0,.104E-5,0
INTELSAT 33E DEB,2016-053N,2026-09-22T16:21:24.369120,1.00595514,.00424225,1.6636,68.6699,343.6923,16.9724,0,U,61996,999,708,0,.102E-5,0
INTELSAT 33E DEB,2016-053P,2026-09-22T15:10:18.032160,1.01612802,.00913911,1.8130,83.7098,274.0573,85.6460,0,U,61997,999,715,0,-.28E-6,0
INTELSAT 33E DEB,2016-053Q,2026-09-23T01:36:14.959584,1.00439746,.00147287,1.8047,81.7719,27.7097,333.1568,0,U,61998,999,708,0,.43E-6,0
INTELSAT 33E DEB,2016-053R,2026-09-23T04:24:14.282496,0.99260549,.01154755,1.7561,76.3575,39.3940,322.2501,0,U,61999,999,699,0,-.91E-6,0
INTELSAT 33E DEB,2016-053S,2026-09-17T23:37:09.366816,1.00108024,.0035554,1.9412,89.4437,352.5209,7.9940,0,U,62000,999,701,0,-.271E-5,0
INTELSAT 33E DEB,2016-053T,2026-09-22T02:18:48.604032,1.00272217,.00521363,1.6614,67.5671,357.8615,2.8835,0,U,62001,999,705,0,.152E-5,0
INTELSAT 33E DEB,2016-053V,2026-09-22T22:39:23.751360,1.00443321,.00106092,1.8699,85.8231,204.5992,156.1077,0,U,62003,999,706,0,-.348E-5,0
INTELSAT 33E DEB,2016-053W,2026-09-22T12:45:37.641024,1.02634265,.02071664,2.7338,110.4374,283.7350,74.4163,0,U,62004,999,721,0,-.26E-5,0
INTELSAT 33E DEB,2016-053X,2026-09-21T20:38:01.555008,1.04572647,.02732728,1.9619,93.2525,252.0704,105.5563,0,U,62005,999,732,0,-.79E-6,0
OPTUS-X (ADS-01),2024-212A,2026-09-23T11:56:40.258752,1.00272690,.00027369,0.0511,268.0675,273.5127,156.3624,0,U,62006,999,674,0,-.145E-5,0
FALCON 9 R/B,2024-212B,2026-09-23T13:41:12.846048,1.58993795,.78245741,18.6742,43.8697,140.2191,317.2842,0,U,62007,999,1068,.13016393E-2,.98E-6,0
GSAT-N2 (GSAT-20),2024-214A,2026-09-23T12:12:48.528864,1.00269089,.00008689,0.0233,110.6118,247.6567,255.3624,0,U,62028,999,688,0,-.21E-6,0
TJS-13,2024-227A,2026-09-19T14:36:41.232384,2.00626286,.69795213,63.8372,27.5816,269.4012,17.4561,0,U,62188,999,1314,0,.518E-5,0
PROBA-3 CSC,2024-233A,2026-09-18T16:18:44.866944,1.22078122,.7995376,59.8066,89.6973,208.1416,62.4365,0,U,62256,999,796,0,-.77E-6,0
PSLV R/B,2024-233B,2026-09-21T15:58:14.823840,1.20454119,.80106737,59.9273,90.5950,207.6460,63.3384,0,U,62257,999,789,0,.14E-6,0
PROBA-3 OSC,2024-233C,2026-09-20T07:37:38.008992,1.22078031,.7995376,59.8007,89.5587,208.1894,62.3311,0,U,62258,999,797,0,-.25E-6,0
SXM-9,2024-234A,2026-09-23T07:48:39.678336,1.00270836,.00042228,0.0103,224.9317,88.9716,80.2955,0,U,62259,999,655,0,-.207E-5,0
GAOFEN-13 01 DEB,2020-071C,2026-09-21T22:24:13.788288,1.00216946,.06072267,3.1562,79.3002,58.4292,307.7853,0,U,62337,999,719,0,-.388E-5,0
TJS-12,2024-246A,2026-09-23T13:11:30.380352,1.00274896,.00013126,0.4807,313.3968,168.3427,225.0380,0,U,62374,999,655,0,-.233E-5,0
ASTRANIS UTILITYSAT,2024-252A,2026-09-21T18:59:34.257408,1.00302930,.755296,9.1460,324.1815,263.6648,14.2900,0,U,62454,999,639,0,-.181E-5,0
NUVIEW ALPHA,2024-252B,2026-09-23T07:49:17.118048,1.00268939,.00007183,0.0270,60.0293,170.0965,166.2626,0,U,62455,999,480,0,0,0
AGILA,2024-252C,2026-09-23T11:47:25.937088,1.00271591,.0001373,0.0248,137.5203,63.8588,129.9948,0,U,62456,999,614,0,-.183E-5,0
NUVIEW BRAVO,2024-252D,2026-09-23T07:49:17.118048,1.00272306,.00017761,0.0631,161.9784,30.4089,204.0267,0,U,62457,999,477,0,-.217E-5,0
THURAYA-4,2025-001A,2026-09-23T11:50:53.951136,1.00273817,.00001598,0.0206,104.2415,13.4934,106.6515,0,U,62483,999,516,0,.137E-5,0
FALCON 9 R/B,2025-001B,2026-09-23T06:19:08.144544,1.41769959,.79610261,24.3549,190.5628,36.6028,357.0929,0,U,62484,999,889,.12155138E-2,.38E-6,0
SHIJIAN-25 (SJ-25),2025-002A,2026-09-22T18:21:34.603776,1.00270768,.0047052,5.3398,60.4898,179.8782,164.1485,0,U,62485,999,633,0,-.348E-5,0
BREEZE-M DEB,2008-003D,2026-09-23T09:05:30.711552,1.01931979,.08969529,11.4765,25.7225,184.4094,174.8460,0,U,62722,999,1377,0,-.229E-5,0
TJS-14,2025-017A,2026-09-23T15:26:10.644000,1.00272395,.0003409,0.5788,305.7341,321.7050,344.9969,0,U,62804,999,625,0,.113E-5,0
NVS-02 (IRNSS-1K),2025-020A,2026-09-23T05:11:24.195264,2.18086939,.73652287,20.3287,223.2311,214.0658,62.7364,0,U,62850,999,1312,.10135751E-3,.586E-5,0
SPAINSAT NG I,2025-021A,2026-09-23T11:46:31.868832,1.00269314,.00001185,0.0201,170.5301,326.9210,70.5077,0,U,62852,999,497,0,0,0
FALCON 9 R/B,2025-021B,2026-09-22T23:43:08.836608,1.11111212,.82776303,24.2956,245.1952,343.9505,0.4966,0,U,62853,999,667,.57592877E-3,-.107E-5,0
QZS-6 (MICHIBIKI-6),2025-023A,2026-09-23T08:38:42.379872,1.00273291,.00019782,0.0382,286.2770,263.2768,32.8933,0,U,62876,999,593,0,-.236E-5,0
ZHONGXING-10R,2025-036A,2026-09-23T12:41:33.387360,1.00272865,.00050131,0.0666,249.3939,292.0247,121.8997,0,U,63075,999,594,0,-.354E-5,0
TJS-15,2025-045A,2026-09-22T18:37:20.397792,1.00270678,.0000286,0.4531,84.6330,196.6415,88.4329,0,U,63157,999,573,0,-.22E-5,0
TIANLIAN 2-04,2025-062A,2026-09-23T14:35:38.949216,1.00271690,.0033177,4.1301,273.0817,7.9993,20.3012,0,U,63361,999,559,0,-.144E-5,0
TJS-16,2025-064A,2026-09-22T17:06:37.404288,1.00272356,.0001708,1.3419,80.6000,241.1355,97.2046,0,U,63397,999,536,0,-.106E-5,0
TJS-17,2025-073A,2026-09-22T18:12:01.240416,1.00272027,.0001453,1.3081,81.6317,172.9840,184.5265,0,U,63524,999,526,0,-.71E-6,0
TIANLIAN 2-05,2025-084A,2026-09-23T06:36:09.133344,1.00271730,.00010613,4.2111,278.7772,221.3826,341.4335,0,U,63662,999,536,0,.116E-5,0
TJS-19,2025-097A,2026-09-22T18:28:29.761824,1.00277209,.0006088,3.1334,319.1593,268.2708,192.4662,0,U,63924,999,512,0,-.28E-5,0
CHINASAT 3B,2025-106A,2026-09-23T03:52:47.298720,1.00270810,.00025677,0.0153,355.3517,200.6845,31.4910,0,U,64062,999,504,0,-.47E-6,0
SXM-10,2025-122A,2026-09-23T13:48:28.018656,1.00271536,.00013534,0.0268,54.6689,296.3652,102.3730,0,U,64290,999,466,0,-.19E-6,0
INTELSAT 33E DEB,2016-053Y,2026-09-23T01:39:46.581696,1.08361107,.06192983,1.5062,48.0504,337.4963,20.5283,0,U,64394,999,750,0,-.103E-5,0
INTELSAT 33E DEB,2016-053Z,2026-09-22T06:04:22.071936,0.99832198,.00564149,2.5961,107.2739,114.7164,246.3647,0,U,64395,999,689,0,.36E-6,0
INTELSAT 33E DEB,2016-053AA,2026-09-22T17:22:36.332832,0.98616781,.01210401,1.8270,81.2818,66.1903,295.8481,0,U,64396,999,694,0,-.18E-5,0
INTELSAT 33E DEB,2016-053AB,2026-09-22T16:18:38.260800,0.99474111,.00521813,1.7890,79.5920,96.6159,264.7631,0,U,64397,999,687,0,.7E-7,0
INTELSAT 33E DEB,2016-053AC,2026-09-22T01:37:08.169024,1.00976381,.00890631,1.6161,56.3004,334.7381,25.5574,0,U,64398,999,699,0,.106E-5,0
INTELSAT 33E DEB,2016-053AD,2026-09-18T07:26:38.692320,0.98815936,.0500484,1.8986,64.0300,49.7732,315.0204,0,U,64399,999,674,0,-.318E-5,0
INTELSAT 33E DEB,2016-053AE,2026-09-22T10:10:17.584032,1.03351482,.03722577,1.7279,79.4398,328.6988,29.8425,0,U,64400,999,716,0,-.202E-5,0
INTELSAT 33E DEB,2016-053AG,2026-09-22T12:37:03.411552,0.98353654,.01320486,1.7591,75.3688,105.5664,256.6972,0,U,64402,999,682,0,.9E-7,0
INTELSAT 33E DEB,2016-053AH,2026-09-22T20:43:34.010112,1.00721260,.00550991,1.6534,67.2784,351.1429,9.5671,0,U,64403,999,694,0,-.348E-5,0
INTELSAT 33E DEB,2016-053AJ,2026-09-22T19:33:49.437792,0.99876991,.01091026,1.6504,62.9684,33.2090,328.2623,0,U,64404,999,688,0,-.395E-5,0
INTELSAT 33E DEB,2016-053AK,2026-09-22T11:37:05.611872,0.99501464,.00796527,1.9738,90.0978,33.1107,328.0749,0,U,64405,999,687,0,-.106E-5,0
INTELSAT 33E DEB,2016-053AL,2026-09-08T14:46:57.205632,0.98886758,.01321996,1.6743,70.8331,50.6126,311.3761,0,U,64406,999,666,0,.17E-6,0
INTELSAT 33E DEB,2016-053AM,2026-09-22T09:08:09.300480,0.96112205,.03290645,1.7342,67.3393,111.4322,252.9391,0,U,64407,999,659,0,-.13E-5,0
INTELSAT 33E DEB,2016-053AN,2026-09-22T10:46:23.018592,1.03188267,.06386043,3.1808,85.0582,2.0124,358.6161,0,U,64408,999,708,0,-.211E-5,0
INTELSAT 33E DEB,2016-053AP,2026-09-22T16:46:25.645152,0.99472296,.00543076,1.7723,78.2567,83.5985,277.8098,0,U,64409,999,683,0,-.51E-6,0
INTELSAT 33E DEB,2016-053AQ,2026-09-22T22:49:34.538016,0.99985755,.00642199,1.6941,71.2839,11.2725,349.6805,0,U,64410,999,686,0,-.15E-5,0
INTELSAT 33E DEB,2016-053AR,2026-09-03T18:21:16.153056,1.00876855,.00919537,1.5826,60.9419,358.7781,1.8375,0,U,64411,999,673,0,.22E-6,0
COSMOS 2589,2025-131A,2026-09-22T14:24:27.290304,1.00573710,.0014925,0.1809,89.5070,339.5693,270.5299,0,U,64467,999,453,0,-.342E-5,0
CHINASAT 9C,2025-132A,2026-09-23T14:47:19.421664,1.00269948,.00033837,0.0546,252.7149,282.4793,141.3038,0,U,64470,999,513,0,-.248E-5,0
COSMOS 2590,2025-131D,2026-09-19T20:33:36.427104,1.00213713,.3639758,0.8298,82.6424,20.1422,287.0647,0,U,64527,999,455,0,-.172E-5,0
MTG-S1,2025-143A,2026-09-23T06:30:09.706752,1.00273559,.00037531,0.6183,342.2737,254.0644,223.0844,0,U,64723,999,440,0,-.8E-7,0
DROR 1,2025-148A,2026-09-23T06:29:09.803040,1.00273255,.00006395,0.0175,132.5896,95.4376,227.3814,0,U,64784,999,427,0,-.36E-6,0
NTS-3,2025-173A,2026-09-23T08:02:23.362368,1.00657497,.00013264,3.4799,70.6765,138.9969,236.3180,0,U,65160,999,102,0,-.202E-5,0
SHIYAN-29,2025-196A,2026-09-22T18:29:40.945920,1.00285637,.00159276,28.9241,17.3087,176.6624,180.0035,0,U,65486,999,385,0,-.263E-5,0
NUSANTARA LIMA (NUSANTARA 5),2025-205A,2026-09-23T10:27:46.919808,1.00268495,.00005668,0.0128,150.3400,95.0404,26.7005,0,U,65588,999,370,0,0,0
TJS-20,2025-238A,2026-09-23T05:05:17.846304,1.00271934,.0003287,5.2596,299.2144,242.7821,318.7697,0,U,66142,999,331,0,.17E-6,0
SPAINSAT NG II,2025-239A,2026-09-20T23:50:38.702400,0.96596587,.76484981,12.8031,212.9206,232.6075,31.1359,0,U,66144,999,326,0,.103E-5,0
CMS-03 (GSAT-7R),2025-249B,2026-09-23T13:58:39.713376,1.00272577,.00006593,0.0310,257.4541,258.7694,129.8702,0,U,66311,999,333,0,-.79E-6,0
VIASAT-3 F2,2025-261A,2026-09-22T23:17:13.384320,1.00269117,.00012284,0.0142,180.6773,80.0356,11.4337,0,U,66454,999,377,0,0,0
SHIJIAN-28 (SJ-28),2025-277A,2026-09-23T12:45:00.468288,1.00273051,.00012342,4.2928,270.6157,84.8737,315.0421,0,U,66549,999,314,0,-.369E-5,0
TJS-22,2025-290A,2026-09-23T01:17:38.866848,1.00273383,.00042951,1.2996,288.4269,323.3482,196.0364,0,U,66990,999,300,0,-.11E-6,0
TJS-23,2025-306A,2026-09-23T07:56:26.709216,1.00268714,.00041111,5.3716,297.0279,263.4107,96.3979,0,U,67226,999,287,0,.9E-7,0
CZ-5 R/B,2025-306B,2026-09-23T02:26:34.236096,1.93832257,.75355419,15.7862,206.5909,350.8229,0.6852,0,U,67227,999,537,.15314077E-2,.115E-4,0
FENGYUN 4C,2025-312A,2026-09-22T22:35:02.643648,1.00274087,.00005305,0.0180,351.9067,296.8096,184.8760,0,U,67246,999,285,0,-.325E-5,0
SHIJIAN-29A (SJ-29A),2025-315A,2026-09-23T15:24:56.577600,1.00269624,.00062065,3.6403,92.7281,75.2086,139.2395,0,U,67302,999,260,0,-.68E-6,0
SHIJIAN-29B (SJ-29B),2025-315C,2026-09-23T14:52:20.091936,1.00269681,.00070033,3.6392,92.7232,90.7624,115.5522,0,U,67403,999,267,0,-.69E-6,0
LUCH (OLYMP-K 1) DEB,2014-058D,2026-09-22T13:55:32.033568,0.98172064,.16477041,2.8121,88.5585,66.0751,310.8654,0,U,67745,999,230,0,-.28E-6,0
ELEKTRO-L 5,2026-028A,2026-09-22T18:49:10.509024,1.00269873,.00016332,0.0111,57.9183,113.9766,188.1078,0,U,67756,999,222,0,0,0
JAM-E JAM 1,2026-028B,2026-09-23T03:14:43.448640,1.00271295,.00002672,0.1537,7.2989,34.6172,42.6351,0,U,67757,999,210,0,.154E-5,0
ECHOSTAR 25,2026-045A,2026-09-23T05:21:54.394272,1.00272737,.00016714,0.0136,176.5093,355.4877,160.5869,0,U,68126,999,197,0,-.59E-6,0
MERIDIAN-M 21L,2026-071A,2026-09-22T21:54:34.115040,2.00607995,.71143515,62.8358,215.9284,285.4984,11.4434,0,U,68571,999,347,0,.103E-5,0
VIASAT-3 F3,2026-096A,2026-09-23T05:09:51.407712,1.00270989,.00003951,0.0146,216.2810,32.8851,348.9777,0,U,68893,999,159,0,-.125E-5,0
SMILE,2026-109A,2026-09-21T10:27:07.218144,0.47516760,.81599268,69.9966,206.2745,285.6346,5.6307,0,U,69123,999,40,0,.584E-5,0
TJS-24,2026-116A,2026-09-23T14:56:26.433024,1.00272749,.00014419,0.2552,88.2073,173.3838,55.3321,0,U,69235,999,121,0,-.233E-5,0
TJS-25,2026-129A,2026-09-22T21:28:43.010400,1.00271111,.00047788,5.8751,330.6326,278.3713,195.1841,0,U,69474,999,104,0,-.374E-5,0
SHIJIAN-31 (SJ-31),2026-136A,2026-09-23T07:06:35.121312,1.92227696,.69359312,63.4833,345.9745,172.0482,211.3555,0,U,69570,999,197,0,-.514E-5,0
TJS-26A,2026-144A,2026-09-23T12:40:12.350208,1.00270395,.00061661,6.8507,323.2066,338.1668,358.5951,0,U,69674,999,92,0,-.355E-5,0
SXM-11,2026-148A,2026-09-23T13:54:43.658208,1.00267848,.00004307,0.0238,151.4735,94.7748,209.5441,0,U,69728,999,102,0,0,0
UNKNOWN,,2026-09-23T04:46:34.640256,0.99117219,.0124557,5.4920,288.2534,259.4409,243.5755,0,U,83903,999,4648,0,-.199E-5,0
UNKNOWN,,2026-09-22T23:34:04.266912,1.02661406,.0236661,5.1526,295.8345,278.2754,119.1585,0,U,83934,999,4820,0,-.26E-6,0
UNKNOWN,,2026-09-21T19:22:38.735328,2.05837669,.7240342,18.6790,237.8516,216.8423,59.6797,0,U,84407,999,8170,-.13873E-1,-.294E-5,0
UNKNOWN,,2026-09-22T08:09:47.190528,2.19915006,.713172,18.6855,62.5030,197.2475,112.9008,0,U,84575,999,7170,.9634E-2,.246E-5,0
OBJECT A,2026-167A,2026-09-21T10:57:08.061984,1.60353506,.74732933,23.0288,82.9931,207.1903,76.5555,0,U,100125,999,106,0,-.23E-6,0
OBJECT B,2026-167B,2026-09-20T20:08:28.760928,1.71969182,.75938297,24.7242,83.9086,206.8929,74.7880,0,U,100126,999,106,-.78772018E-3,-.49E-6,0
OBJECT C,2026-167C,2026-09-22T13:36:36.488736,1.68250806,.75549663,23.8405,82.4106,208.6949,71.0359,0,U,100127,999,110,-.26877434E-1,-.224E-5,0
OBJECT D,2026-167D,2026-09-22T12:48:29.623680,1.68204816,.75520819,24.1802,82.8815,208.0917,72.6015,0,U,100128,999,111,-.50599428E-1,-.4E-5,0
TIANLIAN 2-06,2026-169A,2026-09-23T07:00:01.816416,1.00271589,.00041715,2.8864,298.3676,347.8333,11.8467,0,U,100140,999,63,0,.101E-5,0
TIANLIAN 3-01,2026-172A,2026-09-23T15:30:24.480288,1.00274382,.00007287,0.0847,24.4237,149.9457,155.0078,0,U,100172,999,56,0,-.266E-5,0
QZS-7 (MICHIBIKI-7),2026-182A,2026-09-23T12:47:50.525952,1.00292788,.00746143,2.9229,301.1577,358.6547,79.6561,0,U,100270,999,48,0,.77E-6,0
INTELSAT 805 DEB,1998-037C,2026-09-23T02:27:46.955520,0.99660832,.00474199,8.1651,64.3980,206.8829,153.0327,0,U,100395,999,56,0,.63E-6,0
INTELSAT 805 DEB,1998-037F,2026-09-23T08:04:23.236320,0.99236119,.00344736,8.1368,64.5821,211.0997,148.8605,0,U,100398,999,52,0,-.196E-5,0
MTG-I2,2026-198A,2026-09-23T04:48:41.936832,1.00272308,.00002864,0.9815,302.7154,205.9524,289.0631,0,U,100530,999,31,0,.19E-6,0
NGRST,2026-199A,2026-08-30T12:31:50.423232,0.01136611,.992129,33.6394,13.3155,147.2660,0.1139,0,U,100532,999,0,0,0,0
FALCON HEAVY R/B,2026-199B,2026-08-30T11:52:22.729728,0.01772252,.98943,33.6200,11.9100,147.3000,0.0043,0,U,100533,999,1,0,0,0
EOS-05 (GISAT-1A),2026-202A,2026-09-21T10:24:15.876576,1.01070634,.00749531,3.5201,252.3088,173.4277,169.6090,0,U,100607,999,24,0,-.272E-5,0
INTELSAT 805 DEB,1998-037J,2026-09-22T21:08:19.205376,1.00047005,.00589962,7.9575,65.3531,135.9678,224.6724,0,U,100646,999,51,0,-.309E-5,0
INTELSAT 805 DEB,1998-037M,2026-09-16T01:35:45.984480,1.01861075,.04209633,8.3245,63.8338,182.6910,177.2123,0,U,100649,999,45,0,-.114E-5,0
INTELSAT 805 DEB,1998-037N,2026-09-22T02:06:57.502656,1.01517753,.01530049,8.3298,63.7393,150.0250,211.0148,0,U,100650,999,48,0,.42E-6,0
UNKNOWN,,2026-09-17T22:12:25.009344,2.08559196,.73794425,59.9967,166.2826,85.0665,347.5589,0,U,270298,999,1747,.55087696E-2,.2493E-4,0
UNKNOWN,,2026-09-21T23:18:05.086944,2.10682358,.7318995,60.1210,190.0699,84.3335,347.3285,0,U,270353,999,3318,.25111475E-2,.822E-5,0
UNKNOWN,,2026-09-21T23:35:14.298432,2.04813802,.7374023,60.0102,205.5027,76.4589,349.6284,0,U,270354,999,3263,.24816478E-2,.1384E-4,0
UNKNOWN,,2026-09-12T10:37:08.588064,2.13304894,.74417611,62.0284,49.1799,56.7010,353.5648,0,U,270358,999,3182,.60577341E-3,.89923E-3,-.741016E-6
UNKNOWN,,2026-09-21T06:09:23.045472,2.21110395,.72831238,60.1921,160.0214,88.9182,345.7400,0,U,270360,999,1842,.62292944E-2,.2986E-4,0
